{
	"format_version": "1.21.6",
	"credit": "Made with Blockbench",
	"texture_size": [64, 64],
	"textures": {
		"0": "genesisforms:block/max_mushrooms"
	},
	"elements": [
		{
			"from": [5.15, 0.05, 5.15],
			"to": [10.85, 3.75, 10.85],
			"rotation": {"angle": 0, "axis": "y", "origin": [8, 1.9, 8]},
			"faces": {
				"north": {"uv": [2, 5.5, 3.75, 6.75], "texture": "#0"},
				"east": {"uv": [0.25, 5.5, 2, 6.75], "texture": "#0"},
				"south": {"uv": [5.5, 5.5, 7.25, 6.75], "texture": "#0"},
				"west": {"uv": [3.75, 5.5, 5.5, 6.75], "texture": "#0"},
				"up": {"uv": [3.75, 5.5, 2, 3.75], "texture": "#0"},
				"down": {"uv": [5.5, 3.75, 3.75, 5.5], "texture": "#0"}
			}
		},
		{
			"from": [5.7, 3.675, 5.7],
			"to": [10.3, 9.275, 10.3],
			"rotation": {"angle": 0, "axis": "y", "origin": [8, 6.475, 8]},
			"faces": {
				"north": {"uv": [1.5, 8.5, 3, 10.25], "texture": "#0"},
				"east": {"uv": [0, 8.5, 1.5, 10.25], "texture": "#0"},
				"south": {"uv": [4.5, 8.5, 6, 10.25], "texture": "#0"},
				"west": {"uv": [3, 8.5, 4.5, 10.25], "texture": "#0"},
				"up": {"uv": [3, 8.5, 1.5, 7], "texture": "#0"},
				"down": {"uv": [4.5, 7, 3, 8.5], "texture": "#0"}
			}
		},
		{
			"from": [3.2, 9.00825, 3.3282],
			"to": [12.8, 10.60825, 12.9282],
			"rotation": {"angle": 0, "axis": "x", "origin": [8, 9.80825, 8.1282]},
			"faces": {
				"north": {"uv": [2.75, 2.75, 5.5, 3.5], "texture": "#0"},
				"east": {"uv": [0, 2.75, 2.75, 3.5], "texture": "#0"},
				"south": {"uv": [8.25, 2.75, 11, 3.5], "texture": "#0"},
				"west": {"uv": [5.5, 2.75, 8.25, 3.5], "texture": "#0"},
				"up": {"uv": [5.5, 2.75, 2.75, 0], "texture": "#0"},
				"down": {"uv": [8.25, 0, 5.5, 2.75], "texture": "#0"}
			}
		},
		{
			"from": [10.62224, 0.96115, 5.41004],
			"to": [12.22224, 5.56115, 7.01004],
			"rotation": {"angle": -45, "axis": "z", "origin": [11.42224, 3.26115, 6.21004]},
			"faces": {
				"north": {"uv": [6.75, 9.5, 7.5, 11], "texture": "#0"},
				"east": {"uv": [6, 9.5, 6.75, 11], "texture": "#0"},
				"south": {"uv": [8.25, 9.5, 9, 11], "texture": "#0"},
				"west": {"uv": [7.5, 9.5, 8.25, 11], "texture": "#0"},
				"up": {"uv": [7.5, 9.5, 6.75, 8.75], "texture": "#0"},
				"down": {"uv": [8.25, 8.75, 7.5, 9.5], "texture": "#0"}
			}
		},
		{
			"from": [11.07269, 4.53889, 4.15554],
			"to": [14.87269, 5.33889, 7.95554],
			"rotation": {"angle": -22.5, "axis": "z", "origin": [12.97269, 4.93889, 6.05554]},
			"faces": {
				"north": {"uv": [7.25, 8.25, 8.5, 8.75], "texture": "#0"},
				"east": {"uv": [6, 8.25, 7.25, 8.75], "texture": "#0"},
				"south": {"uv": [9.75, 8.25, 11, 8.75], "texture": "#0"},
				"west": {"uv": [8.5, 8.25, 9.75, 8.75], "texture": "#0"},
				"up": {"uv": [8.5, 8.25, 7.25, 7], "texture": "#0"},
				"down": {"uv": [9.75, 7, 8.5, 8.25], "texture": "#0"}
			}
		},
		{
			"from": [3.7236, 1.11284, 9.04603],
			"to": [5.1236, 4.51284, 10.44603],
			"rotation": {"angle": 45, "axis": "z", "origin": [4.4236, 2.81284, 9.74603]},
			"faces": {
				"north": {"uv": [9.75, 9.5, 10.5, 10.75], "texture": "#0"},
				"east": {"uv": [9, 9.5, 9.75, 10.75], "texture": "#0"},
				"south": {"uv": [11.25, 9.5, 12, 10.75], "texture": "#0"},
				"west": {"uv": [10.5, 9.5, 11.25, 10.75], "texture": "#0"},
				"up": {"uv": [10.5, 9.5, 9.75, 8.75], "texture": "#0"},
				"down": {"uv": [11.25, 8.75, 10.5, 9.5], "texture": "#0"}
			}
		},
		{
			"from": [1.42308, 3.7567, 8.04548],
			"to": [5.02308, 4.3567, 11.64548],
			"rotation": {"angle": 22.5, "axis": "z", "origin": [3.22308, 4.0567, 9.84548]},
			"faces": {
				"north": {"uv": [9.25, 4.75, 10.5, 5.25], "texture": "#0"},
				"east": {"uv": [8, 4.75, 9.25, 5.25], "texture": "#0"},
				"south": {"uv": [11.75, 4.75, 13, 5.25], "texture": "#0"},
				"west": {"uv": [10.5, 4.75, 11.75, 5.25], "texture": "#0"},
				"up": {"uv": [10.5, 4.75, 9.25, 3.5], "texture": "#0"},
				"down": {"uv": [11.75, 3.5, 10.5, 4.75], "texture": "#0"}
			}
		}
	],
	"display": {}
}