{
    "credit": "Erocavontic",
    "texture_size": [
        32,
        32
    ],
    "textures": {
        "0": "item/beach_set/axe",
        "particle": "item/beach_set/axe"
    },
    "elements": [
        {
            "from": [
                7.5,
                2,
                7.5
            ],
            "to": [
                8.5,
                15,
                8.5
            ],
            "faces": {
                "north": {
                    "uv": [
                        0.5,
                        0.0,
                        1.0,
                        6.5
                    ],
                    "texture": "#0"
                },
                "east": {
                    "uv": [
                        0.0,
                        0.0,
                        0.5,
                        6.5
                    ],
                    "texture": "#0"
                },
                "south": {
                    "uv": [
                        1.5,
                        0.0,
                        2.0,
                        6.5
                    ],
                    "texture": "#0"
                },
                "west": {
                    "uv": [
                        1.0,
                        0.0,
                        1.5,
                        6.5
                    ],
                    "texture": "#0"
                }
            },
            "rotation": {
                "angle": 0,
                "axis": "y",
                "origin": [
                    7.5,
                    2,
                    7.5
                ]
            }
        },
        {
            "from": [
                6.475,
                15,
                7
            ],
            "to": [
                9.525,
                18,
                9
            ],
            "faces": {
                "north": {
                    "uv": [
                        2.0,
                        1.0,
                        3.5,
                        2.5
                    ],
                    "texture": "#0"
                },
                "east": {
                    "uv": [
                        2.0,
                        2.5,
                        3.0,
                        4.0
                    ],
                    "texture": "#0"
                },
                "south": {
                    "uv": [
                        3.5,
                        1.0,
                        5.0,
                        2.5
                    ],
                    "texture": "#0"
                },
                "west": {
                    "uv": [
                        3.0,
                        2.5,
                        4.0,
                        4.0
                    ],
                    "texture": "#0"
                },
                "up": {
                    "uv": [
                        3.5,
                        1.0,
                        2.0,
                        0.0
                    ],
                    "texture": "#0"
                },
                "down": {
                    "uv": [
                        5.0,
                        0.0,
                        3.5,
                        1.0
                    ],
                    "texture": "#0"
                }
            },
            "rotation": {
                "angle": 0,
                "axis": "y",
                "origin": [
                    7.5,
                    14,
                    7
                ]
            }
        },
        {
            "from": [
                5.975,
                14.5,
                7.374999999999999
            ],
            "to": [
                10.025,
                18.5,
                8.625
            ],
            "faces": {
                "north": {
                    "uv": [
                        5.0,
                        4.5,
                        7.0,
                        6.5
                    ],
                    "texture": "#0"
                },
                "south": {
                    "uv": [
                        5.0,
                        4.5,
                        7.0,
                        6.5
                    ],
                    "texture": "#0"
                }
            },
            "rotation": {
                "angle": 0,
                "axis": "y",
                "origin": [
                    8,
                    16.5,
                    8
                ]
            }
        },
        {
            "from": [
                5.475,
                14,
                7.374999999999999
            ],
            "to": [
                10.525,
                19,
                8.625
            ],
            "faces": {
                "north": {
                    "uv": [
                        5.0,
                        2.0,
                        7.5,
                        4.5
                    ],
                    "texture": "#0"
                },
                "south": {
                    "uv": [
                        5.0,
                        2.0,
                        7.5,
                        4.5
                    ],
                    "texture": "#0"
                }
            },
            "rotation": {
                "angle": 0,
                "axis": "y",
                "origin": [
                    7.5,
                    16,
                    8
                ]
            }
        },
        {
            "from": [
                7.4,
                3,
                7.4
            ],
            "to": [
                8.6,
                5,
                8.6
            ],
            "faces": {
                "north": {
                    "uv": [
                        2.0,
                        4.0,
                        2.5,
                        5.0
                    ],
                    "texture": "#0"
                },
                "east": {
                    "uv": [
                        2.5,
                        4.0,
                        3.0,
                        5.0
                    ],
                    "texture": "#0"
                },
                "south": {
                    "uv": [
                        3.0,
                        4.0,
                        3.5,
                        5.0
                    ],
                    "texture": "#0"
                },
                "west": {
                    "uv": [
                        3.5,
                        4.0,
                        4.0,
                        5.0
                    ],
                    "texture": "#0"
                },
                "up": {
                    "uv": [
                        4.0,
                        4.0,
                        4.5,
                        4.5
                    ],
                    "texture": "#0"
                },
                "down": {
                    "uv": [
                        4.0,
                        4.5,
                        4.5,
                        5.0
                    ],
                    "texture": "#0"
                }
            },
            "rotation": {
                "angle": 0,
                "axis": "y",
                "origin": [
                    8,
                    4,
                    8
                ]
            }
        },
        {
            "from": [
                7,
                0,
                7
            ],
            "to": [
                9,
                2,
                9
            ],
            "faces": {
                "north": {
                    "uv": [
                        6.0,
                        0.0,
                        7.0,
                        1.0
                    ],
                    "texture": "#0"
                },
                "east": {
                    "uv": [
                        5.0,
                        0.0,
                        6.0,
                        1.0
                    ],
                    "texture": "#0"
                },
                "south": {
                    "uv": [
                        5.0,
                        1.0,
                        6.0,
                        2.0
                    ],
                    "texture": "#0"
                },
                "west": {
                    "uv": [
                        7.0,
                        0.0,
                        8.0,
                        1.0
                    ],
                    "texture": "#0"
                },
                "up": {
                    "uv": [
                        7.0,
                        2.0,
                        6.0,
                        1.0
                    ],
                    "texture": "#0"
                },
                "down": {
                    "uv": [
                        8.0,
                        1.0,
                        7.0,
                        2.0
                    ],
                    "texture": "#0"
                }
            },
            "rotation": {
                "angle": 0,
                "axis": "y",
                "origin": [
                    7,
                    0,
                    7
                ]
            }
        },
        {
            "from": [
                8.5,
                14,
                7.525
            ],
            "to": [
                12.5,
                19,
                8.475
            ],
            "faces": {
                "north": {
                    "uv": [
                        0.0,
                        8.5,
                        2.0,
                        11.0
                    ],
                    "texture": "#0"
                },
                "south": {
                    "uv": [
                        2.0,
                        8.5,
                        4.0,
                        11.0
                    ],
                    "texture": "#0"
                },
                "west": {
                    "uv": [
                        4.0,
                        8.5,
                        4.5,
                        11.0
                    ],
                    "texture": "#0"
                },
                "up": {
                    "uv": [
                        3.0,
                        7.5,
                        5.0,
                        8.0
                    ],
                    "texture": "#0"
                },
                "down": {
                    "uv": [
                        3.0,
                        8.0,
                        5.0,
                        8.5
                    ],
                    "texture": "#0"
                }
            },
            "rotation": {
                "angle": 0,
                "axis": "y",
                "origin": [
                    8.5,
                    16.5,
                    8
                ]
            }
        },
        {
            "from": [
                4.5,
                14.5,
                7.5
            ],
            "to": [
                6.5,
                18.5,
                8.5
            ],
            "faces": {
                "north": {
                    "uv": [
                        0.0,
                        6.5,
                        1.0,
                        8.5
                    ],
                    "texture": "#0"
                },
                "east": {
                    "uv": [
                        1.0,
                        6.5,
                        1.5,
                        8.5
                    ],
                    "texture": "#0"
                },
                "south": {
                    "uv": [
                        1.5,
                        6.5,
                        2.5,
                        8.5
                    ],
                    "texture": "#0"
                },
                "west": {
                    "uv": [
                        2.5,
                        6.5,
                        3.0,
                        8.5
                    ],
                    "texture": "#0"
                },
                "up": {
                    "uv": [
                        3.0,
                        6.5,
                        4.0,
                        7.0
                    ],
                    "texture": "#0"
                },
                "down": {
                    "uv": [
                        3.0,
                        7.0,
                        4.0,
                        7.5
                    ],
                    "texture": "#0"
                }
            },
            "rotation": {
                "angle": 0,
                "axis": "y",
                "origin": [
                    2.5,
                    14.5,
                    7.5
                ]
            }
        },
        {
            "from": [
                13.034924367342516,
                17.310753602758535,
                7.5
            ],
            "to": [
                15.034924367342516,
                20.210753602758533,
                8.5
            ],
            "faces": {
                "north": {
                    "uv": [
                        4.5,
                        8.5,
                        5.5,
                        10.0
                    ],
                    "texture": "#0"
                },
                "east": {
                    "uv": [
                        5.5,
                        8.5,
                        6.0,
                        10.0
                    ],
                    "texture": "#0"
                },
                "south": {
                    "uv": [
                        6.0,
                        8.5,
                        7.0,
                        10.0
                    ],
                    "texture": "#0"
                },
                "up": {
                    "uv": [
                        4.0,
                        6.5,
                        5.0,
                        7.0
                    ],
                    "texture": "#0"
                }
            },
            "rotation": {
                "angle": 22.5,
                "axis": "z",
                "origin": [
                    13.034924367342516,
                    16.310753602758535,
                    8
                ]
            }
        },
        {
            "from": [
                12.5,
                14,
                7.525
            ],
            "to": [
                14.5,
                19,
                8.475
            ],
            "faces": {
                "north": {
                    "uv": [
                        0.0,
                        11.0,
                        1.0,
                        13.5
                    ],
                    "texture": "#0"
                },
                "east": {
                    "uv": [
                        1.0,
                        11.0,
                        1.5,
                        13.5
                    ],
                    "texture": "#0"
                },
                "south": {
                    "uv": [
                        1.5,
                        11.0,
                        2.5,
                        13.5
                    ],
                    "texture": "#0"
                },
                "up": {
                    "uv": [
                        0.0,
                        0.0,
                        1.0,
                        0.5
                    ],
                    "texture": "#0"
                },
                "down": {
                    "uv": [
                        0.0,
                        0.0,
                        1.0,
                        0.5
                    ],
                    "texture": "#0"
                }
            },
            "rotation": {
                "angle": 0,
                "axis": "y",
                "origin": [
                    12.5,
                    16.5,
                    8
                ]
            }
        },
        {
            "from": [
                10.5,
                19,
                7.525
            ],
            "to": [
                12.5,
                20,
                8.475
            ],
            "faces": {
                "north": {
                    "uv": [
                        5.0,
                        8.0,
                        6.0,
                        8.5
                    ],
                    "texture": "#0"
                },
                "south": {
                    "uv": [
                        5.0,
                        7.5,
                        6.0,
                        8.0
                    ],
                    "texture": "#0"
                },
                "west": {
                    "uv": [
                        5.0,
                        6.5,
                        5.5,
                        7.0
                    ],
                    "texture": "#0"
                },
                "up": {
                    "uv": [
                        5.0,
                        7.0,
                        6.0,
                        7.5
                    ],
                    "texture": "#0"
                }
            },
            "rotation": {
                "angle": 0,
                "axis": "y",
                "origin": [
                    11.5,
                    19,
                    8
                ]
            }
        },
        {
            "from": [
                13.034924367342516,
                12.789246397241465,
                7.5
            ],
            "to": [
                15.034924367342516,
                15.689246397241465,
                8.5
            ],
            "faces": {
                "north": {
                    "uv": [
                        4.5,
                        10.0,
                        5.5,
                        8.5
                    ],
                    "texture": "#0"
                },
                "east": {
                    "uv": [
                        5.5,
                        10.0,
                        6.0,
                        8.5
                    ],
                    "texture": "#0"
                },
                "south": {
                    "uv": [
                        6.0,
                        10.0,
                        7.0,
                        8.5
                    ],
                    "texture": "#0"
                },
                "down": {
                    "uv": [
                        4.0,
                        7.0,
                        5.0,
                        6.5
                    ],
                    "texture": "#0"
                }
            },
            "rotation": {
                "angle": -22.5,
                "axis": "z",
                "origin": [
                    13.034924367342516,
                    16.689246397241465,
                    8
                ]
            }
        },
        {
            "from": [
                10.5,
                13,
                7.525
            ],
            "to": [
                12.5,
                14,
                8.475
            ],
            "faces": {
                "north": {
                    "uv": [
                        5.0,
                        8.0,
                        6.0,
                        8.5
                    ],
                    "texture": "#0"
                },
                "south": {
                    "uv": [
                        5.0,
                        7.5,
                        6.0,
                        8.0
                    ],
                    "texture": "#0"
                },
                "west": {
                    "uv": [
                        5.0,
                        7.0,
                        5.5,
                        6.5
                    ],
                    "texture": "#0"
                },
                "down": {
                    "uv": [
                        5.0,
                        7.0,
                        6.0,
                        7.5
                    ],
                    "texture": "#0"
                }
            },
            "rotation": {
                "angle": 0,
                "axis": "y",
                "origin": [
                    11.5,
                    14,
                    8
                ]
            }
        }
    ],
    "gui_light": "front",
    "display": {
        "thirdperson_righthand": {
            "rotation": [
                0,
                90,
                0
            ],
            "translation": [
                0,
                -0.25,
                0.75
            ]
        },
        "thirdperson_lefthand": {
            "rotation": [
                0,
                -90,
                0
            ],
            "translation": [
                0,
                -0.25,
                0.75
            ]
        },
        "firstperson_righthand": {
            "rotation": [
                0,
                90,
                18
            ],
            "translation": [
                0.5,
                0.5,
                0
            ],
            "scale": [
                0.7,
                0.7,
                0.7
            ]
        },
        "firstperson_lefthand": {
            "rotation": [
                0,
                -90,
                -18
            ],
            "translation": [
                0.5,
                0.5,
                0
            ],
            "scale": [
                0.7,
                0.7,
                0.7
            ]
        },
        "ground": {
            "translation": [
                0,
                2.5,
                0
            ],
            "scale": [
                0.8,
                0.8,
                0.8
            ]
        },
        "gui": {
            "rotation": [
                0,
                180,
                45
            ],
            "translation": [
                -1,
                -2.25,
                0.5
            ],
            "scale": [
                0.75,
                0.75,
                0.75
            ]
        },
        "head": {
            "scale": [
                0,
                0,
                0
            ]
        },
        "fixed": {
            "rotation": [
                0,
                0,
                45
            ],
            "translation": [
                2,
                -2.5,
                0.5
            ],
            "scale": [
                0.9,
                0.9,
                0.9
            ]
        }
    },
    "USER": "{{USER}}",
    "NONCE": "{{NONCE}}",
    "TIMESTAMP": "{{TIMESTAMP}}",
    "RESOURCE": "{{RESOURCE}}",
    "MCMODELS": "{{MCMODELS}}"
}