{
    "credit": "Erocavontic",
    "texture_size": [
        32,
        32
    ],
    "textures": {
        "0": "item/beach_set/bow",
        "particle": "item/beach_set/bow"
    },
    "elements": [
        {
            "from": [
                7.5,
                5,
                3.5
            ],
            "to": [
                8.5,
                10,
                4.5
            ],
            "rotation": {
                "angle": 0,
                "axis": "y",
                "origin": [
                    8.5,
                    2,
                    4.5
                ]
            },
            "faces": {
                "north": {
                    "uv": [
                        0.5,
                        0,
                        0,
                        2.5
                    ],
                    "texture": "#0"
                },
                "east": {
                    "uv": [
                        1,
                        0,
                        0.5,
                        2.5
                    ],
                    "texture": "#0"
                },
                "south": {
                    "uv": [
                        1.5,
                        0,
                        1,
                        2.5
                    ],
                    "texture": "#0"
                },
                "west": {
                    "uv": [
                        2,
                        0,
                        1.5,
                        2.5
                    ],
                    "texture": "#0"
                }
            }
        },
        {
            "from": [
                7,
                10.5,
                2.475
            ],
            "to": [
                9,
                13.5,
                5.525
            ],
            "rotation": {
                "angle": 0,
                "axis": "y",
                "origin": [
                    8,
                    12,
                    4
                ]
            },
            "faces": {
                "north": {
                    "uv": [
                        3,
                        2.5,
                        2,
                        4
                    ],
                    "texture": "#0"
                },
                "east": {
                    "uv": [
                        3.5,
                        1,
                        2,
                        2.5
                    ],
                    "texture": "#0"
                },
                "south": {
                    "uv": [
                        4,
                        2.5,
                        3,
                        4
                    ],
                    "texture": "#0"
                },
                "west": {
                    "uv": [
                        5,
                        1,
                        3.5,
                        2.5
                    ],
                    "texture": "#0"
                },
                "up": {
                    "uv": [
                        2,
                        1,
                        3.5,
                        0
                    ],
                    "rotation": 90,
                    "texture": "#0"
                },
                "down": {
                    "uv": [
                        3.5,
                        0,
                        5,
                        1
                    ],
                    "rotation": 270,
                    "texture": "#0"
                }
            }
        },
        {
            "from": [
                7.375,
                10,
                1.975
            ],
            "to": [
                8.625,
                14,
                6.025
            ],
            "rotation": {
                "angle": 0,
                "axis": "y",
                "origin": [
                    8,
                    12,
                    4
                ]
            },
            "faces": {
                "east": {
                    "uv": [
                        7,
                        4.5,
                        5,
                        6.5
                    ],
                    "texture": "#0"
                },
                "west": {
                    "uv": [
                        7,
                        4.5,
                        5,
                        6.5
                    ],
                    "texture": "#0"
                }
            }
        },
        {
            "from": [
                7.375,
                9.5,
                1.475
            ],
            "to": [
                8.625,
                14.5,
                6.525
            ],
            "rotation": {
                "angle": 0,
                "axis": "y",
                "origin": [
                    8,
                    12,
                    4
                ]
            },
            "faces": {
                "east": {
                    "uv": [
                        7.5,
                        2,
                        5,
                        4.5
                    ],
                    "texture": "#0"
                },
                "west": {
                    "uv": [
                        7.5,
                        2,
                        5,
                        4.5
                    ],
                    "texture": "#0"
                }
            }
        },
        {
            "from": [
                7,
                2.5,
                3
            ],
            "to": [
                9,
                4.5,
                5
            ],
            "rotation": {
                "angle": 0,
                "axis": "y",
                "origin": [
                    9,
                    2.5,
                    5
                ]
            },
            "faces": {
                "north": {
                    "uv": [
                        6,
                        0,
                        5,
                        1
                    ],
                    "texture": "#0"
                },
                "east": {
                    "uv": [
                        7,
                        0,
                        6,
                        1
                    ],
                    "texture": "#0"
                },
                "south": {
                    "uv": [
                        8,
                        0,
                        7,
                        1
                    ],
                    "texture": "#0"
                },
                "west": {
                    "uv": [
                        6,
                        1,
                        5,
                        2
                    ],
                    "texture": "#0"
                },
                "up": {
                    "uv": [
                        6,
                        2,
                        7,
                        1
                    ],
                    "rotation": 90,
                    "texture": "#0"
                },
                "down": {
                    "uv": [
                        7,
                        1,
                        8,
                        2
                    ],
                    "rotation": 270,
                    "texture": "#0"
                }
            }
        },
        {
            "from": [
                7.4,
                3,
                3.4
            ],
            "to": [
                8.6,
                5,
                4.6
            ],
            "rotation": {
                "angle": 0,
                "axis": "y",
                "origin": [
                    8,
                    4,
                    4
                ]
            },
            "faces": {
                "north": {
                    "uv": [
                        3,
                        4,
                        2.5,
                        5
                    ],
                    "texture": "#0"
                },
                "east": {
                    "uv": [
                        2.5,
                        4,
                        2,
                        5
                    ],
                    "texture": "#0"
                },
                "south": {
                    "uv": [
                        4,
                        4,
                        3.5,
                        5
                    ],
                    "texture": "#0"
                },
                "west": {
                    "uv": [
                        3.5,
                        4,
                        3,
                        5
                    ],
                    "texture": "#0"
                },
                "up": {
                    "uv": [
                        4.5,
                        4,
                        4,
                        4.5
                    ],
                    "rotation": 90,
                    "texture": "#0"
                },
                "down": {
                    "uv": [
                        4.5,
                        4.5,
                        4,
                        5
                    ],
                    "rotation": 270,
                    "texture": "#0"
                }
            }
        },
        {
            "from": [
                7.4,
                10,
                3.4
            ],
            "to": [
                8.6,
                12,
                4.6
            ],
            "rotation": {
                "angle": 0,
                "axis": "y",
                "origin": [
                    8,
                    11,
                    4
                ]
            },
            "faces": {
                "north": {
                    "uv": [
                        3,
                        5,
                        2.5,
                        4
                    ],
                    "texture": "#0"
                },
                "east": {
                    "uv": [
                        2.5,
                        5,
                        2,
                        4
                    ],
                    "texture": "#0"
                },
                "south": {
                    "uv": [
                        4,
                        5,
                        3.5,
                        4
                    ],
                    "texture": "#0"
                },
                "west": {
                    "uv": [
                        3.5,
                        5,
                        3,
                        4
                    ],
                    "texture": "#0"
                },
                "up": {
                    "uv": [
                        4.5,
                        5,
                        4,
                        4.5
                    ],
                    "rotation": 90,
                    "texture": "#0"
                },
                "down": {
                    "uv": [
                        4.5,
                        4.5,
                        4,
                        4
                    ],
                    "rotation": 270,
                    "texture": "#0"
                }
            }
        },
        {
            "from": [
                7.5,
                13,
                3.5
            ],
            "to": [
                8.5,
                20,
                4.5
            ],
            "rotation": {
                "angle": 45,
                "axis": "x",
                "origin": [
                    8,
                    13,
                    3.5
                ]
            },
            "faces": {
                "north": {
                    "uv": [
                        0.5,
                        2.5,
                        0,
                        6
                    ],
                    "texture": "#0"
                },
                "east": {
                    "uv": [
                        1,
                        2.5,
                        0.5,
                        6
                    ],
                    "texture": "#0"
                },
                "south": {
                    "uv": [
                        1.5,
                        2.5,
                        1,
                        6
                    ],
                    "texture": "#0"
                },
                "west": {
                    "uv": [
                        2,
                        2.5,
                        1.5,
                        6
                    ],
                    "texture": "#0"
                }
            }
        },
        {
            "from": [
                7.35,
                16.5,
                8
            ],
            "to": [
                8.65,
                18.5,
                10
            ],
            "rotation": {
                "angle": -22.5,
                "axis": "x",
                "origin": [
                    8,
                    17.5,
                    8
                ]
            },
            "faces": {
                "north": {
                    "uv": [
                        9,
                        1,
                        10,
                        0
                    ],
                    "rotation": 270,
                    "texture": "#0"
                },
                "east": {
                    "uv": [
                        8,
                        1,
                        9,
                        0
                    ],
                    "rotation": 90,
                    "texture": "#0"
                },
                "south": {
                    "uv": [
                        9,
                        2,
                        10,
                        1
                    ],
                    "rotation": 270,
                    "texture": "#0"
                },
                "west": {
                    "uv": [
                        8,
                        2,
                        9,
                        1
                    ],
                    "rotation": 270,
                    "texture": "#0"
                },
                "up": {
                    "uv": [
                        8,
                        3,
                        9,
                        2
                    ],
                    "texture": "#0"
                },
                "down": {
                    "uv": [
                        9,
                        3,
                        10,
                        2
                    ],
                    "rotation": 180,
                    "texture": "#0"
                }
            }
        },
        {
            "from": [
                7.5,
                -4,
                3.5
            ],
            "to": [
                8.5,
                3,
                4.5
            ],
            "rotation": {
                "angle": -45,
                "axis": "x",
                "origin": [
                    8,
                    3,
                    3.5
                ]
            },
            "faces": {
                "north": {
                    "uv": [
                        0.5,
                        6,
                        0,
                        2.5
                    ],
                    "texture": "#0"
                },
                "east": {
                    "uv": [
                        1,
                        6,
                        0.5,
                        2.5
                    ],
                    "texture": "#0"
                },
                "south": {
                    "uv": [
                        1.5,
                        6,
                        1,
                        2.5
                    ],
                    "texture": "#0"
                },
                "west": {
                    "uv": [
                        2,
                        6,
                        1.5,
                        2.5
                    ],
                    "texture": "#0"
                }
            }
        },
        {
            "from": [
                7.35,
                -2.5,
                8
            ],
            "to": [
                8.65,
                -0.5,
                10
            ],
            "rotation": {
                "angle": 22.5,
                "axis": "x",
                "origin": [
                    8,
                    -1.5,
                    8
                ]
            },
            "faces": {
                "north": {
                    "uv": [
                        10,
                        1,
                        9,
                        0
                    ],
                    "rotation": 270,
                    "texture": "#0"
                },
                "east": {
                    "uv": [
                        9,
                        1,
                        8,
                        0
                    ],
                    "rotation": 90,
                    "texture": "#0"
                },
                "south": {
                    "uv": [
                        10,
                        2,
                        9,
                        1
                    ],
                    "rotation": 270,
                    "texture": "#0"
                },
                "west": {
                    "uv": [
                        9,
                        2,
                        8,
                        1
                    ],
                    "rotation": 270,
                    "texture": "#0"
                },
                "up": {
                    "uv": [
                        10,
                        3,
                        9,
                        2
                    ],
                    "texture": "#0"
                },
                "down": {
                    "uv": [
                        9,
                        3,
                        8,
                        2
                    ],
                    "rotation": 180,
                    "texture": "#0"
                }
            }
        },
        {
            "from": [
                8,
                -1.5,
                8.75
            ],
            "to": [
                8,
                17.5,
                10.75
            ],
            "rotation": {
                "angle": 0,
                "axis": "y",
                "origin": [
                    8,
                    15.5,
                    10.75
                ]
            },
            "faces": {
                "east": {
                    "uv": [
                        13,
                        0,
                        10,
                        9.5
                    ],
                    "texture": "#0"
                },
                "west": {
                    "uv": [
                        10,
                        0,
                        13,
                        9.5
                    ],
                    "texture": "#0"
                }
            }
        }
    ],
    "gui_light": "front",
    "display": {
        "thirdperson_righthand": {
            "translation": [
                0,
                -1.25,
                4.5
            ]
        },
        "thirdperson_lefthand": {
            "translation": [
                0,
                -1.25,
                4.5
            ]
        },
        "firstperson_righthand": {
            "rotation": [
                15,
                0,
                0
            ],
            "translation": [
                0.5,
                3.25,
                0.5
            ],
            "scale": [
                0.6,
                0.7,
                0.7
            ]
        },
        "firstperson_lefthand": {
            "rotation": [
                15,
                0,
                0
            ],
            "translation": [
                0.5,
                3.25,
                0.5
            ],
            "scale": [
                0.6,
                0.7,
                0.7
            ]
        },
        "ground": {
            "translation": [
                -0.5,
                5,
                0
            ],
            "scale": [
                0.8,
                0.8,
                0.8
            ]
        },
        "gui": {
            "rotation": [
                90,
                45,
                -90
            ],
            "translation": [
                -0.25,
                0.5,
                0.5
            ],
            "scale": [
                0.85,
                0.85,
                0.85
            ]
        },
        "head": {
            "scale": [
                0,
                0,
                0
            ]
        },
        "fixed": {
            "rotation": [
                90,
                -45,
                90
            ],
            "translation": [
                0.5,
                0.5,
                0.5
            ]
        }
    },
    "USER": "{{USER}}",
    "NONCE": "{{NONCE}}",
    "TIMESTAMP": "{{TIMESTAMP}}",
    "RESOURCE": "{{RESOURCE}}",
    "MCMODELS": "{{MCMODELS}}"
}