{
    "credit": "Erocavontic",
    "texture_size": [
        32,
        32
    ],
    "textures": {
        "0": "item/beach_set/crossbow_0",
        "particle": "item/beach_set/crossbow_0"
    },
    "elements": [
        {
            "from": [
                7.5,
                1.9,
                5.5
            ],
            "to": [
                8.5,
                3.9,
                10.5
            ],
            "faces": {
                "east": {
                    "uv": [
                        8.0,
                        7.0,
                        10.5,
                        8.0
                    ],
                    "texture": "#0"
                },
                "west": {
                    "uv": [
                        8.0,
                        8.0,
                        10.5,
                        9.0
                    ],
                    "texture": "#0"
                },
                "up": {
                    "uv": [
                        7.5,
                        9.5,
                        7.0,
                        7.0
                    ],
                    "texture": "#0"
                },
                "down": {
                    "uv": [
                        8.0,
                        7.0,
                        7.5,
                        9.5
                    ],
                    "texture": "#0"
                }
            },
            "rotation": {
                "angle": 0,
                "axis": "y",
                "origin": [
                    8,
                    1.9,
                    -0.5
                ]
            }
        },
        {
            "from": [
                7,
                1,
                2
            ],
            "to": [
                9,
                4,
                6
            ],
            "faces": {
                "north": {
                    "uv": [
                        3.0,
                        1.0,
                        4.0,
                        2.5
                    ],
                    "texture": "#0"
                },
                "east": {
                    "uv": [
                        1.0,
                        1.0,
                        3.0,
                        2.5
                    ],
                    "texture": "#0"
                },
                "south": {
                    "uv": [
                        3.0,
                        2.5,
                        4.0,
                        4.0
                    ],
                    "texture": "#0"
                },
                "west": {
                    "uv": [
                        1.0,
                        2.5,
                        3.0,
                        4.0
                    ],
                    "texture": "#0"
                },
                "up": {
                    "uv": [
                        5.5,
                        2.0,
                        4.5,
                        0.0
                    ],
                    "texture": "#0"
                },
                "down": {
                    "uv": [
                        6.5,
                        0.0,
                        5.5,
                        2.0
                    ],
                    "texture": "#0"
                }
            },
            "rotation": {
                "angle": 0,
                "axis": "y",
                "origin": [
                    8,
                    2,
                    3
                ]
            }
        },
        {
            "from": [
                7.025,
                2.391778564291588,
                9.232552040348297
            ],
            "to": [
                8.975,
                5.391778564291588,
                14.232552040348297
            ],
            "faces": {
                "east": {
                    "uv": [
                        5.0,
                        2.0,
                        7.5,
                        3.5
                    ],
                    "texture": "#0"
                },
                "south": {
                    "uv": [
                        4.0,
                        4.5,
                        5.0,
                        6.0
                    ],
                    "texture": "#0"
                },
                "west": {
                    "uv": [
                        5.0,
                        3.5,
                        7.5,
                        5.0
                    ],
                    "texture": "#0"
                },
                "down": {
                    "uv": [
                        5.0,
                        2.0,
                        4.0,
                        4.5
                    ],
                    "texture": "#0"
                }
            },
            "rotation": {
                "angle": 22.5,
                "axis": "x",
                "origin": [
                    8.5,
                    2.391778564291588,
                    9.232552040348297
                ]
            }
        },
        {
            "from": [
                7,
                3.25,
                8
            ],
            "to": [
                9,
                4.25,
                15
            ],
            "faces": {
                "north": {
                    "uv": [
                        0.0,
                        3.5,
                        1.0,
                        4.0
                    ],
                    "texture": "#0"
                },
                "east": {
                    "uv": [
                        1.0,
                        0.0,
                        4.5,
                        0.5
                    ],
                    "texture": "#0"
                },
                "south": {
                    "uv": [
                        0.0,
                        4.0,
                        1.0,
                        4.5
                    ],
                    "texture": "#0"
                },
                "west": {
                    "uv": [
                        1.0,
                        0.5,
                        4.5,
                        1.0
                    ],
                    "texture": "#0"
                },
                "up": {
                    "uv": [
                        1.0,
                        3.5,
                        0.0,
                        0.0
                    ],
                    "texture": "#0"
                }
            },
            "rotation": {
                "angle": 0,
                "axis": "y",
                "origin": [
                    8.5,
                    3.25,
                    9
                ]
            }
        },
        {
            "from": [
                7,
                1.25,
                8
            ],
            "to": [
                9,
                3.25,
                10
            ],
            "faces": {
                "north": {
                    "uv": [
                        7.5,
                        0.0,
                        8.5,
                        1.0
                    ],
                    "texture": "#0"
                },
                "east": {
                    "uv": [
                        6.5,
                        0.0,
                        7.5,
                        1.0
                    ],
                    "texture": "#0"
                },
                "south": {
                    "uv": [
                        7.5,
                        1.0,
                        8.5,
                        2.0
                    ],
                    "texture": "#0"
                },
                "west": {
                    "uv": [
                        6.5,
                        1.0,
                        7.5,
                        2.0
                    ],
                    "texture": "#0"
                },
                "down": {
                    "uv": [
                        8.5,
                        2.0,
                        7.5,
                        3.0
                    ],
                    "texture": "#0"
                }
            },
            "rotation": {
                "angle": 0,
                "axis": "y",
                "origin": [
                    8.5,
                    3.25,
                    9
                ]
            }
        },
        {
            "from": [
                5,
                3,
                1.5
            ],
            "to": [
                11,
                5,
                2.5
            ],
            "faces": {
                "north": {
                    "uv": [
                        4.0,
                        7.5,
                        7.0,
                        8.5
                    ],
                    "texture": "#0"
                },
                "south": {
                    "uv": [
                        4.0,
                        9.0,
                        7.0,
                        10.0
                    ],
                    "texture": "#0"
                },
                "up": {
                    "uv": [
                        7.0,
                        7.5,
                        4.0,
                        7.0
                    ],
                    "texture": "#0"
                },
                "down": {
                    "uv": [
                        7.0,
                        8.5,
                        4.0,
                        9.0
                    ],
                    "texture": "#0"
                }
            },
            "rotation": {
                "angle": 0,
                "axis": "y",
                "origin": [
                    8,
                    4,
                    1.5
                ]
            }
        },
        {
            "from": [
                1,
                3,
                1.5
            ],
            "to": [
                5,
                5,
                2.5
            ],
            "faces": {
                "north": {
                    "uv": [
                        8.5,
                        3.5,
                        10.5,
                        4.5
                    ],
                    "texture": "#0"
                },
                "south": {
                    "uv": [
                        8.5,
                        5.0,
                        10.5,
                        6.0
                    ],
                    "texture": "#0"
                },
                "west": {
                    "uv": [
                        9.5,
                        6.0,
                        10.0,
                        7.0
                    ],
                    "texture": "#0"
                },
                "up": {
                    "uv": [
                        10.5,
                        3.5,
                        8.5,
                        3.0
                    ],
                    "texture": "#0"
                },
                "down": {
                    "uv": [
                        10.5,
                        4.5,
                        8.5,
                        5.0
                    ],
                    "texture": "#0"
                }
            },
            "rotation": {
                "angle": 45,
                "axis": "y",
                "origin": [
                    5,
                    4,
                    1.5
                ]
            }
        },
        {
            "from": [
                6.75,
                3.141778564291588,
                11.982552040348297
            ],
            "to": [
                9.25,
                5.141778564291588,
                13.982552040348297
            ],
            "faces": {
                "north": {
                    "uv": [
                        5.0,
                        6.0,
                        6.5,
                        7.0
                    ],
                    "texture": "#0"
                },
                "east": {
                    "uv": [
                        4.0,
                        6.0,
                        5.0,
                        7.0
                    ],
                    "texture": "#0"
                },
                "south": {
                    "uv": [
                        6.5,
                        6.0,
                        8.0,
                        7.0
                    ],
                    "texture": "#0"
                },
                "west": {
                    "uv": [
                        8.5,
                        6.0,
                        9.5,
                        7.0
                    ],
                    "texture": "#0"
                },
                "up": {
                    "uv": [
                        6.5,
                        6.0,
                        5.0,
                        5.0
                    ],
                    "texture": "#0"
                },
                "down": {
                    "uv": [
                        8.0,
                        5.0,
                        6.5,
                        6.0
                    ],
                    "texture": "#0"
                }
            },
            "rotation": {
                "angle": 22.5,
                "axis": "x",
                "origin": [
                    8.5,
                    3.141778564291588,
                    8.982552040348297
                ]
            }
        },
        {
            "from": [
                6.5,
                3,
                9.25
            ],
            "to": [
                9.5,
                6,
                14.25
            ],
            "faces": {
                "north": {
                    "uv": [
                        2.5,
                        4.5,
                        4.0,
                        6.0
                    ],
                    "texture": "#0"
                },
                "east": {
                    "uv": [
                        0.0,
                        4.5,
                        2.5,
                        6.0
                    ],
                    "texture": "#0"
                },
                "south": {
                    "uv": [
                        2.5,
                        6.0,
                        4.0,
                        7.5
                    ],
                    "texture": "#0"
                },
                "west": {
                    "uv": [
                        0.0,
                        6.0,
                        2.5,
                        7.5
                    ],
                    "texture": "#0"
                },
                "up": {
                    "uv": [
                        1.5,
                        10.0,
                        0.0,
                        7.5
                    ],
                    "texture": "#0"
                },
                "down": {
                    "uv": [
                        3.0,
                        7.5,
                        1.5,
                        10.0
                    ],
                    "texture": "#0"
                }
            },
            "rotation": {
                "angle": 0,
                "axis": "y",
                "origin": [
                    6.5,
                    3,
                    7.25
                ]
            }
        },
        {
            "from": [
                11,
                3,
                1.5
            ],
            "to": [
                15,
                5,
                2.5
            ],
            "faces": {
                "north": {
                    "uv": [
                        8.5,
                        2.0,
                        10.5,
                        3.0
                    ],
                    "texture": "#0"
                },
                "east": {
                    "uv": [
                        10.0,
                        6.0,
                        10.5,
                        7.0
                    ],
                    "texture": "#0"
                },
                "south": {
                    "uv": [
                        8.5,
                        0.5,
                        10.5,
                        1.5
                    ],
                    "texture": "#0"
                },
                "up": {
                    "uv": [
                        10.5,
                        2.0,
                        8.5,
                        1.5
                    ],
                    "texture": "#0"
                },
                "down": {
                    "uv": [
                        10.5,
                        0.0,
                        8.5,
                        0.5
                    ],
                    "texture": "#0"
                }
            },
            "rotation": {
                "angle": -45,
                "axis": "y",
                "origin": [
                    11,
                    4,
                    1.5
                ]
            }
        },
        {
            "from": [
                3,
                4.5,
                3.9000000000000004
            ],
            "to": [
                13,
                4.5,
                8.9
            ],
            "faces": {
                "up": {
                    "uv": [
                        9.0,
                        10.0,
                        4.0,
                        12.5
                    ],
                    "texture": "#0"
                },
                "down": {
                    "uv": [
                        9.0,
                        12.5,
                        4.0,
                        10.0
                    ],
                    "texture": "#0"
                }
            },
            "rotation": {
                "angle": 0,
                "axis": "y",
                "origin": [
                    9,
                    3.5,
                    3.9000000000000004
                ]
            }
        }
    ],
    "gui_light": "front",
    "display": {
        "thirdperson_righthand": {
            "translation": [
                0,
                6,
                1.5
            ]
        },
        "thirdperson_lefthand": {
            "translation": [
                0,
                6,
                1.5
            ]
        },
        "firstperson_righthand": {
            "translation": [
                7.25,
                7.5,
                2.75
            ]
        },
        "firstperson_lefthand": {
            "translation": [
                7.25,
                7.5,
                2.75
            ]
        },
        "ground": {
            "translation": [
                0,
                3.5,
                0
            ],
            "scale": [
                0.7,
                0.7,
                0.7
            ]
        },
        "gui": {
            "rotation": [
                75,
                50,
                -15
            ],
            "translation": [
                0.75,
                2,
                0.5
            ]
        },
        "head": {
            "scale": [
                0,
                0,
                0
            ]
        },
        "fixed": {
            "rotation": [
                90,
                -45,
                180
            ],
            "translation": [
                0,
                0.25,
                -8.75
            ],
            "scale": [
                1.6,
                1.6,
                1.6
            ]
        }
    },
    "USER": "{{USER}}",
    "NONCE": "{{NONCE}}",
    "TIMESTAMP": "{{TIMESTAMP}}",
    "RESOURCE": "{{RESOURCE}}",
    "MCMODELS": "{{MCMODELS}}"
}