{
	"credit": "Made with Blockbench",
	"textures": {
		"0": "item/abyss/tex1",
		"1": "item/abyss/hornfire",
		"particle": "item/abyss/tex1"
	},
	"elements": [
		{
			"from": [8.025, 6.59833, 9.25175],
			"to": [8.025, 22.59833, 14.75175],
			"rotation": {"angle": 0, "axis": "y", "origin": [8.275, 10.74339, 7.8]},
			"faces": {
				"north": {"uv": [0, 16, 0, 0], "texture": "#0"},
				"east": {"uv": [4, 1.375, 0, 0], "rotation": 270, "texture": "#0"},
				"south": {"uv": [0, 0, 0, 16], "rotation": 180, "texture": "#0"},
				"west": {"uv": [0, 1.375, 4, 0], "rotation": 90, "texture": "#0"},
				"up": {"uv": [0, 5.5, 0, 0], "rotation": 180, "texture": "#0"},
				"down": {"uv": [0, 5.5, 0, 0], "texture": "#0"}
			}
		},
		{
			"from": [7.275, 21.6191, 12.76767],
			"to": [8.775, 25.1191, 14.76767],
			"rotation": {"angle": 0, "axis": "y", "origin": [8.275, 10.74339, 7.8]},
			"faces": {
				"north": {"uv": [5.625, 10.875, 6, 11.75], "rotation": 180, "texture": "#0"},
				"east": {"uv": [6.875, 12.25, 6.375, 11.375], "texture": "#0"},
				"south": {"uv": [6, 10.875, 6.375, 11.75], "rotation": 180, "texture": "#0"},
				"west": {"uv": [6.375, 12.25, 6.875, 11.375], "texture": "#0"},
				"up": {"uv": [6.375, 12.25, 6, 11.75], "texture": "#0"},
				"down": {"uv": [6, 12.25, 5.625, 11.75], "texture": "#0"}
			}
		},
		{
			"from": [7.275, 22.1366, 9.24414],
			"to": [8.775, 25.1366, 12.74414],
			"rotation": {"angle": 0, "axis": "y", "origin": [8.275, 10.74339, 7.8]},
			"faces": {
				"north": {"uv": [0, 4, 0.5, 4.75], "texture": "#0"},
				"east": {"uv": [8.125, 10, 7.375, 9.125], "rotation": 270, "texture": "#0"},
				"south": {"uv": [7.125, 8.375, 7.625, 9.125], "rotation": 180, "texture": "#0"},
				"west": {"uv": [7.375, 10, 8.125, 9.125], "rotation": 90, "texture": "#0"},
				"up": {"uv": [7.375, 10, 6.875, 9.125], "rotation": 180, "texture": "#0"},
				"down": {"uv": [8.125, 9.125, 7.625, 8.25], "texture": "#0"}
			}
		},
		{
			"from": [8.275, -6.53484, 7.11392],
			"to": [8.775, -2.53484, 8.61392],
			"rotation": {"angle": 0, "axis": "y", "origin": [8.275, 10.74339, 7.8]},
			"faces": {
				"north": {"uv": [4.5, 3.625, 4.625, 4.625], "texture": "#0"},
				"east": {"uv": [4.625, 3.25, 5.625, 3.625], "rotation": 90, "texture": "#0"},
				"south": {"uv": [4.625, 3.625, 4.75, 4.625], "rotation": 180, "texture": "#0"},
				"west": {"uv": [5.625, 3.25, 4.625, 3.625], "rotation": 270, "texture": "#0"},
				"up": {"uv": [4.625, 3.625, 4.5, 3.25], "rotation": 180, "texture": "#0"},
				"down": {"uv": [4.625, 3.625, 4.5, 3.25], "texture": "#0"}
			}
		},
		{
			"from": [8.025, 26.5316, 16.45562],
			"to": [8.525, 27.5316, 18.45562],
			"rotation": {"angle": -22.5, "axis": "x", "origin": [8.275, 10.74339, 7.8]},
			"faces": {
				"north": {"uv": [2.375, 5.875, 2.5, 6.125], "texture": "#0"},
				"east": {"uv": [2, 6.375, 1.5, 6.125], "rotation": 180, "texture": "#0"},
				"south": {"uv": [2.375, 5.875, 2.5, 6.125], "texture": "#0"},
				"west": {"uv": [1.5, 6.375, 2, 6.125], "rotation": 180, "texture": "#0"},
				"up": {"uv": [2.375, 6.25, 2.25, 5.75], "texture": "#0"},
				"down": {"uv": [2.5, 6.625, 2.375, 6.125], "texture": "#0"}
			}
		},
		{
			"from": [7.775, 23.16133, -4.41049],
			"to": [8.775, 25.16133, -2.91049],
			"rotation": {"angle": 45, "axis": "x", "origin": [8.275, 10.74339, 7.8]},
			"faces": {
				"north": {"uv": [2.5, 5.875, 2.75, 6.375], "texture": "#0"},
				"east": {"uv": [1.5, 5.75, 2, 6.125], "rotation": 90, "texture": "#0"},
				"south": {"uv": [2, 5.75, 2.25, 6.25], "texture": "#0"},
				"west": {"uv": [2, 5.75, 1.5, 6.125], "rotation": 270, "texture": "#0"},
				"up": {"uv": [1.5, 6.125, 1.25, 5.75], "rotation": 180, "texture": "#0"},
				"down": {"uv": [1.5, 6.125, 1.25, 5.75], "texture": "#0"}
			}
		},
		{
			"from": [7.525, 25.00455, 1.01668],
			"to": [9.025, 27.00455, 3.01668],
			"rotation": {"angle": 22.5, "axis": "x", "origin": [8.275, 10.74339, 7.8]},
			"faces": {
				"north": {"uv": [4.75, 3.75, 5.125, 4.25], "texture": "#0"},
				"east": {"uv": [5.625, 4.25, 5.125, 3.75], "rotation": 270, "texture": "#0"},
				"south": {"uv": [4.75, 4.25, 5.125, 4.75], "rotation": 180, "texture": "#0"},
				"west": {"uv": [5.125, 4.25, 5.625, 3.75], "rotation": 90, "texture": "#0"},
				"up": {"uv": [5.5, 4.75, 5.125, 4.25], "rotation": 180, "texture": "#0"},
				"down": {"uv": [5.5, 4.75, 5.125, 4.25], "texture": "#0"}
			}
		},
		{
			"from": [7.275, 7.59833, 6.75175],
			"to": [9.275, 26.59833, 9.25175],
			"rotation": {"angle": 0, "axis": "y", "origin": [8.275, 10.74339, 7.8]},
			"faces": {
				"north": {"uv": [0, 4, 0.5, 8.75], "texture": "#0"},
				"east": {"uv": [6.5, 2.625, 1.75, 2], "rotation": 270, "texture": "#0"},
				"south": {"uv": [0.5, 4, 1, 8.75], "rotation": 180, "texture": "#0"},
				"west": {"uv": [1.75, 2.625, 6.5, 2], "rotation": 90, "texture": "#0"},
				"up": {"uv": [1.75, 2.625, 1.25, 2], "rotation": 180, "texture": "#0"},
				"down": {"uv": [1.75, 3.25, 1.25, 2.625], "texture": "#0"}
			}
		},
		{
			"from": [6.95, 9.12108, 5.8825],
			"to": [9.95, 16.12108, 8.3825],
			"rotation": {"angle": -22.5, "axis": "x", "origin": [8.275, 10.74339, 7.8]},
			"faces": {
				"north": {"uv": [1.25, 3.375, 2, 5.125], "texture": "#0"},
				"east": {"uv": [4.25, 3.375, 2.5, 2.75], "rotation": 270, "texture": "#0"},
				"south": {"uv": [2, 3.375, 2.75, 5.125], "rotation": 180, "texture": "#0"},
				"west": {"uv": [2.5, 3.375, 4.25, 2.75], "rotation": 90, "texture": "#0"},
				"up": {"uv": [2.5, 3.375, 1.75, 2.75], "rotation": 180, "texture": "#0"},
				"down": {"uv": [3.5, 4, 2.75, 3.375], "texture": "#0"}
			}
		},
		{
			"from": [7.175, 13.24971, 2.72202],
			"to": [9.675, 21.24971, 4.72202],
			"rotation": {"angle": 22.5, "axis": "x", "origin": [8.275, 10.74339, 7.8]},
			"faces": {
				"north": {"uv": [0.625, 2, 1.25, 4], "texture": "#0"},
				"east": {"uv": [2.625, 2, 0.625, 1.5], "rotation": 270, "texture": "#0"},
				"south": {"uv": [0, 2, 0.625, 4], "rotation": 180, "texture": "#0"},
				"west": {"uv": [0.625, 2, 2.625, 1.5], "rotation": 90, "texture": "#0"},
				"up": {"uv": [0.625, 2, 0, 1.5], "rotation": 180, "texture": "#0"},
				"down": {"uv": [0.625, 2, 0, 1.5], "texture": "#0"}
			}
		},
		{
			"from": [8.475, 9, -3.725],
			"to": [8.475, 30.5, 6.775],
			"rotation": {"angle": 0, "axis": "y", "origin": [8.275, 10.74339, 7.8]},
			"faces": {
				"north": {"uv": [0, 4, 0, 9], "texture": "#0"},
				"east": {"uv": [16, 3.75, 10.625, 1.125], "rotation": 270, "texture": "#0"},
				"south": {"uv": [0.5, 4, 0.5, 9], "rotation": 180, "texture": "#0"},
				"west": {"uv": [10.625, 3.75, 16, 1.125], "rotation": 90, "texture": "#0"},
				"up": {"uv": [1.25, 4.625, 1.25, 2], "rotation": 180, "texture": "#0"},
				"down": {"uv": [1.25, 5.25, 1.25, 2.625], "texture": "#0"}
			}
		},
		{
			"from": [6.975, 9, 2.575],
			"to": [9.925, 15, 6.575],
			"rotation": {"angle": 0, "axis": "y", "origin": [8.275, 10.74339, 7.8]},
			"faces": {
				"north": {"uv": [12.5, 11.25, 13.25, 9.75], "rotation": 180, "texture": "#0"},
				"east": {"uv": [12.5, 13.5, 14, 14.5], "rotation": 90, "texture": "#0"},
				"south": {"uv": [13.25, 11.25, 14, 9.75], "texture": "#0"},
				"west": {"uv": [14, 13.5, 12.5, 14.5], "rotation": 270, "texture": "#0"},
				"up": {"uv": [12.5, 10.25, 11.75, 11.25], "texture": "#0"},
				"down": {"uv": [12.5, 10.25, 11.75, 11.25], "rotation": 180, "texture": "#0"}
			}
		},
		{
			"from": [7.225, 6.07364, 3.03474],
			"to": [9.725, 13.07364, 6.03474],
			"rotation": {"angle": -45, "axis": "x", "origin": [8.275, 10.74339, 7.8]},
			"faces": {
				"north": {"uv": [7.5, 10.5, 6.875, 12.25], "texture": "#0"},
				"east": {"uv": [8.75, 12.25, 10.5, 11.5], "rotation": 270, "texture": "#0"},
				"south": {"uv": [8.125, 10.5, 7.5, 12.25], "rotation": 180, "texture": "#0"},
				"west": {"uv": [8.75, 12.25, 10.5, 11.5], "rotation": 90, "texture": "#0"},
				"up": {"uv": [8.125, 12.25, 8.75, 11.5], "rotation": 180, "texture": "#0"},
				"down": {"uv": [8.125, 12.25, 8.75, 11.5], "texture": "#0"}
			}
		},
		{
			"from": [7.525, 7.02627, 6.99806],
			"to": [9.525, 10.02627, 9.49806],
			"rotation": {"angle": 22.5, "axis": "x", "origin": [8.275, 10.74339, 7.8]},
			"faces": {
				"north": {"uv": [3.75, 4.625, 3.25, 5.375], "rotation": 180, "texture": "#0"},
				"east": {"uv": [4, 4, 3.25, 4.625], "rotation": 270, "texture": "#0"},
				"south": {"uv": [3.25, 4.625, 2.75, 5.375], "texture": "#0"},
				"west": {"uv": [3.25, 4, 4, 4.625], "rotation": 90, "texture": "#0"},
				"up": {"uv": [3.25, 4, 2.75, 4.625], "rotation": 180, "texture": "#0"},
				"down": {"uv": [4, 3.375, 3.5, 4], "texture": "#0"}
			}
		},
		{
			"from": [7.525, 3.31161, 4.6174],
			"to": [9.525, 6.31161, 7.1174],
			"rotation": {"angle": -22.5, "axis": "x", "origin": [8.275, 10.74339, 7.8]},
			"faces": {
				"north": {"uv": [2.75, 4.625, 3.25, 5.375], "texture": "#0"},
				"east": {"uv": [4, 4.625, 3.25, 4], "rotation": 270, "texture": "#0"},
				"south": {"uv": [3.25, 4.625, 3.75, 5.375], "rotation": 180, "texture": "#0"},
				"west": {"uv": [3.25, 4.625, 4, 4], "rotation": 90, "texture": "#0"},
				"up": {"uv": [3.25, 4.625, 2.75, 4], "rotation": 180, "texture": "#0"},
				"down": {"uv": [4, 4, 3.5, 3.375], "texture": "#0"}
			}
		},
		{
			"from": [7.775, 0.58715, 7.99818],
			"to": [9.275, 3.58715, 9.99818],
			"rotation": {"angle": 0, "axis": "y", "origin": [8.275, 10.74339, 7.8]},
			"faces": {
				"north": {"uv": [2.375, 5.125, 2.75, 5.875], "texture": "#0"},
				"east": {"uv": [2.375, 5.625, 1.625, 5.125], "rotation": 270, "texture": "#0"},
				"south": {"uv": [2.75, 5.375, 3.125, 6.125], "rotation": 180, "texture": "#0"},
				"west": {"uv": [1.625, 5.625, 2.375, 5.125], "rotation": 90, "texture": "#0"},
				"up": {"uv": [1.625, 5.625, 1.25, 5.125], "rotation": 180, "texture": "#0"},
				"down": {"uv": [1.625, 5.625, 1.25, 5.125], "texture": "#0"}
			}
		},
		{
			"from": [8.025, -1.79735, 12.21241],
			"to": [9.025, 2.20265, 13.71241],
			"rotation": {"angle": 22.5, "axis": "x", "origin": [8.275, 10.74339, 7.8]},
			"faces": {
				"north": {"uv": [4, 3.375, 4.25, 4.375], "texture": "#0"},
				"east": {"uv": [4.5, 2.75, 5.5, 3.125], "rotation": 90, "texture": "#0"},
				"south": {"uv": [4.25, 3.5, 4.5, 4.5], "rotation": 180, "texture": "#0"},
				"west": {"uv": [5.5, 2.75, 4.5, 3.125], "rotation": 270, "texture": "#0"},
				"up": {"uv": [4.5, 3.5, 4.25, 3.125], "rotation": 180, "texture": "#0"},
				"down": {"uv": [4.5, 3.125, 4.25, 2.75], "texture": "#0"}
			}
		},
		{
			"from": [7.475, -6, 5.075],
			"to": [9.475, 7, 7.075],
			"rotation": {"angle": 0, "axis": "y", "origin": [8.275, 10.74339, 7.8]},
			"faces": {
				"north": {"uv": [9.625, 3.5, 10.125, 6.75], "texture": "#0"},
				"east": {"uv": [10.125, 2, 10.625, 5.25], "texture": "#0"},
				"south": {"uv": [10.125, 5.25, 10.625, 8.5], "texture": "#0"},
				"west": {"uv": [9.625, 6.75, 10.125, 10], "texture": "#0"},
				"up": {"uv": [9.125, 8, 9.625, 8.5], "rotation": 270, "texture": "#0"},
				"down": {"uv": [9.125, 8, 9.625, 8.5], "rotation": 90, "texture": "#0"}
			}
		},
		{
			"from": [6.975, -5.02284, 17.12671],
			"to": [9.975, -1.02284, 21.12671],
			"rotation": {"angle": 45, "axis": "x", "origin": [8.275, 10.74339, 7.8]},
			"faces": {
				"north": {"uv": [7.875, 7, 8.625, 8], "texture": "#0"},
				"east": {"uv": [8.625, 7, 9.625, 8], "texture": "#0"},
				"south": {"uv": [7.875, 7.25, 6.875, 8], "rotation": 90, "texture": "#0"},
				"west": {"uv": [8.625, 7, 9.625, 8], "rotation": 270, "texture": "#0"},
				"up": {"uv": [7.875, 7, 8.625, 8], "texture": "#0"},
				"down": {"uv": [6.875, 7.25, 7.875, 8], "rotation": 90, "texture": "#0"}
			}
		},
		{
			"from": [6.975, 4, 4.575],
			"to": [9.975, 5, 7.575],
			"rotation": {"angle": 0, "axis": "y", "origin": [8.275, 10.74339, 7.8]},
			"faces": {
				"north": {"uv": [5.625, 3.75, 6.375, 4], "texture": "#0"},
				"east": {"uv": [5.625, 2.75, 6.375, 3], "texture": "#0"},
				"south": {"uv": [5.625, 3.75, 6.375, 4], "texture": "#0"},
				"west": {"uv": [5.625, 2.75, 6.375, 3], "texture": "#0"},
				"up": {"uv": [5.625, 3, 6.375, 3.75], "rotation": 270, "texture": "#0"},
				"down": {"uv": [5.625, 4, 6.375, 4.75], "rotation": 90, "texture": "#0"}
			}
		},
		{
			"from": [6.975, -2, 4.575],
			"to": [9.975, -1, 7.575],
			"rotation": {"angle": 0, "axis": "y", "origin": [8.275, 10.74339, 7.8]},
			"faces": {
				"north": {"uv": [5.625, 3.75, 6.375, 4], "texture": "#0"},
				"east": {"uv": [5.625, 2.75, 6.375, 3], "texture": "#0"},
				"south": {"uv": [5.625, 3.75, 6.375, 4], "texture": "#0"},
				"west": {"uv": [5.625, 2.75, 6.375, 3], "texture": "#0"},
				"up": {"uv": [5.625, 3, 6.375, 3.75], "rotation": 270, "texture": "#0"},
				"down": {"uv": [5.625, 4, 6.375, 4.75], "rotation": 90, "texture": "#0"}
			}
		},
		{
			"from": [8.475, -11, 2.075],
			"to": [8.475, -5, 6.075],
			"rotation": {"angle": 0, "axis": "y", "origin": [8.275, 10.74339, 7.8]},
			"faces": {
				"north": {"uv": [0, 0, 1.25, 0], "rotation": 270, "texture": "#0"},
				"east": {"uv": [15.625, 1, 14.125, 0], "rotation": 270, "texture": "#0"},
				"south": {"uv": [0, 0, 1.25, 0], "rotation": 270, "texture": "#0"},
				"west": {"uv": [14.125, 1, 15.625, 0], "rotation": 90, "texture": "#0"},
				"up": {"uv": [0, 1, 0, 0], "rotation": 180, "texture": "#0"},
				"down": {"uv": [0, 1, 0, 0], "texture": "#0"}
			}
		},
		{
			"from": [8.475, -11, 6.075],
			"to": [8.475, -5, 10.075],
			"rotation": {"angle": 0, "axis": "y", "origin": [8.275, 10.74339, 7.8]},
			"faces": {
				"north": {"uv": [0, 0, 1.25, 0], "rotation": 270, "texture": "#0"},
				"east": {"uv": [15.625, 0, 14.125, 1], "rotation": 270, "texture": "#0"},
				"south": {"uv": [0, 0, 1.25, 0], "rotation": 270, "texture": "#0"},
				"west": {"uv": [14.125, 0, 15.625, 1], "rotation": 90, "texture": "#0"},
				"up": {"uv": [0, 0, 0, 1], "rotation": 180, "texture": "#0"},
				"down": {"uv": [0, 0, 0, 1], "texture": "#0"}
			}
		},
		{
			"from": [8.475, 23, 7.075],
			"to": [8.475, 32, 21.075],
			"rotation": {"angle": 0, "axis": "y", "origin": [8.275, 10.74339, 7.8]},
			"faces": {
				"north": {"uv": [7.5, 0, 7.5, 10], "rotation": 180, "texture": "#1"},
				"east": {"uv": [9.5, 0, 0.5, 14], "rotation": 270, "texture": "#1"},
				"south": {"uv": [6.375, 0, 6.375, 9], "texture": "#1"},
				"west": {"uv": [0.5, 0, 9.5, 14], "rotation": 90, "texture": "#1"},
				"up": {"uv": [9.625, 2, 9.625, 16], "rotation": 180, "texture": "#1"},
				"down": {"uv": [9.625, 2, 9.625, 16], "texture": "#1"}
			}
		}
	],
	"gui_light": "front",
	"display": {
		"thirdperson_righthand": {
			"translation": [0, 3, 1.75],
			"scale": [0.75, 0.75, 0.75]
		},
		"thirdperson_lefthand": {
			"translation": [0, 3, 1.75],
			"scale": [0.75, 0.75, 0.75]
		},
		"firstperson_righthand": {
			"rotation": [-12, 15, 3],
			"translation": [7, -2.5, -3.75],
			"scale": [0.70898, 0.70898, 0.70898]
		},
		"firstperson_lefthand": {
			"rotation": [-12, 15, 3],
			"translation": [7, -2.5, -3.75],
			"scale": [0.70898, 0.70898, 0.70898]
		},
		"ground": {
			"rotation": [0, 0, 90],
			"translation": [1.25, 0.25, 0],
			"scale": [0.5, 0.5, 0.5]
		},
		"gui": {
			"rotation": [90, 135, -90],
			"translation": [0.5, -0.75, -1.25],
			"scale": [0.38336, 0.38336, 0.38336]
		},
		"head": {
			"rotation": [90, -168, 90],
			"translation": [-0.5, 10.5, 0],
			"scale": [0.56, 0.56, 0.56]
		},
		"fixed": {
			"rotation": [0, 90, 0],
			"translation": [0, -2.25, -0.25],
			"scale": [0.87, 0.87, 0.87]
		}
	},
	"groups": [
		{
			"name": "group",
			"origin": [-2.91751, 18.37437, 7.95],
			"color": 0,
			"children": [0, 1, 2, 3, 4, 5, 6, 7, 8, 9, 10, 11, 12, 13, 14, 15, 16, 17, 18, 19, 20, 21, 22, 23]
		}
	]
}