{
	"credit": "Made with Blockbench",
	"texture_size": [64, 64],
	"textures": {
		"0": "item/abyss/tex3",
		"1": "item/abyss/hornfire",
		"2": "item/abyss/fire",
		"particle": "item/abyss/tex3"
	},
	"elements": [
		{
			"from": [11, -12.23686, 6.5],
			"to": [12, -8.23686, 7.75],
			"rotation": {"angle": -45, "axis": "z", "origin": [11.5, -11.73686, 7.125]},
			"faces": {
				"north": {"uv": [0.625, 1.5, 2.625, 2], "rotation": 270, "texture": "#0"},
				"east": {"uv": [0.625, 2, 1.25, 4], "rotation": 180, "texture": "#0"},
				"south": {"uv": [2.625, 1.5, 0.625, 2], "rotation": 90, "texture": "#0"},
				"west": {"uv": [0, 2, 0.625, 4], "texture": "#0"},
				"up": {"uv": [0, 1.5, 0.625, 2], "rotation": 90, "texture": "#0"},
				"down": {"uv": [0, 1.5, 0.625, 2], "rotation": 90, "texture": "#0"}
			}
		},
		{
			"from": [13.10503, -9.6224, 6.375],
			"to": [14.35503, -6.1224, 7.875],
			"rotation": {"angle": 0, "axis": "y", "origin": [14.35, -9.58686, 7.125]},
			"faces": {
				"north": {"uv": [2.5, 2.75, 4.25, 3.375], "rotation": 270, "texture": "#0"},
				"east": {"uv": [1.25, 3.375, 2, 5.125], "rotation": 180, "texture": "#0"},
				"south": {"uv": [3.625, 4.75, 5.375, 5.375], "rotation": 90, "texture": "#0"},
				"west": {"uv": [2, 3.375, 2.75, 5.125], "texture": "#0"},
				"up": {"uv": [2.75, 3.375, 3.5, 4], "rotation": 90, "texture": "#0"},
				"down": {"uv": [1.75, 2.75, 2.5, 3.375], "rotation": 90, "texture": "#0"}
			}
		},
		{
			"from": [10.7, -14.48686, 6.625],
			"to": [11.95, -4.98686, 7.625],
			"rotation": {"angle": -22.5, "axis": "z", "origin": [11.5, -11.73686, 7.125]},
			"faces": {
				"north": {"uv": [1.75, 2, 6.5, 2.625], "rotation": 270, "texture": "#0"},
				"east": {"uv": [0, 4, 0.5, 8.75], "rotation": 180, "texture": "#0"},
				"south": {"uv": [6.5, 2, 1.75, 2.625], "rotation": 90, "texture": "#0"},
				"west": {"uv": [0.5, 4, 1, 8.75], "texture": "#0"},
				"up": {"uv": [1.25, 2.625, 1.75, 3.25], "rotation": 90, "texture": "#0"},
				"down": {"uv": [1.25, 2, 1.75, 2.625], "rotation": 90, "texture": "#0"}
			}
		},
		{
			"from": [9.74227, -15.44364, 6.75],
			"to": [10.74228, -14.44364, 7.5],
			"rotation": {"angle": -45, "axis": "z", "origin": [10.85, -14.43686, 7.125]},
			"faces": {
				"north": {"uv": [5.125, 3.75, 5.625, 4.25], "rotation": 270, "texture": "#0"},
				"east": {"uv": [4.75, 3.75, 5.125, 4.25], "rotation": 180, "texture": "#0"},
				"south": {"uv": [5.625, 3.75, 5.125, 4.25], "rotation": 90, "texture": "#0"},
				"west": {"uv": [4.75, 4.25, 5.125, 4.75], "texture": "#0"},
				"up": {"uv": [5.125, 4.25, 5.5, 4.75], "rotation": 90, "texture": "#0"},
				"down": {"uv": [5.125, 4.25, 5.5, 4.75], "rotation": 90, "texture": "#0"}
			}
		},
		{
			"from": [9.06549, -14.91753, 6.875],
			"to": [10.06549, -14.16753, 7.375],
			"rotation": {"angle": 22.5, "axis": "z", "origin": [10.1, -15.06186, 7.125]},
			"faces": {
				"north": {"uv": [1.5, 5.75, 2, 6.125], "rotation": 180, "texture": "#0"},
				"east": {"uv": [1.25, 5.75, 1.5, 6.125], "rotation": 180, "texture": "#0"},
				"south": {"uv": [2, 5.75, 1.5, 6.125], "rotation": 180, "texture": "#0"},
				"west": {"uv": [1.25, 5.75, 1.5, 6.125], "rotation": 180, "texture": "#0"},
				"up": {"uv": [2, 5.75, 2.25, 6.25], "rotation": 270, "texture": "#0"},
				"down": {"uv": [2.5, 5.875, 2.75, 6.375], "rotation": 270, "texture": "#0"}
			}
		},
		{
			"from": [8.08504, -15.31924, 7],
			"to": [9.08504, -14.81924, 7.25],
			"rotation": {"angle": 0, "axis": "y", "origin": [9.1, -15.31186, 7.125]},
			"faces": {
				"north": {"uv": [1.5, 6.125, 2, 6.375], "rotation": 180, "texture": "#0"},
				"east": {"uv": [2.375, 5.875, 2.5, 6.125], "rotation": 180, "texture": "#0"},
				"south": {"uv": [2, 6.125, 1.5, 6.375], "rotation": 180, "texture": "#0"},
				"west": {"uv": [2.375, 5.875, 2.5, 6.125], "rotation": 180, "texture": "#0"},
				"up": {"uv": [2.375, 6.125, 2.5, 6.625], "rotation": 90, "texture": "#0"},
				"down": {"uv": [2.25, 5.75, 2.375, 6.25], "rotation": 270, "texture": "#0"}
			}
		},
		{
			"from": [11.2, -4.98686, 6.625],
			"to": [12.45, -3.48686, 7.625],
			"rotation": {"angle": -22.5, "axis": "z", "origin": [11.5, -11.73686, 7.125]},
			"faces": {
				"north": {"uv": [3.25, 4, 4, 4.625], "rotation": 270, "texture": "#0"},
				"east": {"uv": [2.75, 4.625, 3.25, 5.375], "rotation": 180, "texture": "#0"},
				"south": {"uv": [4, 4, 3.25, 4.625], "rotation": 90, "texture": "#0"},
				"west": {"uv": [3.25, 4.625, 3.75, 5.375], "texture": "#0"},
				"up": {"uv": [3.5, 3.375, 4, 4], "rotation": 90, "texture": "#0"},
				"down": {"uv": [2.75, 4, 3.25, 4.625], "rotation": 90, "texture": "#0"}
			}
		},
		{
			"from": [14.36741, -4.01052, 6.75],
			"to": [15.36741, -2.51052, 7.5],
			"rotation": {"angle": -45, "axis": "z", "origin": [14.4, -4.03686, 7.125]},
			"faces": {
				"north": {"uv": [1.625, 5.125, 2.375, 5.625], "rotation": 270, "texture": "#0"},
				"east": {"uv": [2.375, 5.125, 2.75, 5.875], "rotation": 180, "texture": "#0"},
				"south": {"uv": [2.375, 5.125, 1.625, 5.625], "rotation": 90, "texture": "#0"},
				"west": {"uv": [2.75, 5.375, 3.125, 6.125], "texture": "#0"},
				"up": {"uv": [1.25, 5.125, 1.625, 5.625], "rotation": 90, "texture": "#0"},
				"down": {"uv": [1.25, 5.125, 1.625, 5.625], "rotation": 90, "texture": "#0"}
			}
		},
		{
			"from": [15.45607, -3.68963, 6.875],
			"to": [17.45607, -2.93963, 7.375],
			"rotation": {"angle": 22.5, "axis": "z", "origin": [15.45, -2.93686, 7.125]},
			"faces": {
				"north": {"uv": [4.5, 2.75, 5.5, 3.125], "rotation": 180, "texture": "#0"},
				"east": {"uv": [4.25, 2.75, 4.5, 3.125], "rotation": 180, "texture": "#0"},
				"south": {"uv": [5.5, 2.75, 4.5, 3.125], "rotation": 180, "texture": "#0"},
				"west": {"uv": [4.25, 3.125, 4.5, 3.5], "rotation": 180, "texture": "#0"},
				"up": {"uv": [4.25, 3.5, 4.5, 4.5], "rotation": 90, "texture": "#0"},
				"down": {"uv": [4, 3.375, 4.25, 4.375], "rotation": 270, "texture": "#0"}
			}
		},
		{
			"from": [17.59679, -2.88219, 7],
			"to": [19.59679, -2.13219, 7.25],
			"rotation": {"angle": 45, "axis": "z", "origin": [17.55, -2.88686, 7.125]},
			"faces": {
				"north": {"uv": [4.625, 3.25, 5.625, 3.625], "rotation": 180, "texture": "#0"},
				"east": {"uv": [4.5, 3.25, 4.625, 3.625], "rotation": 180, "texture": "#0"},
				"south": {"uv": [5.625, 3.25, 4.625, 3.625], "rotation": 180, "texture": "#0"},
				"west": {"uv": [4.5, 3.25, 4.625, 3.625], "rotation": 180, "texture": "#0"},
				"up": {"uv": [4.625, 3.625, 4.75, 4.625], "rotation": 90, "texture": "#0"},
				"down": {"uv": [4.5, 3.625, 4.625, 4.625], "rotation": 270, "texture": "#0"}
			}
		},
		{
			"from": [7.95, -14.73686, 7.125],
			"to": [10.7, -6.73686, 7.125],
			"rotation": {"angle": -22.5, "axis": "z", "origin": [11.5, -11.73686, 7.25]},
			"faces": {
				"north": {"uv": [0, 0, 4, 1.375], "rotation": 270, "texture": "#0"},
				"east": {"uv": [0, 16, 0, 0], "rotation": 180, "texture": "#0"},
				"south": {"uv": [4, 0, 0, 1.375], "rotation": 90, "texture": "#0"},
				"west": {"uv": [0, 0, 0, 16], "texture": "#0"},
				"up": {"uv": [0, 0, 0, 5.5], "rotation": 90, "texture": "#0"},
				"down": {"uv": [0, 0, 0, 5.5], "rotation": 90, "texture": "#0"}
			}
		},
		{
			"from": [8.95, -13.73686, 6.875],
			"to": [10.7, -12.23686, 7.625],
			"rotation": {"angle": -22.5, "axis": "z", "origin": [11.45, -11.73686, 7.25]},
			"faces": {
				"north": {"uv": [7.375, 9.125, 8.125, 10], "rotation": 270, "texture": "#0"},
				"east": {"uv": [0, 4, 0.5, 4.75], "rotation": 180, "texture": "#0"},
				"south": {"uv": [8.125, 9.125, 7.375, 10], "rotation": 90, "texture": "#0"},
				"west": {"uv": [7.125, 8.375, 7.625, 9.125], "texture": "#0"},
				"up": {"uv": [7.625, 8.25, 8.125, 9.125], "rotation": 90, "texture": "#0"},
				"down": {"uv": [6.875, 9.125, 7.375, 10], "rotation": 90, "texture": "#0"}
			}
		},
		{
			"from": [5.3, -13.73686, 6.875],
			"to": [7.05, -12.23686, 7.625],
			"rotation": {"angle": 22.5, "axis": "z", "origin": [4.55, -11.73686, 7.25]},
			"faces": {
				"north": {"uv": [7.375, 10, 8.125, 9.125], "rotation": 270, "texture": "#0"},
				"east": {"uv": [7.625, 8.375, 7.125, 9.125], "texture": "#0"},
				"south": {"uv": [8.125, 10, 7.375, 9.125], "rotation": 90, "texture": "#0"},
				"west": {"uv": [0.5, 4, 0, 4.75], "rotation": 180, "texture": "#0"},
				"up": {"uv": [7.625, 9.125, 8.125, 8.25], "rotation": 90, "texture": "#0"},
				"down": {"uv": [6.875, 10, 7.375, 9.125], "rotation": 90, "texture": "#0"}
			}
		},
		{
			"from": [-3.59679, -2.88219, 7],
			"to": [-1.59679, -2.13219, 7.25],
			"rotation": {"angle": -45, "axis": "z", "origin": [-1.55, -2.88686, 7.125]},
			"faces": {
				"north": {"uv": [5.625, 3.25, 4.625, 3.625], "rotation": 180, "texture": "#0"},
				"east": {"uv": [4.625, 3.25, 4.5, 3.625], "rotation": 180, "texture": "#0"},
				"south": {"uv": [4.625, 3.25, 5.625, 3.625], "rotation": 180, "texture": "#0"},
				"west": {"uv": [4.625, 3.25, 4.5, 3.625], "rotation": 180, "texture": "#0"},
				"up": {"uv": [4.625, 4.625, 4.75, 3.625], "rotation": 90, "texture": "#0"},
				"down": {"uv": [4.5, 4.625, 4.625, 3.625], "rotation": 270, "texture": "#0"}
			}
		},
		{
			"from": [-1.45606, -3.68963, 6.875],
			"to": [0.54393, -2.93963, 7.375],
			"rotation": {"angle": -22.5, "axis": "z", "origin": [0.55, -2.93686, 7.125]},
			"faces": {
				"north": {"uv": [5.5, 2.75, 4.5, 3.125], "rotation": 180, "texture": "#0"},
				"east": {"uv": [4.5, 3.125, 4.25, 3.5], "rotation": 180, "texture": "#0"},
				"south": {"uv": [4.5, 2.75, 5.5, 3.125], "rotation": 180, "texture": "#0"},
				"west": {"uv": [4.5, 2.75, 4.25, 3.125], "rotation": 180, "texture": "#0"},
				"up": {"uv": [4.25, 4.5, 4.5, 3.5], "rotation": 90, "texture": "#0"},
				"down": {"uv": [4, 4.375, 4.25, 3.375], "rotation": 270, "texture": "#0"}
			}
		},
		{
			"from": [0.63259, -4.01052, 6.75],
			"to": [1.63259, -2.51052, 7.5],
			"rotation": {"angle": 45, "axis": "z", "origin": [1.6, -4.03686, 7.125]},
			"faces": {
				"north": {"uv": [1.625, 5.625, 2.375, 5.125], "rotation": 270, "texture": "#0"},
				"east": {"uv": [3.125, 5.375, 2.75, 6.125], "texture": "#0"},
				"south": {"uv": [2.375, 5.625, 1.625, 5.125], "rotation": 90, "texture": "#0"},
				"west": {"uv": [2.75, 5.125, 2.375, 5.875], "rotation": 180, "texture": "#0"},
				"up": {"uv": [1.25, 5.625, 1.625, 5.125], "rotation": 90, "texture": "#0"},
				"down": {"uv": [1.25, 5.625, 1.625, 5.125], "rotation": 90, "texture": "#0"}
			}
		},
		{
			"from": [3.55, -4.98686, 6.625],
			"to": [4.8, -3.48686, 7.625],
			"rotation": {"angle": 22.5, "axis": "z", "origin": [4.5, -11.73686, 7.125]},
			"faces": {
				"north": {"uv": [3.25, 4.625, 4, 4], "rotation": 270, "texture": "#0"},
				"east": {"uv": [3.75, 4.625, 3.25, 5.375], "texture": "#0"},
				"south": {"uv": [4, 4.625, 3.25, 4], "rotation": 90, "texture": "#0"},
				"west": {"uv": [3.25, 4.625, 2.75, 5.375], "rotation": 180, "texture": "#0"},
				"up": {"uv": [3.5, 4, 4, 3.375], "rotation": 90, "texture": "#0"},
				"down": {"uv": [2.75, 4.625, 3.25, 4], "rotation": 90, "texture": "#0"}
			}
		},
		{
			"from": [6.91496, -15.31924, 7],
			"to": [7.91496, -14.81924, 7.25],
			"rotation": {"angle": 0, "axis": "y", "origin": [6.9, -15.31186, 7.125]},
			"faces": {
				"north": {"uv": [2, 6.125, 1.5, 6.375], "rotation": 180, "texture": "#0"},
				"east": {"uv": [2.5, 5.875, 2.375, 6.125], "rotation": 180, "texture": "#0"},
				"south": {"uv": [1.5, 6.125, 2, 6.375], "rotation": 180, "texture": "#0"},
				"west": {"uv": [2.5, 5.875, 2.375, 6.125], "rotation": 180, "texture": "#0"},
				"up": {"uv": [2.375, 6.625, 2.5, 6.125], "rotation": 90, "texture": "#0"},
				"down": {"uv": [2.25, 6.25, 2.375, 5.75], "rotation": 270, "texture": "#0"}
			}
		},
		{
			"from": [5.93451, -14.91753, 6.875],
			"to": [6.93451, -14.16753, 7.375],
			"rotation": {"angle": -22.5, "axis": "z", "origin": [5.9, -15.06186, 7.125]},
			"faces": {
				"north": {"uv": [2, 5.75, 1.5, 6.125], "rotation": 180, "texture": "#0"},
				"east": {"uv": [1.5, 5.75, 1.25, 6.125], "rotation": 180, "texture": "#0"},
				"south": {"uv": [1.5, 5.75, 2, 6.125], "rotation": 180, "texture": "#0"},
				"west": {"uv": [1.5, 5.75, 1.25, 6.125], "rotation": 180, "texture": "#0"},
				"up": {"uv": [2, 6.25, 2.25, 5.75], "rotation": 270, "texture": "#0"},
				"down": {"uv": [2.5, 6.375, 2.75, 5.875], "rotation": 270, "texture": "#0"}
			}
		},
		{
			"from": [5.25773, -15.44364, 6.75],
			"to": [6.25773, -14.44364, 7.5],
			"rotation": {"angle": 45, "axis": "z", "origin": [5.15, -14.43686, 7.125]},
			"faces": {
				"north": {"uv": [5.125, 4.25, 5.625, 3.75], "rotation": 270, "texture": "#0"},
				"east": {"uv": [5.125, 4.25, 4.75, 4.75], "texture": "#0"},
				"south": {"uv": [5.625, 4.25, 5.125, 3.75], "rotation": 90, "texture": "#0"},
				"west": {"uv": [5.125, 3.75, 4.75, 4.25], "rotation": 180, "texture": "#0"},
				"up": {"uv": [5.125, 4.75, 5.5, 4.25], "rotation": 90, "texture": "#0"},
				"down": {"uv": [5.125, 4.75, 5.5, 4.25], "rotation": 90, "texture": "#0"}
			}
		},
		{
			"from": [4.05, -14.48686, 6.625],
			"to": [5.3, -4.98686, 7.625],
			"rotation": {"angle": 22.5, "axis": "z", "origin": [4.5, -11.73686, 7.125]},
			"faces": {
				"north": {"uv": [1.75, 2.625, 6.5, 2], "rotation": 270, "texture": "#0"},
				"east": {"uv": [1, 4, 0.5, 8.75], "texture": "#0"},
				"south": {"uv": [6.5, 2.625, 1.75, 2], "rotation": 90, "texture": "#0"},
				"west": {"uv": [0.5, 4, 0, 8.75], "rotation": 180, "texture": "#0"},
				"up": {"uv": [1.25, 3.25, 1.75, 2.625], "rotation": 90, "texture": "#0"},
				"down": {"uv": [1.25, 2.625, 1.75, 2], "rotation": 90, "texture": "#0"}
			}
		},
		{
			"from": [1.64498, -9.6224, 6.375],
			"to": [2.89498, -6.1224, 7.875],
			"rotation": {"angle": 0, "axis": "y", "origin": [1.65, -9.58686, 7.125]},
			"faces": {
				"north": {"uv": [2.5, 3.375, 4.25, 2.75], "rotation": 270, "texture": "#0"},
				"east": {"uv": [2.75, 3.375, 2, 5.125], "texture": "#0"},
				"south": {"uv": [3.625, 5.375, 5.375, 4.75], "rotation": 90, "texture": "#0"},
				"west": {"uv": [2, 3.375, 1.25, 5.125], "rotation": 180, "texture": "#0"},
				"up": {"uv": [2.75, 4, 3.5, 3.375], "rotation": 90, "texture": "#0"},
				"down": {"uv": [1.75, 3.375, 2.5, 2.75], "rotation": 90, "texture": "#0"}
			}
		},
		{
			"from": [4, -12.23686, 6.5],
			"to": [5, -8.23686, 7.75],
			"rotation": {"angle": 45, "axis": "z", "origin": [4.5, -11.73686, 7.125]},
			"faces": {
				"north": {"uv": [0.625, 2, 2.625, 1.5], "rotation": 270, "texture": "#0"},
				"east": {"uv": [0.625, 2, 0, 4], "texture": "#0"},
				"south": {"uv": [2.625, 2, 0.625, 1.5], "rotation": 90, "texture": "#0"},
				"west": {"uv": [1.25, 2, 0.625, 4], "rotation": 180, "texture": "#0"},
				"up": {"uv": [0, 2, 0.625, 1.5], "rotation": 90, "texture": "#0"},
				"down": {"uv": [0, 2, 0.625, 1.5], "rotation": 90, "texture": "#0"}
			}
		},
		{
			"from": [-4, -12.73686, 7.125],
			"to": [1.5, -2.23686, 7.125],
			"rotation": {"angle": 45, "axis": "z", "origin": [-1, -6.23686, 7.125]},
			"faces": {
				"north": {"uv": [10.25, 7.5, 13, 12.75], "texture": "#0"},
				"east": {"uv": [0, 0, 0, 5.25], "texture": "#0"},
				"south": {"uv": [13, 7.5, 10.25, 12.75], "texture": "#0"},
				"west": {"uv": [0, 0, 0, 5.25], "texture": "#0"},
				"up": {"uv": [0, 0, 2.75, 0], "texture": "#0"},
				"down": {"uv": [0, 0, 2.75, 0], "texture": "#0"}
			}
		},
		{
			"from": [14.5, -12.73686, 7.125],
			"to": [20, -2.23686, 7.125],
			"rotation": {"angle": -45, "axis": "z", "origin": [17, -6.23686, 7.125]},
			"faces": {
				"north": {"uv": [13, 7.5, 10.25, 12.75], "texture": "#0"},
				"east": {"uv": [0, 0, 0, 5.25], "texture": "#0"},
				"south": {"uv": [10.25, 7.5, 13, 12.75], "texture": "#0"},
				"west": {"uv": [0, 0, 0, 5.25], "texture": "#0"},
				"up": {"uv": [2.75, 0, 0, 0], "texture": "#0"},
				"down": {"uv": [2.75, 0, 0, 0], "texture": "#0"}
			}
		},
		{
			"from": [7.7, -13.43686, 8.125],
			"to": [10.2, -10.93686, 8.625],
			"rotation": {"angle": -45, "axis": "z", "origin": [8, -11.23686, 8.125]},
			"faces": {
				"north": {"uv": [5.25, 2, 6.5, 0.75], "rotation": 270, "texture": "#0"},
				"east": {"uv": [5, 0.5, 6.25, 0.75], "rotation": 270, "texture": "#0"},
				"south": {"uv": [5.25, 2, 6.5, 0.75], "rotation": 90, "texture": "#0"},
				"west": {"uv": [5.25, 0.75, 5, 2], "rotation": 180, "texture": "#0"},
				"up": {"uv": [5.25, 0.75, 5, 2], "rotation": 270, "texture": "#0"},
				"down": {"uv": [5, 0.75, 6.25, 0.5], "rotation": 180, "texture": "#0"}
			}
		},
		{
			"from": [3.25, -15.78686, 6.125],
			"to": [7.5, -11.53686, 8.125],
			"rotation": {"angle": -45, "axis": "z", "origin": [8, -16.28686, 7.125]},
			"faces": {
				"north": {"uv": [13.875, 3.25, 16, 5.375], "rotation": 90, "texture": "#0"},
				"east": {"uv": [11.5, 2.625, 12.5, 4.75], "rotation": 180, "texture": "#0"},
				"south": {"uv": [13.875, 3.25, 16, 5.375], "rotation": 270, "texture": "#0"},
				"west": {"uv": [11.5, 2.625, 12.5, 4.75], "rotation": 180, "texture": "#0"},
				"up": {"uv": [11.5, 2.625, 12.5, 4.75], "rotation": 270, "texture": "#0"},
				"down": {"uv": [11.5, 4.75, 12.5, 2.625], "rotation": 270, "texture": "#0"}
			}
		},
		{
			"from": [7.7, -13.43686, 5.625],
			"to": [10.2, -10.93686, 6.125],
			"rotation": {"angle": -45, "axis": "z", "origin": [8, -11.23686, 7.125]},
			"faces": {
				"north": {"uv": [5.25, 0.75, 6.5, 2], "rotation": 90, "texture": "#0"},
				"east": {"uv": [5, 0.75, 6.25, 0.5], "rotation": 270, "texture": "#0"},
				"south": {"uv": [5.25, 0.75, 6.5, 2], "rotation": 270, "texture": "#0"},
				"west": {"uv": [5, 0.75, 5.25, 2], "rotation": 180, "texture": "#0"},
				"up": {"uv": [5, 0.75, 5.25, 2], "rotation": 270, "texture": "#0"},
				"down": {"uv": [5, 0.5, 6.25, 0.75], "rotation": 180, "texture": "#0"}
			}
		},
		{
			"from": [9.6382, -7.62673, 7.125],
			"to": [16.6382, 0.87327, 7.125],
			"rotation": {"angle": -22.5, "axis": "z", "origin": [13.1382, -3.37673, 7.125]},
			"faces": {
				"north": {"uv": [0, 0, 16, 14], "rotation": 90, "texture": "#1"},
				"east": {"uv": [7.5, 0, 7.5, 16], "rotation": 180, "texture": "#1"},
				"south": {"uv": [16, 0, 0, 14], "rotation": 270, "texture": "#1"},
				"west": {"uv": [6.875, 0, 6.875, 16], "texture": "#1"},
				"up": {"uv": [8.125, 2, 8.125, 16], "rotation": 270, "texture": "#1"},
				"down": {"uv": [8.125, 2, 8.125, 16], "rotation": 270, "texture": "#1"}
			}
		},
		{
			"from": [5.3, -14.73686, 7.125],
			"to": [8.05, -6.73686, 7.125],
			"rotation": {"angle": 22.5, "axis": "z", "origin": [4.5, -11.73686, 7.25]},
			"faces": {
				"north": {"uv": [0, 1.375, 4, 0], "rotation": 270, "texture": "#0"},
				"east": {"uv": [0, 0, 0, 16], "texture": "#0"},
				"south": {"uv": [4, 1.375, 0, 0], "rotation": 90, "texture": "#0"},
				"west": {"uv": [0, 16, 0, 0], "rotation": 180, "texture": "#0"},
				"up": {"uv": [0, 5.5, 0, 0], "rotation": 90, "texture": "#0"},
				"down": {"uv": [0, 5.5, 0, 0], "rotation": 90, "texture": "#0"}
			}
		},
		{
			"from": [-0.63819, -7.62673, 7.125],
			"to": [6.36181, 0.87327, 7.125],
			"rotation": {"angle": 22.5, "axis": "z", "origin": [2.86181, -3.37673, 7.125]},
			"faces": {
				"north": {"uv": [0, 14, 16, 0], "rotation": 90, "texture": "#1"},
				"east": {"uv": [6.875, 0, 6.875, 16], "texture": "#1"},
				"south": {"uv": [16, 14, 0, 0], "rotation": 270, "texture": "#1"},
				"west": {"uv": [7.5, 0, 7.5, 16], "rotation": 180, "texture": "#1"},
				"up": {"uv": [8.125, 16, 8.125, 2], "rotation": 270, "texture": "#1"},
				"down": {"uv": [8.125, 16, 8.125, 2], "rotation": 270, "texture": "#1"}
			}
		},
		{
			"from": [0.5, -14.23686, 8.625],
			"to": [8, -6.73686, 8.625],
			"rotation": {"angle": 0, "axis": "y", "origin": [4, -14.73686, 3.625]},
			"faces": {
				"north": {"uv": [1, 0, 16, 15], "texture": "#2"},
				"east": {"uv": [0, 0, 0, 16], "texture": "#2"},
				"south": {"uv": [16, 0, 1, 15], "texture": "#2"},
				"west": {"uv": [0, 0, 0, 16], "texture": "#2"},
				"up": {"uv": [0, 0, 0, 16], "rotation": 90, "texture": "#2"},
				"down": {"uv": [0, 0, 0, 16], "rotation": 270, "texture": "#2"}
			}
		},
		{
			"from": [8, -14.23686, 8.625],
			"to": [15.5, -6.73686, 8.625],
			"rotation": {"angle": 0, "axis": "y", "origin": [12, -14.73686, 3.625]},
			"faces": {
				"north": {"uv": [16, 0, 1, 15], "texture": "#2"},
				"east": {"uv": [0, 0, 0, 16], "texture": "#2"},
				"south": {"uv": [1, 0, 16, 15], "texture": "#2"},
				"west": {"uv": [0, 0, 0, 16], "texture": "#2"},
				"up": {"uv": [0, 16, 0, 0], "rotation": 90, "texture": "#2"},
				"down": {"uv": [0, 16, 0, 0], "rotation": 270, "texture": "#2"}
			}
		}
	],
	"gui_light": "front",
	"display": {
		"thirdperson_righthand": {
			"rotation": [68.5, 0, 0],
			"translation": [0, 0.75, 0.75],
			"scale": [0.4, 0.4, 0.4]
		},
		"thirdperson_lefthand": {
			"rotation": [68.5, 0, 0],
			"translation": [-5.5, -6.75, 12],
			"scale": [0.85, 0.85, 0.85]
		},
		"firstperson_righthand": {
			"translation": [-1.75, 3, 1],
			"scale": [0.36914, 0.36914, 0.36914]
		},
		"firstperson_lefthand": {
			"rotation": [0, -92, 0],
			"translation": [0.5, 3, 2.25],
			"scale": [0, 0, 0]
		},
		"ground": {
			"rotation": [69, 0, 0],
			"translation": [0, 1.75, 0],
			"scale": [0.5, 0.5, 0.5]
		},
		"gui": {
			"translation": [0, -1.25, 0],
			"scale": [0.31148, 0.31148, 0.31148]
		},
		"head": {
			"translation": [0, -62.25, 4.75],
			"scale": [2.4, 2.4, 2.4]
		},
		"fixed": {
			"rotation": [-180, -3, 180],
			"translation": [0, 1, -2],
			"scale": [1.01258, 1.01258, 1.01258]
		}
	},
	"groups": [
		{
			"name": "group",
			"origin": [16, 0, 0],
			"color": 0,
			"boneType": "",
			"children": [0, 1, 2, 3, 4, 5, 6, 7, 8, 9, 10, 11, 12, 13, 14, 15, 16, 17, 18, 19, 20, 21, 22, 23, 24, 25, 26, 27, 28, 29, 30, 31, 32]
		}
	]
}