{
	"credit": "Made with Blockbench",
	"texture_size": [64, 64],
	"textures": {
		"0": "item/abyss/tex3",
		"1": "item/abyss/hornfire",
		"particle": "item/abyss/tex3"
	},
	"elements": [
		{
			"from": [7.39134, 14.85501, 8.29449],
			"to": [9.89134, 16.85501, 16.29449],
			"rotation": {"angle": -45, "axis": "x", "origin": [8.89134, 8, 7.25]},
			"faces": {
				"north": {"uv": [0, 1.5, 0.625, 2], "texture": "#0"},
				"east": {"uv": [2.625, 1.5, 0.625, 2], "texture": "#0"},
				"south": {"uv": [0, 1.5, 0.625, 2], "texture": "#0"},
				"west": {"uv": [0.625, 1.5, 2.625, 2], "texture": "#0"},
				"up": {"uv": [0.625, 2, 1.25, 4], "texture": "#0"},
				"down": {"uv": [0, 2, 0.625, 4], "texture": "#0"}
			}
		},
		{
			"from": [7.14134, 18.21005, 7.37027],
			"to": [10.14134, 20.71005, 14.37027],
			"rotation": {"angle": 0, "axis": "y", "origin": [8.89134, 8, 7.25]},
			"faces": {
				"north": {"uv": [1.75, 2.75, 2.5, 3.375], "texture": "#0"},
				"east": {"uv": [3.625, 4.75, 5.375, 5.375], "texture": "#0"},
				"south": {"uv": [2.75, 3.375, 3.5, 4], "texture": "#0"},
				"west": {"uv": [2.5, 2.75, 4.25, 3.375], "texture": "#0"},
				"up": {"uv": [1.25, 3.375, 2, 5.125], "texture": "#0"},
				"down": {"uv": [2, 3.375, 2.75, 5.125], "texture": "#0"}
			}
		},
		{
			"from": [7.64134, 14.43947, 0.63288],
			"to": [9.64134, 16.93947, 19.63288],
			"rotation": {"angle": -22.5, "axis": "x", "origin": [8.89134, 8, 7.25]},
			"faces": {
				"north": {"uv": [1.25, 2, 1.75, 2.625], "texture": "#0"},
				"east": {"uv": [6.5, 2, 1.75, 2.625], "texture": "#0"},
				"south": {"uv": [1.25, 2.625, 1.75, 3.25], "texture": "#0"},
				"west": {"uv": [1.75, 2, 6.5, 2.625], "texture": "#0"},
				"up": {"uv": [0, 4, 0.5, 8.75], "texture": "#0"},
				"down": {"uv": [0.5, 4, 1, 8.75], "texture": "#0"}
			}
		},
		{
			"from": [8.14134, 5.69412, -4.0083],
			"to": [9.14134, 7.69412, -2.5083],
			"rotation": {"angle": 22.5, "axis": "x", "origin": [8.89134, 8, 7.25]},
			"faces": {
				"north": {"uv": [2.5, 5.875, 2.75, 6.375], "rotation": 180, "texture": "#0"},
				"east": {"uv": [2, 5.75, 1.5, 6.125], "rotation": 90, "texture": "#0"},
				"south": {"uv": [2, 5.75, 2.25, 6.25], "rotation": 180, "texture": "#0"},
				"west": {"uv": [1.5, 5.75, 2, 6.125], "rotation": 270, "texture": "#0"},
				"up": {"uv": [1.25, 5.75, 1.5, 6.125], "texture": "#0"},
				"down": {"uv": [1.25, 5.75, 1.5, 6.125], "rotation": 180, "texture": "#0"}
			}
		},
		{
			"from": [8.39134, 8.17008, -4.02342],
			"to": [8.89134, 10.17008, -3.02342],
			"rotation": {"angle": 0, "axis": "y", "origin": [8.89134, 8, 7.25]},
			"faces": {
				"north": {"uv": [2.25, 5.75, 2.375, 6.25], "rotation": 180, "texture": "#0"},
				"east": {"uv": [2, 6.125, 1.5, 6.375], "rotation": 90, "texture": "#0"},
				"south": {"uv": [2.375, 6.125, 2.5, 6.625], "texture": "#0"},
				"west": {"uv": [1.5, 6.125, 2, 6.375], "rotation": 270, "texture": "#0"},
				"up": {"uv": [2.375, 5.875, 2.5, 6.125], "texture": "#0"},
				"down": {"uv": [2.375, 5.875, 2.5, 6.125], "rotation": 180, "texture": "#0"}
			}
		},
		{
			"from": [7.64134, 15.43947, 19.63288],
			"to": [9.64134, 17.93947, 22.63288],
			"rotation": {"angle": -22.5, "axis": "x", "origin": [8.89134, 8, 7.25]},
			"faces": {
				"north": {"uv": [2.75, 4, 3.25, 4.625], "texture": "#0"},
				"east": {"uv": [4, 4, 3.25, 4.625], "texture": "#0"},
				"south": {"uv": [3.5, 3.375, 4, 4], "texture": "#0"},
				"west": {"uv": [3.25, 4, 4, 4.625], "texture": "#0"},
				"up": {"uv": [2.75, 4.625, 3.25, 5.375], "texture": "#0"},
				"down": {"uv": [3.25, 4.625, 3.75, 5.375], "texture": "#0"}
			}
		},
		{
			"from": [7.89134, 9.00161, 24.33784],
			"to": [9.39134, 11.00161, 27.33784],
			"rotation": {"angle": -45, "axis": "x", "origin": [8.89134, 8, 7.25]},
			"faces": {
				"north": {"uv": [1.25, 5.125, 1.625, 5.625], "texture": "#0"},
				"east": {"uv": [2.375, 5.125, 1.625, 5.625], "texture": "#0"},
				"south": {"uv": [1.25, 5.125, 1.625, 5.625], "texture": "#0"},
				"west": {"uv": [1.625, 5.125, 2.375, 5.625], "texture": "#0"},
				"up": {"uv": [2.375, 5.125, 2.75, 5.875], "texture": "#0"},
				"down": {"uv": [2.75, 5.375, 3.125, 6.125], "texture": "#0"}
			}
		},
		{
			"from": [8.14134, 26.94085, 12.50686],
			"to": [9.14134, 30.94085, 14.00686],
			"rotation": {"angle": 22.5, "axis": "x", "origin": [8.89134, 8, 7.25]},
			"faces": {
				"north": {"uv": [4, 3.375, 4.25, 4.375], "rotation": 180, "texture": "#0"},
				"east": {"uv": [5.5, 2.75, 4.5, 3.125], "rotation": 90, "texture": "#0"},
				"south": {"uv": [4.25, 3.5, 4.5, 4.5], "texture": "#0"},
				"west": {"uv": [4.5, 2.75, 5.5, 3.125], "rotation": 270, "texture": "#0"},
				"up": {"uv": [4.25, 2.75, 4.5, 3.125], "texture": "#0"},
				"down": {"uv": [4.25, 3.125, 4.5, 3.5], "rotation": 180, "texture": "#0"}
			}
		},
		{
			"from": [8.39134, 28, 3.36414],
			"to": [8.89134, 32, 4.86414],
			"rotation": {"angle": 45, "axis": "x", "origin": [8.89134, 8, 7.25]},
			"faces": {
				"north": {"uv": [4.5, 3.625, 4.625, 4.625], "rotation": 180, "texture": "#0"},
				"east": {"uv": [5.625, 3.25, 4.625, 3.625], "rotation": 90, "texture": "#0"},
				"south": {"uv": [4.625, 3.625, 4.75, 4.625], "texture": "#0"},
				"west": {"uv": [4.625, 3.25, 5.625, 3.625], "rotation": 270, "texture": "#0"},
				"up": {"uv": [4.5, 3.25, 4.625, 3.625], "texture": "#0"},
				"down": {"uv": [4.5, 3.25, 4.625, 3.625], "rotation": 180, "texture": "#0"}
			}
		},
		{
			"from": [8.64134, 8.93947, -1.86712],
			"to": [8.64134, 14.43947, 14.13288],
			"rotation": {"angle": -22.5, "axis": "x", "origin": [8.89134, 8, 7.25]},
			"faces": {
				"north": {"uv": [0, 0, 0, 5.5], "texture": "#0"},
				"east": {"uv": [4, 0, 0, 1.375], "texture": "#0"},
				"south": {"uv": [0, 0, 0, 5.5], "texture": "#0"},
				"west": {"uv": [0, 0, 4, 1.375], "texture": "#0"},
				"up": {"uv": [0, 16, 0, 0], "texture": "#0"},
				"down": {"uv": [0, 0, 0, 16], "texture": "#0"}
			}
		},
		{
			"from": [7.91634, 4.81752, -5.39268],
			"to": [9.36634, 8.31752, -2.39268],
			"rotation": {"angle": 22.5, "axis": "x", "origin": [8.89134, 8, 7.25]},
			"faces": {
				"north": {"uv": [8.125, 8.25, 7.625, 9.125], "texture": "#0"},
				"east": {"uv": [7.375, 9.125, 8.125, 10], "texture": "#0"},
				"south": {"uv": [7.375, 9.125, 6.875, 10], "texture": "#0"},
				"west": {"uv": [8.125, 9.125, 7.375, 10], "texture": "#0"},
				"up": {"uv": [0, 4.75, 0.5, 4], "texture": "#0"},
				"down": {"uv": [7.125, 9.125, 7.625, 8.375], "texture": "#0"}
			}
		},
		{
			"from": [7.64134, -0.6278, -1.3778],
			"to": [8.64134, 4.3722, 3.6222],
			"rotation": {"angle": 45, "axis": "x", "origin": [8.89134, 8, 7.25]},
			"faces": {
				"north": {"uv": [5.25, 0.75, 5, 2], "rotation": 180, "texture": "#0"},
				"east": {"uv": [6.5, 0.75, 5.25, 2], "rotation": 180, "texture": "#0"},
				"south": {"uv": [5, 0.75, 6.25, 0.5], "rotation": 90, "texture": "#0"},
				"west": {"uv": [6.5, 0.75, 5.25, 2], "rotation": 180, "texture": "#0"},
				"up": {"uv": [6.25, 0.5, 5, 0.75], "rotation": 90, "texture": "#0"},
				"down": {"uv": [5, 2, 5.25, 0.75], "rotation": 180, "texture": "#0"}
			}
		},
		{
			"from": [8.64134, -0.6278, -1.3778],
			"to": [9.64134, 4.3722, 3.6222],
			"rotation": {"angle": 45, "axis": "x", "origin": [8.89134, 8, 7.25]},
			"faces": {
				"north": {"uv": [5, 0.75, 5.25, 2], "rotation": 180, "texture": "#0"},
				"east": {"uv": [6.5, 2, 5.25, 0.75], "texture": "#0"},
				"south": {"uv": [5, 0.5, 6.25, 0.75], "rotation": 90, "texture": "#0"},
				"west": {"uv": [6.5, 2, 5.25, 0.75], "texture": "#0"},
				"up": {"uv": [6.25, 0.75, 5, 0.5], "rotation": 90, "texture": "#0"},
				"down": {"uv": [5.25, 2, 5, 0.75], "rotation": 180, "texture": "#0"}
			}
		},
		{
			"from": [7.91634, 7.68248, -5.39268],
			"to": [9.36634, 11.18248, -2.39268],
			"rotation": {"angle": -22.5, "axis": "x", "origin": [8.89134, 8, 7.25]},
			"faces": {
				"north": {"uv": [8.125, 9.125, 7.625, 8.25], "texture": "#0"},
				"east": {"uv": [7.375, 10, 8.125, 9.125], "texture": "#0"},
				"south": {"uv": [7.375, 10, 6.875, 9.125], "texture": "#0"},
				"west": {"uv": [8.125, 10, 7.375, 9.125], "texture": "#0"},
				"up": {"uv": [7.625, 9.125, 7.125, 8.375], "rotation": 180, "texture": "#0"},
				"down": {"uv": [0.5, 4.75, 0, 4], "rotation": 180, "texture": "#0"}
			}
		},
		{
			"from": [8.64134, 1.56053, -1.86712],
			"to": [8.64134, 7.06053, 14.13288],
			"rotation": {"angle": 22.5, "axis": "x", "origin": [8.89134, 8, 7.25]},
			"faces": {
				"north": {"uv": [0, 5.5, 0, 0], "texture": "#0"},
				"east": {"uv": [4, 1.375, 0, 0], "texture": "#0"},
				"south": {"uv": [0, 5.5, 0, 0], "texture": "#0"},
				"west": {"uv": [0, 1.375, 4, 0], "texture": "#0"},
				"up": {"uv": [0, 0, 0, 16], "rotation": 180, "texture": "#0"},
				"down": {"uv": [0, 16, 0, 0], "rotation": 180, "texture": "#0"}
			}
		},
		{
			"from": [8.39134, -16, 3.36414],
			"to": [8.89134, -12, 4.86414],
			"rotation": {"angle": -45, "axis": "x", "origin": [8.89134, 8, 7.25]},
			"faces": {
				"north": {"uv": [4.5, 4.625, 4.625, 3.625], "rotation": 180, "texture": "#0"},
				"east": {"uv": [4.625, 3.25, 5.625, 3.625], "rotation": 90, "texture": "#0"},
				"south": {"uv": [4.625, 4.625, 4.75, 3.625], "texture": "#0"},
				"west": {"uv": [5.625, 3.25, 4.625, 3.625], "rotation": 270, "texture": "#0"},
				"up": {"uv": [4.625, 3.25, 4.5, 3.625], "texture": "#0"},
				"down": {"uv": [4.625, 3.25, 4.5, 3.625], "rotation": 180, "texture": "#0"}
			}
		},
		{
			"from": [8.14134, -14.94085, 12.50686],
			"to": [9.14134, -10.94085, 14.00686],
			"rotation": {"angle": -22.5, "axis": "x", "origin": [8.89134, 8, 7.25]},
			"faces": {
				"north": {"uv": [4, 4.375, 4.25, 3.375], "rotation": 180, "texture": "#0"},
				"east": {"uv": [4.5, 2.75, 5.5, 3.125], "rotation": 90, "texture": "#0"},
				"south": {"uv": [4.25, 4.5, 4.5, 3.5], "texture": "#0"},
				"west": {"uv": [5.5, 2.75, 4.5, 3.125], "rotation": 270, "texture": "#0"},
				"up": {"uv": [4.5, 3.125, 4.25, 3.5], "texture": "#0"},
				"down": {"uv": [4.5, 2.75, 4.25, 3.125], "rotation": 180, "texture": "#0"}
			}
		},
		{
			"from": [7.89134, 4.99839, 24.33784],
			"to": [9.39134, 6.99839, 27.33784],
			"rotation": {"angle": 45, "axis": "x", "origin": [8.89134, 8, 7.25]},
			"faces": {
				"north": {"uv": [1.25, 5.625, 1.625, 5.125], "texture": "#0"},
				"east": {"uv": [2.375, 5.625, 1.625, 5.125], "texture": "#0"},
				"south": {"uv": [1.25, 5.625, 1.625, 5.125], "texture": "#0"},
				"west": {"uv": [1.625, 5.625, 2.375, 5.125], "texture": "#0"},
				"up": {"uv": [3.125, 5.375, 2.75, 6.125], "rotation": 180, "texture": "#0"},
				"down": {"uv": [2.75, 5.125, 2.375, 5.875], "rotation": 180, "texture": "#0"}
			}
		},
		{
			"from": [7.64134, -1.93947, 19.63288],
			"to": [9.64134, 0.56053, 22.63288],
			"rotation": {"angle": 22.5, "axis": "x", "origin": [8.89134, 8, 7.25]},
			"faces": {
				"north": {"uv": [2.75, 4.625, 3.25, 4], "texture": "#0"},
				"east": {"uv": [4, 4.625, 3.25, 4], "texture": "#0"},
				"south": {"uv": [3.5, 4, 4, 3.375], "texture": "#0"},
				"west": {"uv": [3.25, 4.625, 4, 4], "texture": "#0"},
				"up": {"uv": [3.75, 4.625, 3.25, 5.375], "rotation": 180, "texture": "#0"},
				"down": {"uv": [3.25, 4.625, 2.75, 5.375], "rotation": 180, "texture": "#0"}
			}
		},
		{
			"from": [8.39134, 5.82992, -4.02342],
			"to": [8.89134, 7.82992, -3.02342],
			"rotation": {"angle": 0, "axis": "y", "origin": [8.89134, 8, 7.25]},
			"faces": {
				"north": {"uv": [2.25, 6.25, 2.375, 5.75], "rotation": 180, "texture": "#0"},
				"east": {"uv": [1.5, 6.125, 2, 6.375], "rotation": 90, "texture": "#0"},
				"south": {"uv": [2.375, 6.625, 2.5, 6.125], "texture": "#0"},
				"west": {"uv": [2, 6.125, 1.5, 6.375], "rotation": 270, "texture": "#0"},
				"up": {"uv": [2.5, 5.875, 2.375, 6.125], "texture": "#0"},
				"down": {"uv": [2.5, 5.875, 2.375, 6.125], "rotation": 180, "texture": "#0"}
			}
		},
		{
			"from": [8.14134, 8.30588, -4.0083],
			"to": [9.14134, 10.30588, -2.5083],
			"rotation": {"angle": -22.5, "axis": "x", "origin": [8.89134, 8, 7.25]},
			"faces": {
				"north": {"uv": [2.5, 6.375, 2.75, 5.875], "rotation": 180, "texture": "#0"},
				"east": {"uv": [1.5, 5.75, 2, 6.125], "rotation": 90, "texture": "#0"},
				"south": {"uv": [2, 6.25, 2.25, 5.75], "rotation": 180, "texture": "#0"},
				"west": {"uv": [2, 5.75, 1.5, 6.125], "rotation": 270, "texture": "#0"},
				"up": {"uv": [1.5, 5.75, 1.25, 6.125], "texture": "#0"},
				"down": {"uv": [1.5, 5.75, 1.25, 6.125], "rotation": 180, "texture": "#0"}
			}
		},
		{
			"from": [7.64134, -0.93947, 0.63288],
			"to": [9.64134, 1.56053, 19.63288],
			"rotation": {"angle": 22.5, "axis": "x", "origin": [8.89134, 8, 7.25]},
			"faces": {
				"north": {"uv": [1.25, 2.625, 1.75, 2], "texture": "#0"},
				"east": {"uv": [6.5, 2.625, 1.75, 2], "texture": "#0"},
				"south": {"uv": [1.25, 3.25, 1.75, 2.625], "texture": "#0"},
				"west": {"uv": [1.75, 2.625, 6.5, 2], "texture": "#0"},
				"up": {"uv": [1, 4, 0.5, 8.75], "rotation": 180, "texture": "#0"},
				"down": {"uv": [0.5, 4, 0, 8.75], "rotation": 180, "texture": "#0"}
			}
		},
		{
			"from": [7.14134, -4.71005, 7.37027],
			"to": [10.14134, -2.21005, 14.37027],
			"rotation": {"angle": 0, "axis": "y", "origin": [8.89134, 8, 7.25]},
			"faces": {
				"north": {"uv": [1.75, 3.375, 2.5, 2.75], "texture": "#0"},
				"east": {"uv": [3.625, 5.375, 5.375, 4.75], "texture": "#0"},
				"south": {"uv": [2.75, 4, 3.5, 3.375], "texture": "#0"},
				"west": {"uv": [2.5, 3.375, 4.25, 2.75], "texture": "#0"},
				"up": {"uv": [2.75, 3.375, 2, 5.125], "rotation": 180, "texture": "#0"},
				"down": {"uv": [2, 3.375, 1.25, 5.125], "rotation": 180, "texture": "#0"}
			}
		},
		{
			"from": [7.39134, -0.85501, 8.29449],
			"to": [9.89134, 1.14499, 16.29449],
			"rotation": {"angle": 45, "axis": "x", "origin": [8.89134, 8, 7.25]},
			"faces": {
				"north": {"uv": [0, 2, 0.625, 1.5], "texture": "#0"},
				"east": {"uv": [2.625, 2, 0.625, 1.5], "texture": "#0"},
				"south": {"uv": [0, 2, 0.625, 1.5], "texture": "#0"},
				"west": {"uv": [0.625, 2, 2.625, 1.5], "texture": "#0"},
				"up": {"uv": [0.625, 2, 0, 4], "rotation": 180, "texture": "#0"},
				"down": {"uv": [1.25, 2, 0.625, 4], "rotation": 180, "texture": "#0"}
			}
		},
		{
			"from": [7.89134, 16.5387, 2.54331],
			"to": [9.39134, 18.5387, 4.54331],
			"rotation": {"angle": -45, "axis": "x", "origin": [8.89134, 8, 7.25]},
			"faces": {
				"north": {"uv": [5.125, 4.25, 5.5, 4.75], "texture": "#0"},
				"east": {"uv": [5.625, 3.75, 5.125, 4.25], "texture": "#0"},
				"south": {"uv": [5.125, 4.25, 5.5, 4.75], "texture": "#0"},
				"west": {"uv": [5.125, 3.75, 5.625, 4.25], "texture": "#0"},
				"up": {"uv": [4.75, 3.75, 5.125, 4.25], "texture": "#0"},
				"down": {"uv": [4.75, 4.25, 5.125, 4.75], "texture": "#0"}
			}
		},
		{
			"from": [7.89134, -2.5387, 2.54331],
			"to": [9.39134, -0.5387, 4.54331],
			"rotation": {"angle": 45, "axis": "x", "origin": [8.89134, 8, 7.25]},
			"faces": {
				"north": {"uv": [5.125, 4.75, 5.5, 4.25], "texture": "#0"},
				"east": {"uv": [5.625, 4.25, 5.125, 3.75], "texture": "#0"},
				"south": {"uv": [5.125, 4.75, 5.5, 4.25], "texture": "#0"},
				"west": {"uv": [5.125, 4.25, 5.625, 3.75], "texture": "#0"},
				"up": {"uv": [5.125, 4.25, 4.75, 4.75], "rotation": 180, "texture": "#0"},
				"down": {"uv": [5.125, 3.75, 4.75, 4.25], "rotation": 180, "texture": "#0"}
			}
		},
		{
			"from": [8.39134, 0.53524, -7.48858],
			"to": [8.89134, 1.53524, -5.48858],
			"rotation": {"angle": 0, "axis": "y", "origin": [8.89134, 8, 7.25]},
			"faces": {
				"north": {"uv": [2.5, 5.875, 2.375, 6.125], "rotation": 180, "texture": "#0"},
				"east": {"uv": [1.5, 6.125, 2, 6.375], "rotation": 180, "texture": "#0"},
				"south": {"uv": [2.5, 5.875, 2.375, 6.125], "rotation": 180, "texture": "#0"},
				"west": {"uv": [2, 6.125, 1.5, 6.375], "rotation": 180, "texture": "#0"},
				"up": {"uv": [2.375, 6.625, 2.5, 6.125], "texture": "#0"},
				"down": {"uv": [2.25, 6.25, 2.375, 5.75], "texture": "#0"}
			}
		},
		{
			"from": [8.14134, 5.96573, -7.37218],
			"to": [9.14134, 7.46573, -5.37218],
			"rotation": {"angle": -22.5, "axis": "x", "origin": [8.89134, 8, 7.25]},
			"faces": {
				"north": {"uv": [1.5, 5.75, 1.25, 6.125], "rotation": 180, "texture": "#0"},
				"east": {"uv": [1.5, 5.75, 2, 6.125], "rotation": 180, "texture": "#0"},
				"south": {"uv": [1.5, 5.75, 1.25, 6.125], "rotation": 180, "texture": "#0"},
				"west": {"uv": [2, 5.75, 1.5, 6.125], "rotation": 180, "texture": "#0"},
				"up": {"uv": [2, 6.25, 2.25, 5.75], "rotation": 180, "texture": "#0"},
				"down": {"uv": [2.5, 6.375, 2.75, 5.875], "texture": "#0"}
			}
		},
		{
			"from": [7.89134, -4.55558, 2.55356],
			"to": [9.39134, -2.55558, 4.55356],
			"rotation": {"angle": 45, "axis": "x", "origin": [8.89134, 8, 7.25]},
			"faces": {
				"north": {"uv": [5.125, 4.25, 4.75, 4.75], "texture": "#0"},
				"east": {"uv": [5.625, 4.25, 5.125, 3.75], "rotation": 90, "texture": "#0"},
				"south": {"uv": [5.125, 3.75, 4.75, 4.25], "rotation": 180, "texture": "#0"},
				"west": {"uv": [5.125, 4.25, 5.625, 3.75], "rotation": 270, "texture": "#0"},
				"up": {"uv": [5.125, 4.75, 5.5, 4.25], "texture": "#0"},
				"down": {"uv": [5.125, 4.75, 5.5, 4.25], "rotation": 180, "texture": "#0"}
			}
		},
		{
			"from": [7.89134, 18.55558, 2.55356],
			"to": [9.39134, 20.55558, 4.55356],
			"rotation": {"angle": -45, "axis": "x", "origin": [8.89134, 8, 7.25]},
			"faces": {
				"north": {"uv": [5.125, 4.75, 4.75, 4.25], "texture": "#0"},
				"east": {"uv": [5.125, 4.25, 5.625, 3.75], "rotation": 90, "texture": "#0"},
				"south": {"uv": [5.125, 4.25, 4.75, 3.75], "rotation": 180, "texture": "#0"},
				"west": {"uv": [5.625, 4.25, 5.125, 3.75], "rotation": 270, "texture": "#0"},
				"up": {"uv": [5.5, 4.75, 5.125, 4.25], "texture": "#0"},
				"down": {"uv": [5.5, 4.75, 5.125, 4.25], "rotation": 180, "texture": "#0"}
			}
		},
		{
			"from": [8.14134, 8.53427, -7.37218],
			"to": [9.14134, 10.03427, -5.37218],
			"rotation": {"angle": 22.5, "axis": "x", "origin": [8.89134, 8, 7.25]},
			"faces": {
				"north": {"uv": [1.5, 6.125, 1.25, 5.75], "rotation": 180, "texture": "#0"},
				"east": {"uv": [1.5, 6.125, 2, 5.75], "rotation": 180, "texture": "#0"},
				"south": {"uv": [1.5, 6.125, 1.25, 5.75], "rotation": 180, "texture": "#0"},
				"west": {"uv": [2, 6.125, 1.5, 5.75], "rotation": 180, "texture": "#0"},
				"up": {"uv": [2.75, 6.375, 2.5, 5.875], "rotation": 180, "texture": "#0"},
				"down": {"uv": [2.25, 6.25, 2, 5.75], "texture": "#0"}
			}
		},
		{
			"from": [8.39134, 14.46476, -7.48858],
			"to": [8.89134, 15.46476, -5.48858],
			"rotation": {"angle": 0, "axis": "y", "origin": [8.89134, 8, 7.25]},
			"faces": {
				"north": {"uv": [2.5, 6.125, 2.375, 5.875], "rotation": 180, "texture": "#0"},
				"east": {"uv": [1.5, 6.375, 2, 6.125], "rotation": 180, "texture": "#0"},
				"south": {"uv": [2.5, 6.125, 2.375, 5.875], "rotation": 180, "texture": "#0"},
				"west": {"uv": [2, 6.375, 1.5, 6.125], "rotation": 180, "texture": "#0"},
				"up": {"uv": [2.375, 6.25, 2.25, 5.75], "rotation": 180, "texture": "#0"},
				"down": {"uv": [2.5, 6.625, 2.375, 6.125], "rotation": 180, "texture": "#0"}
			}
		},
		{
			"from": [8.39134, 28, 5.03381],
			"to": [8.89134, 32, 6.53381],
			"rotation": {"angle": 22.5, "axis": "x", "origin": [8.89134, 8, 7.25]},
			"faces": {
				"north": {"uv": [4.5, 3.625, 4.625, 4.625], "rotation": 180, "texture": "#0"},
				"east": {"uv": [5.625, 3.25, 4.625, 3.625], "rotation": 90, "texture": "#0"},
				"south": {"uv": [4.625, 3.625, 4.75, 4.625], "texture": "#0"},
				"west": {"uv": [4.625, 3.25, 5.625, 3.625], "rotation": 270, "texture": "#0"},
				"up": {"uv": [4.5, 3.25, 4.625, 3.625], "texture": "#0"},
				"down": {"uv": [4.5, 3.25, 4.625, 3.625], "rotation": 180, "texture": "#0"}
			}
		},
		{
			"from": [8.14134, 23.40698, 12.85032],
			"to": [9.14134, 27.40698, 14.35032],
			"rotation": {"angle": 0, "axis": "y", "origin": [8.89134, 8, 7.25]},
			"faces": {
				"north": {"uv": [4, 3.375, 4.25, 4.375], "rotation": 180, "texture": "#0"},
				"east": {"uv": [5.5, 2.75, 4.5, 3.125], "rotation": 90, "texture": "#0"},
				"south": {"uv": [4.25, 3.5, 4.5, 4.5], "texture": "#0"},
				"west": {"uv": [4.5, 2.75, 5.5, 3.125], "rotation": 270, "texture": "#0"},
				"up": {"uv": [4.25, 2.75, 4.5, 3.125], "texture": "#0"},
				"down": {"uv": [4.25, 3.125, 4.5, 3.5], "rotation": 180, "texture": "#0"}
			}
		},
		{
			"from": [7.89134, 21.95441, 5.91807],
			"to": [9.39134, 24.95441, 7.91807],
			"rotation": {"angle": 22.5, "axis": "x", "origin": [8.89134, 8, 7.25]},
			"faces": {
				"north": {"uv": [2.375, 5.125, 2.75, 5.875], "rotation": 180, "texture": "#0"},
				"east": {"uv": [2.375, 5.125, 1.625, 5.625], "rotation": 90, "texture": "#0"},
				"south": {"uv": [2.75, 5.375, 3.125, 6.125], "texture": "#0"},
				"west": {"uv": [1.625, 5.125, 2.375, 5.625], "rotation": 270, "texture": "#0"},
				"up": {"uv": [1.25, 5.125, 1.625, 5.625], "texture": "#0"},
				"down": {"uv": [1.25, 5.125, 1.625, 5.625], "rotation": 180, "texture": "#0"}
			}
		},
		{
			"from": [7.64134, 18.12692, 0.05222],
			"to": [9.64134, 21.12692, 2.55222],
			"rotation": {"angle": 45, "axis": "x", "origin": [8.89134, 8, 7.25]},
			"faces": {
				"north": {"uv": [2.75, 4.625, 3.25, 5.375], "rotation": 180, "texture": "#0"},
				"east": {"uv": [4, 4, 3.25, 4.625], "rotation": 90, "texture": "#0"},
				"south": {"uv": [3.25, 4.625, 3.75, 5.375], "texture": "#0"},
				"west": {"uv": [3.25, 4, 4, 4.625], "rotation": 270, "texture": "#0"},
				"up": {"uv": [3.5, 3.375, 4, 4], "texture": "#0"},
				"down": {"uv": [2.75, 4, 3.25, 4.625], "rotation": 180, "texture": "#0"}
			}
		},
		{
			"from": [8.39134, -16, 5.03381],
			"to": [8.89134, -12, 6.53381],
			"rotation": {"angle": -22.5, "axis": "x", "origin": [8.89134, 8, 7.25]},
			"faces": {
				"north": {"uv": [4.5, 4.625, 4.625, 3.625], "rotation": 180, "texture": "#0"},
				"east": {"uv": [4.625, 3.25, 5.625, 3.625], "rotation": 90, "texture": "#0"},
				"south": {"uv": [4.625, 4.625, 4.75, 3.625], "texture": "#0"},
				"west": {"uv": [5.625, 3.25, 4.625, 3.625], "rotation": 270, "texture": "#0"},
				"up": {"uv": [4.625, 3.25, 4.5, 3.625], "texture": "#0"},
				"down": {"uv": [4.625, 3.25, 4.5, 3.625], "rotation": 180, "texture": "#0"}
			}
		},
		{
			"from": [8.14134, -11.40698, 12.85032],
			"to": [9.14134, -7.40698, 14.35032],
			"rotation": {"angle": 0, "axis": "y", "origin": [8.89134, 8, 7.25]},
			"faces": {
				"north": {"uv": [4, 4.375, 4.25, 3.375], "rotation": 180, "texture": "#0"},
				"east": {"uv": [4.5, 2.75, 5.5, 3.125], "rotation": 90, "texture": "#0"},
				"south": {"uv": [4.25, 4.5, 4.5, 3.5], "texture": "#0"},
				"west": {"uv": [5.5, 2.75, 4.5, 3.125], "rotation": 270, "texture": "#0"},
				"up": {"uv": [4.5, 3.125, 4.25, 3.5], "texture": "#0"},
				"down": {"uv": [4.5, 2.75, 4.25, 3.125], "rotation": 180, "texture": "#0"}
			}
		},
		{
			"from": [7.89134, -8.95441, 5.91807],
			"to": [9.39134, -5.95441, 7.91807],
			"rotation": {"angle": -22.5, "axis": "x", "origin": [8.89134, 8, 7.25]},
			"faces": {
				"north": {"uv": [2.375, 5.875, 2.75, 5.125], "rotation": 180, "texture": "#0"},
				"east": {"uv": [1.625, 5.125, 2.375, 5.625], "rotation": 90, "texture": "#0"},
				"south": {"uv": [2.75, 6.125, 3.125, 5.375], "texture": "#0"},
				"west": {"uv": [2.375, 5.125, 1.625, 5.625], "rotation": 270, "texture": "#0"},
				"up": {"uv": [1.625, 5.125, 1.25, 5.625], "texture": "#0"},
				"down": {"uv": [1.625, 5.125, 1.25, 5.625], "rotation": 180, "texture": "#0"}
			}
		},
		{
			"from": [7.64134, -5.12692, 0.05222],
			"to": [9.64134, -2.12692, 2.55222],
			"rotation": {"angle": -45, "axis": "x", "origin": [8.89134, 8, 7.25]},
			"faces": {
				"north": {"uv": [2.75, 5.375, 3.25, 4.625], "rotation": 180, "texture": "#0"},
				"east": {"uv": [3.25, 4, 4, 4.625], "rotation": 90, "texture": "#0"},
				"south": {"uv": [3.25, 5.375, 3.75, 4.625], "texture": "#0"},
				"west": {"uv": [4, 4, 3.25, 4.625], "rotation": 270, "texture": "#0"},
				"up": {"uv": [3.25, 4, 2.75, 4.625], "texture": "#0"},
				"down": {"uv": [4, 3.375, 3.5, 4], "rotation": 180, "texture": "#0"}
			}
		},
		{
			"from": [8.64134, 8, 15.14134],
			"to": [8.64134, 22, 16.14134],
			"rotation": {"angle": 0, "axis": "y", "origin": [8.89134, 8, 7.25]},
			"faces": {
				"north": {"uv": [7.5, 0, 7.5, 3.5], "texture": "#0"},
				"east": {"uv": [7.5, 0, 7.75, 3.5], "texture": "#0"},
				"south": {"uv": [7.5, 0, 7.5, 3.5], "texture": "#0"},
				"west": {"uv": [7.75, 0, 7.5, 3.5], "texture": "#0"},
				"up": {"uv": [0, 0, 0.25, 0], "rotation": 270, "texture": "#0"},
				"down": {"uv": [0, 0, 0.25, 0], "rotation": 90, "texture": "#0"}
			}
		},
		{
			"from": [8.64134, -6, 15.14134],
			"to": [8.64134, 8, 16.14134],
			"rotation": {"angle": 0, "axis": "y", "origin": [8.89134, 8, 7.25]},
			"faces": {
				"north": {"uv": [7.5, 3.5, 7.5, 0], "texture": "#0"},
				"east": {"uv": [7.5, 3.5, 7.75, 0], "texture": "#0"},
				"south": {"uv": [7.5, 3.5, 7.5, 0], "texture": "#0"},
				"west": {"uv": [7.75, 3.5, 7.5, 0], "texture": "#0"},
				"up": {"uv": [0, 0, 0.25, 0], "rotation": 270, "texture": "#0"},
				"down": {"uv": [0, 0, 0.25, 0], "rotation": 90, "texture": "#0"}
			}
		},
		{
			"from": [8.64134, 4, 19.14134],
			"to": [8.64134, 8, 25.14134],
			"rotation": {"angle": 0, "axis": "y", "origin": [8.89134, 8, 7.25]},
			"faces": {
				"north": {"uv": [0, 1.25, 0, 0], "texture": "#0"},
				"east": {"uv": [13.875, 5.75, 12.375, 4.75], "texture": "#0"},
				"south": {"uv": [0, 1.25, 0, 0], "texture": "#0"},
				"west": {"uv": [12.375, 5.75, 13.875, 4.75], "texture": "#0"},
				"up": {"uv": [0, 0, 2.5, 0], "rotation": 270, "texture": "#0"},
				"down": {"uv": [0, 0, 2.5, 0], "rotation": 90, "texture": "#0"}
			}
		},
		{
			"from": [8.64134, 8, 19.14134],
			"to": [8.64134, 12, 25.14134],
			"rotation": {"angle": 0, "axis": "y", "origin": [8.89134, 8, 7.25]},
			"faces": {
				"north": {"uv": [0, 0, 0, 1.25], "texture": "#0"},
				"east": {"uv": [13.875, 4.75, 12.375, 5.75], "texture": "#0"},
				"south": {"uv": [0, 0, 0, 1.25], "texture": "#0"},
				"west": {"uv": [12.375, 4.75, 13.875, 5.75], "texture": "#0"},
				"up": {"uv": [0, 0, 2.5, 0], "rotation": 270, "texture": "#0"},
				"down": {"uv": [0, 0, 2.5, 0], "rotation": 90, "texture": "#0"}
			}
		},
		{
			"from": [8.64134, 8, 8.14134],
			"to": [8.64134, 12, 14.14134],
			"rotation": {"angle": 0, "axis": "y", "origin": [8.89134, 8, 7.25]},
			"faces": {
				"north": {"uv": [0, 0, 0, 1.25], "texture": "#0"},
				"east": {"uv": [12.25, 4.75, 10.75, 5.75], "texture": "#0"},
				"south": {"uv": [0, 0, 0, 1.25], "texture": "#0"},
				"west": {"uv": [10.75, 4.75, 12.25, 5.75], "texture": "#0"},
				"up": {"uv": [0, 0, 2.5, 0], "rotation": 270, "texture": "#0"},
				"down": {"uv": [0, 0, 2.5, 0], "rotation": 90, "texture": "#0"}
			}
		},
		{
			"from": [8.14134, 7.5, -7.85866],
			"to": [9.14134, 8.5, 22.14134],
			"rotation": {"angle": 0, "axis": "y", "origin": [8.89134, 8, 7.25]},
			"faces": {
				"north": {"uv": [6.875, 8.875, 7.125, 9.125], "texture": "#0"},
				"east": {"uv": [9.25, 8.375, 9.5, 15.875], "rotation": 90, "texture": "#0"},
				"south": {"uv": [6.875, 8.875, 7.125, 9.125], "texture": "#0"},
				"west": {"uv": [9.25, 8.375, 9.5, 15.875], "rotation": 90, "texture": "#0"},
				"up": {"uv": [9.5, 8.375, 9.75, 15.875], "texture": "#0"},
				"down": {"uv": [9.75, 8.375, 10, 15.875], "rotation": 180, "texture": "#0"}
			}
		},
		{
			"from": [8.64134, 3.5, -12.85866],
			"to": [8.64134, 12.5, -3.85866],
			"rotation": {"angle": 0, "axis": "y", "origin": [8.89134, 8, 7.25]},
			"faces": {
				"north": {"uv": [6.875, 8.875, 6.875, 11.125], "texture": "#0"},
				"east": {"uv": [8.5, 7, 10.75, 4.75], "rotation": 90, "texture": "#0"},
				"south": {"uv": [6.875, 8.875, 6.875, 11.125], "texture": "#0"},
				"west": {"uv": [8.5, 4.75, 10.75, 7], "rotation": 90, "texture": "#0"},
				"up": {"uv": [9.5, 8.375, 9.5, 10.625], "texture": "#0"},
				"down": {"uv": [9.75, 8.375, 9.75, 10.625], "rotation": 180, "texture": "#0"}
			}
		},
		{
			"from": [8.64134, 4, 8.14134],
			"to": [8.64134, 8, 14.14134],
			"rotation": {"angle": 0, "axis": "y", "origin": [8.89134, 8, 7.25]},
			"faces": {
				"north": {"uv": [0, 1.25, 0, 0], "texture": "#0"},
				"east": {"uv": [12.25, 5.75, 10.75, 4.75], "texture": "#0"},
				"south": {"uv": [0, 1.25, 0, 0], "texture": "#0"},
				"west": {"uv": [10.75, 5.75, 12.25, 4.75], "texture": "#0"},
				"up": {"uv": [0, 0, 2.5, 0], "rotation": 270, "texture": "#0"},
				"down": {"uv": [0, 0, 2.5, 0], "rotation": 90, "texture": "#0"}
			}
		},
		{
			"from": [9.64134, -2.87184, -12.25785],
			"to": [9.64134, 14.12816, 1.74215],
			"rotation": {"angle": -45, "axis": "x", "origin": [8.89134, 8, 7.25]},
			"faces": {
				"north": {"uv": [6.875, 16, 6.875, 0], "texture": "#1"},
				"east": {"uv": [0, 14, 16, 0], "rotation": 270, "texture": "#1"},
				"south": {"uv": [7.5, 16, 7.5, 0], "rotation": 180, "texture": "#1"},
				"west": {"uv": [16, 14, 0, 0], "rotation": 90, "texture": "#1"},
				"up": {"uv": [8.125, 16, 8.125, 2], "rotation": 180, "texture": "#1"},
				"down": {"uv": [8.125, 16, 8.125, 2], "texture": "#1"}
			}
		},
		{
			"from": [9.64134, 1.87184, -12.25785],
			"to": [9.64134, 18.87184, 1.74215],
			"rotation": {"angle": 45, "axis": "x", "origin": [8.89134, 8, 7.25]},
			"faces": {
				"north": {"uv": [6.875, 0, 6.875, 16], "texture": "#1"},
				"east": {"uv": [16, 14, 0, 0], "rotation": 270, "texture": "#1"},
				"south": {"uv": [7.5, 0, 7.5, 16], "rotation": 180, "texture": "#1"},
				"west": {"uv": [0, 14, 16, 0], "rotation": 90, "texture": "#1"},
				"up": {"uv": [8.125, 16, 8.125, 2], "rotation": 180, "texture": "#1"},
				"down": {"uv": [8.125, 16, 8.125, 2], "texture": "#1"}
			}
		}
	],
	"gui_light": "front",
	"display": {
		"thirdperson_righthand": {
			"translation": [-0.75, -2, 1.5],
			"scale": [0.45, 0.45, 0.45]
		},
		"thirdperson_lefthand": {
			"translation": [-0.75, -2, 1.5],
			"scale": [0.45, 0.45, 0.45]
		},
		"firstperson_righthand": {
			"rotation": [19, 31, 0.27],
			"translation": [2.5, 7.25, -7],
			"scale": [0.68594, 0.68594, 0.68594]
		},
		"firstperson_lefthand": {
			"rotation": [19, 31, 0.27],
			"translation": [2.5, 7.25, -7],
			"scale": [0.68594, 0.68594, 0.68594]
		},
		"ground": {
			"rotation": [0, 0, 82],
			"translation": [0, -1.75, 0.25],
			"scale": [0.5, 0.5, 0.5]
		},
		"gui": {
			"rotation": [90, 45, -90],
			"translation": [-1.5, 1.5, 0],
			"scale": [0.38242, 0.38242, 0.38242]
		},
		"head": {
			"rotation": [90, -168, 90],
			"translation": [-0.5, 15, 0],
			"scale": [0.69086, 0.69086, 0.69086]
		},
		"fixed": {
			"rotation": [180, -90, 180],
			"translation": [-3, -0.25, -1]
		}
	},
	"groups": [
		{
			"name": "group",
			"origin": [18.91751, 18.37437, 7.95],
			"color": 0,
			"boneType": "",
			"children": [
				0,
				1,
				2,
				3,
				4,
				5,
				6,
				7,
				8,
				9,
				10,
				11,
				12,
				13,
				14,
				15,
				16,
				17,
				18,
				19,
				20,
				21,
				22,
				23,
				24,
				25,
				26,
				27,
				28,
				29,
				30,
				31,
				32,
				33,
				34,
				35,
				36,
				37,
				38,
				39,
				40,
				41,
				42,
				43,
				44,
				45,
				46,
				47,
				48,
				49
			]
		}
	]
}