{
	"credit": "Made with Blockbench",
	"texture_size": [64, 64],
	"textures": {
		"0": "item/abyss/tex3",
		"1": "item/abyss/hornfire",
		"2": "item/abyss/fire",
		"particle": "item/abyss/tex3"
	},
	"elements": [
		{
			"from": [6.25, 15.66206, 7.48744],
			"to": [8.75, 17.66206, 15.48744],
			"rotation": {"angle": -45, "axis": "x", "origin": [7.75, 8, 7.25]},
			"faces": {
				"north": {"uv": [0, 1.5, 0.625, 2], "texture": "#0"},
				"east": {"uv": [2.625, 1.5, 0.625, 2], "texture": "#0"},
				"south": {"uv": [0, 1.5, 0.625, 2], "texture": "#0"},
				"west": {"uv": [0.625, 1.5, 2.625, 2], "texture": "#0"},
				"up": {"uv": [0.625, 2, 1.25, 4], "texture": "#0"},
				"down": {"uv": [0, 2, 0.625, 4], "texture": "#0"}
			}
		},
		{
			"from": [6, 18.21005, 6.22893],
			"to": [9, 20.71005, 13.22893],
			"rotation": {"angle": 0, "axis": "y", "origin": [7.75, 8, 7.25]},
			"faces": {
				"north": {"uv": [1.75, 2.75, 2.5, 3.375], "texture": "#0"},
				"east": {"uv": [3.625, 4.75, 5.375, 5.375], "texture": "#0"},
				"south": {"uv": [2.75, 3.375, 3.5, 4], "texture": "#0"},
				"west": {"uv": [2.5, 2.75, 4.25, 3.375], "texture": "#0"},
				"up": {"uv": [1.25, 3.375, 2, 5.125], "texture": "#0"},
				"down": {"uv": [2, 3.375, 2.75, 5.125], "texture": "#0"}
			}
		},
		{
			"from": [6.5, 14.87624, -0.42158],
			"to": [8.5, 17.37624, 18.57842],
			"rotation": {"angle": -22.5, "axis": "x", "origin": [7.75, 8, 7.25]},
			"faces": {
				"north": {"uv": [1.25, 2, 1.75, 2.625], "texture": "#0"},
				"east": {"uv": [6.5, 2, 1.75, 2.625], "texture": "#0"},
				"south": {"uv": [1.25, 2.625, 1.75, 3.25], "texture": "#0"},
				"west": {"uv": [1.75, 2, 6.5, 2.625], "texture": "#0"},
				"up": {"uv": [0, 4, 0.5, 8.75], "texture": "#0"},
				"down": {"uv": [0.5, 4, 1, 8.75], "texture": "#0"}
			}
		},
		{
			"from": [7, 5.25734, -5.06277],
			"to": [8, 7.25734, -3.56277],
			"rotation": {"angle": 22.5, "axis": "x", "origin": [7.75, 8, 7.25]},
			"faces": {
				"north": {"uv": [2.5, 5.875, 2.75, 6.375], "rotation": 180, "texture": "#0"},
				"east": {"uv": [2, 5.75, 1.5, 6.125], "rotation": 90, "texture": "#0"},
				"south": {"uv": [2, 5.75, 2.25, 6.25], "rotation": 180, "texture": "#0"},
				"west": {"uv": [1.5, 5.75, 2, 6.125], "rotation": 270, "texture": "#0"},
				"up": {"uv": [1.25, 5.75, 1.5, 6.125], "texture": "#0"},
				"down": {"uv": [1.25, 5.75, 1.5, 6.125], "rotation": 180, "texture": "#0"}
			}
		},
		{
			"from": [7.25, 8.17008, -5.16476],
			"to": [7.75, 10.17008, -4.16476],
			"rotation": {"angle": 0, "axis": "y", "origin": [7.75, 8, 7.25]},
			"faces": {
				"north": {"uv": [2.25, 5.75, 2.375, 6.25], "rotation": 180, "texture": "#0"},
				"east": {"uv": [2, 6.125, 1.5, 6.375], "rotation": 90, "texture": "#0"},
				"south": {"uv": [2.375, 6.125, 2.5, 6.625], "texture": "#0"},
				"west": {"uv": [1.5, 6.125, 2, 6.375], "rotation": 270, "texture": "#0"},
				"up": {"uv": [2.375, 5.875, 2.5, 6.125], "texture": "#0"},
				"down": {"uv": [2.375, 5.875, 2.5, 6.125], "rotation": 180, "texture": "#0"}
			}
		},
		{
			"from": [6.5, 15.87624, 18.57842],
			"to": [8.5, 18.37624, 21.57842],
			"rotation": {"angle": -22.5, "axis": "x", "origin": [7.75, 8, 7.25]},
			"faces": {
				"north": {"uv": [2.75, 4, 3.25, 4.625], "texture": "#0"},
				"east": {"uv": [4, 4, 3.25, 4.625], "texture": "#0"},
				"south": {"uv": [3.5, 3.375, 4, 4], "texture": "#0"},
				"west": {"uv": [3.25, 4, 4, 4.625], "texture": "#0"},
				"up": {"uv": [2.75, 4.625, 3.25, 5.375], "texture": "#0"},
				"down": {"uv": [3.25, 4.625, 3.75, 5.375], "texture": "#0"}
			}
		},
		{
			"from": [6.75, 9.80866, 23.53079],
			"to": [8.25, 11.80866, 26.53079],
			"rotation": {"angle": -45, "axis": "x", "origin": [7.75, 8, 7.25]},
			"faces": {
				"north": {"uv": [1.25, 5.125, 1.625, 5.625], "texture": "#0"},
				"east": {"uv": [2.375, 5.125, 1.625, 5.625], "texture": "#0"},
				"south": {"uv": [1.25, 5.125, 1.625, 5.625], "texture": "#0"},
				"west": {"uv": [1.625, 5.125, 2.375, 5.625], "texture": "#0"},
				"up": {"uv": [2.375, 5.125, 2.75, 5.875], "texture": "#0"},
				"down": {"uv": [2.75, 5.375, 3.125, 6.125], "texture": "#0"}
			}
		},
		{
			"from": [7, 26.50408, 11.45239],
			"to": [8, 30.50408, 12.95239],
			"rotation": {"angle": 22.5, "axis": "x", "origin": [7.75, 8, 7.25]},
			"faces": {
				"north": {"uv": [4, 3.375, 4.25, 4.375], "rotation": 180, "texture": "#0"},
				"east": {"uv": [5.5, 2.75, 4.5, 3.125], "rotation": 90, "texture": "#0"},
				"south": {"uv": [4.25, 3.5, 4.5, 4.5], "texture": "#0"},
				"west": {"uv": [4.5, 2.75, 5.5, 3.125], "rotation": 270, "texture": "#0"},
				"up": {"uv": [4.25, 2.75, 4.5, 3.125], "texture": "#0"},
				"down": {"uv": [4.25, 3.125, 4.5, 3.5], "rotation": 180, "texture": "#0"}
			}
		},
		{
			"from": [7.25, 28, 2.55709],
			"to": [7.75, 32, 4.05709],
			"rotation": {"angle": 45, "axis": "x", "origin": [7.75, 8, 7.25]},
			"faces": {
				"north": {"uv": [4.5, 3.625, 4.625, 4.625], "rotation": 180, "texture": "#0"},
				"east": {"uv": [5.625, 3.25, 4.625, 3.625], "rotation": 90, "texture": "#0"},
				"south": {"uv": [4.625, 3.625, 4.75, 4.625], "texture": "#0"},
				"west": {"uv": [4.625, 3.25, 5.625, 3.625], "rotation": 270, "texture": "#0"},
				"up": {"uv": [4.5, 3.25, 4.625, 3.625], "texture": "#0"},
				"down": {"uv": [4.5, 3.25, 4.625, 3.625], "rotation": 180, "texture": "#0"}
			}
		},
		{
			"from": [7.5, 9.37624, -2.92158],
			"to": [7.5, 14.87624, 13.07842],
			"rotation": {"angle": -22.5, "axis": "x", "origin": [7.75, 8, 7.25]},
			"faces": {
				"north": {"uv": [0, 0, 0, 5.5], "texture": "#0"},
				"east": {"uv": [4, 0, 0, 1.375], "texture": "#0"},
				"south": {"uv": [0, 0, 0, 5.5], "texture": "#0"},
				"west": {"uv": [0, 0, 4, 1.375], "texture": "#0"},
				"up": {"uv": [0, 16, 0, 0], "texture": "#0"},
				"down": {"uv": [0, 0, 0, 16], "texture": "#0"}
			}
		},
		{
			"from": [6.775, 4.38075, -6.44714],
			"to": [8.225, 7.88075, -3.44714],
			"rotation": {"angle": 22.5, "axis": "x", "origin": [7.75, 8, 7.25]},
			"faces": {
				"north": {"uv": [8.125, 8.25, 7.625, 9.125], "texture": "#0"},
				"east": {"uv": [7.375, 9.125, 8.125, 10], "texture": "#0"},
				"south": {"uv": [7.375, 9.125, 6.875, 10], "texture": "#0"},
				"west": {"uv": [8.125, 9.125, 7.375, 10], "texture": "#0"},
				"up": {"uv": [0, 4.75, 0.5, 4], "texture": "#0"},
				"down": {"uv": [7.125, 9.125, 7.625, 8.375], "texture": "#0"}
			}
		},
		{
			"from": [6.5, -1.43485, -2.18485],
			"to": [7.5, 3.56515, 2.81515],
			"rotation": {"angle": 45, "axis": "x", "origin": [7.75, 8, 7.25]},
			"faces": {
				"north": {"uv": [5.25, 0.75, 5, 2], "rotation": 180, "texture": "#0"},
				"east": {"uv": [6.5, 0.75, 5.25, 2], "rotation": 180, "texture": "#0"},
				"south": {"uv": [5, 0.75, 6.25, 0.5], "rotation": 90, "texture": "#0"},
				"west": {"uv": [6.5, 0.75, 5.25, 2], "rotation": 180, "texture": "#0"},
				"up": {"uv": [6.25, 0.5, 5, 0.75], "rotation": 90, "texture": "#0"},
				"down": {"uv": [5, 2, 5.25, 0.75], "rotation": 180, "texture": "#0"}
			}
		},
		{
			"from": [7.5, -1.43485, -2.18485],
			"to": [8.5, 3.56515, 2.81515],
			"rotation": {"angle": 45, "axis": "x", "origin": [7.75, 8, 7.25]},
			"faces": {
				"north": {"uv": [5, 0.75, 5.25, 2], "rotation": 180, "texture": "#0"},
				"east": {"uv": [6.5, 2, 5.25, 0.75], "texture": "#0"},
				"south": {"uv": [5, 0.5, 6.25, 0.75], "rotation": 90, "texture": "#0"},
				"west": {"uv": [6.5, 2, 5.25, 0.75], "texture": "#0"},
				"up": {"uv": [6.25, 0.75, 5, 0.5], "rotation": 90, "texture": "#0"},
				"down": {"uv": [5.25, 2, 5, 0.75], "rotation": 180, "texture": "#0"}
			}
		},
		{
			"from": [6.775, 8.11925, -6.44714],
			"to": [8.225, 11.61925, -3.44714],
			"rotation": {"angle": -22.5, "axis": "x", "origin": [7.75, 8, 7.25]},
			"faces": {
				"north": {"uv": [8.125, 9.125, 7.625, 8.25], "texture": "#0"},
				"east": {"uv": [7.375, 10, 8.125, 9.125], "texture": "#0"},
				"south": {"uv": [7.375, 10, 6.875, 9.125], "texture": "#0"},
				"west": {"uv": [8.125, 10, 7.375, 9.125], "texture": "#0"},
				"up": {"uv": [7.625, 9.125, 7.125, 8.375], "rotation": 180, "texture": "#0"},
				"down": {"uv": [0.5, 4.75, 0, 4], "rotation": 180, "texture": "#0"}
			}
		},
		{
			"from": [7.5, 1.12376, -2.92158],
			"to": [7.5, 6.62376, 13.07842],
			"rotation": {"angle": 22.5, "axis": "x", "origin": [7.75, 8, 7.25]},
			"faces": {
				"north": {"uv": [0, 5.5, 0, 0], "texture": "#0"},
				"east": {"uv": [4, 1.375, 0, 0], "texture": "#0"},
				"south": {"uv": [0, 5.5, 0, 0], "texture": "#0"},
				"west": {"uv": [0, 1.375, 4, 0], "texture": "#0"},
				"up": {"uv": [0, 0, 0, 16], "rotation": 180, "texture": "#0"},
				"down": {"uv": [0, 16, 0, 0], "rotation": 180, "texture": "#0"}
			}
		},
		{
			"from": [7.25, -16, 2.55709],
			"to": [7.75, -12, 4.05709],
			"rotation": {"angle": -45, "axis": "x", "origin": [7.75, 8, 7.25]},
			"faces": {
				"north": {"uv": [4.5, 4.625, 4.625, 3.625], "rotation": 180, "texture": "#0"},
				"east": {"uv": [4.625, 3.25, 5.625, 3.625], "rotation": 90, "texture": "#0"},
				"south": {"uv": [4.625, 4.625, 4.75, 3.625], "texture": "#0"},
				"west": {"uv": [5.625, 3.25, 4.625, 3.625], "rotation": 270, "texture": "#0"},
				"up": {"uv": [4.625, 3.25, 4.5, 3.625], "texture": "#0"},
				"down": {"uv": [4.625, 3.25, 4.5, 3.625], "rotation": 180, "texture": "#0"}
			}
		},
		{
			"from": [7, -14.50408, 11.45239],
			"to": [8, -10.50408, 12.95239],
			"rotation": {"angle": -22.5, "axis": "x", "origin": [7.75, 8, 7.25]},
			"faces": {
				"north": {"uv": [4, 4.375, 4.25, 3.375], "rotation": 180, "texture": "#0"},
				"east": {"uv": [4.5, 2.75, 5.5, 3.125], "rotation": 90, "texture": "#0"},
				"south": {"uv": [4.25, 4.5, 4.5, 3.5], "texture": "#0"},
				"west": {"uv": [5.5, 2.75, 4.5, 3.125], "rotation": 270, "texture": "#0"},
				"up": {"uv": [4.5, 3.125, 4.25, 3.5], "texture": "#0"},
				"down": {"uv": [4.5, 2.75, 4.25, 3.125], "rotation": 180, "texture": "#0"}
			}
		},
		{
			"from": [6.75, 4.19134, 23.53079],
			"to": [8.25, 6.19134, 26.53079],
			"rotation": {"angle": 45, "axis": "x", "origin": [7.75, 8, 7.25]},
			"faces": {
				"north": {"uv": [1.25, 5.625, 1.625, 5.125], "texture": "#0"},
				"east": {"uv": [2.375, 5.625, 1.625, 5.125], "texture": "#0"},
				"south": {"uv": [1.25, 5.625, 1.625, 5.125], "texture": "#0"},
				"west": {"uv": [1.625, 5.625, 2.375, 5.125], "texture": "#0"},
				"up": {"uv": [3.125, 5.375, 2.75, 6.125], "rotation": 180, "texture": "#0"},
				"down": {"uv": [2.75, 5.125, 2.375, 5.875], "rotation": 180, "texture": "#0"}
			}
		},
		{
			"from": [6.5, -2.37624, 18.57842],
			"to": [8.5, 0.12376, 21.57842],
			"rotation": {"angle": 22.5, "axis": "x", "origin": [7.75, 8, 7.25]},
			"faces": {
				"north": {"uv": [2.75, 4.625, 3.25, 4], "texture": "#0"},
				"east": {"uv": [4, 4.625, 3.25, 4], "texture": "#0"},
				"south": {"uv": [3.5, 4, 4, 3.375], "texture": "#0"},
				"west": {"uv": [3.25, 4.625, 4, 4], "texture": "#0"},
				"up": {"uv": [3.75, 4.625, 3.25, 5.375], "rotation": 180, "texture": "#0"},
				"down": {"uv": [3.25, 4.625, 2.75, 5.375], "rotation": 180, "texture": "#0"}
			}
		},
		{
			"from": [7.25, 5.82992, -5.16476],
			"to": [7.75, 7.82992, -4.16476],
			"rotation": {"angle": 0, "axis": "y", "origin": [7.75, 8, 7.25]},
			"faces": {
				"north": {"uv": [2.25, 6.25, 2.375, 5.75], "rotation": 180, "texture": "#0"},
				"east": {"uv": [1.5, 6.125, 2, 6.375], "rotation": 90, "texture": "#0"},
				"south": {"uv": [2.375, 6.625, 2.5, 6.125], "texture": "#0"},
				"west": {"uv": [2, 6.125, 1.5, 6.375], "rotation": 270, "texture": "#0"},
				"up": {"uv": [2.5, 5.875, 2.375, 6.125], "texture": "#0"},
				"down": {"uv": [2.5, 5.875, 2.375, 6.125], "rotation": 180, "texture": "#0"}
			}
		},
		{
			"from": [7, 8.74266, -5.06277],
			"to": [8, 10.74266, -3.56277],
			"rotation": {"angle": -22.5, "axis": "x", "origin": [7.75, 8, 7.25]},
			"faces": {
				"north": {"uv": [2.5, 6.375, 2.75, 5.875], "rotation": 180, "texture": "#0"},
				"east": {"uv": [1.5, 5.75, 2, 6.125], "rotation": 90, "texture": "#0"},
				"south": {"uv": [2, 6.25, 2.25, 5.75], "rotation": 180, "texture": "#0"},
				"west": {"uv": [2, 5.75, 1.5, 6.125], "rotation": 270, "texture": "#0"},
				"up": {"uv": [1.5, 5.75, 1.25, 6.125], "texture": "#0"},
				"down": {"uv": [1.5, 5.75, 1.25, 6.125], "rotation": 180, "texture": "#0"}
			}
		},
		{
			"from": [6.5, -1.37624, -0.42158],
			"to": [8.5, 1.12376, 18.57842],
			"rotation": {"angle": 22.5, "axis": "x", "origin": [7.75, 8, 7.25]},
			"faces": {
				"north": {"uv": [1.25, 2.625, 1.75, 2], "texture": "#0"},
				"east": {"uv": [6.5, 2.625, 1.75, 2], "texture": "#0"},
				"south": {"uv": [1.25, 3.25, 1.75, 2.625], "texture": "#0"},
				"west": {"uv": [1.75, 2.625, 6.5, 2], "texture": "#0"},
				"up": {"uv": [1, 4, 0.5, 8.75], "rotation": 180, "texture": "#0"},
				"down": {"uv": [0.5, 4, 0, 8.75], "rotation": 180, "texture": "#0"}
			}
		},
		{
			"from": [6, -4.71005, 6.22893],
			"to": [9, -2.21005, 13.22893],
			"rotation": {"angle": 0, "axis": "y", "origin": [7.75, 8, 7.25]},
			"faces": {
				"north": {"uv": [1.75, 3.375, 2.5, 2.75], "texture": "#0"},
				"east": {"uv": [3.625, 5.375, 5.375, 4.75], "texture": "#0"},
				"south": {"uv": [2.75, 4, 3.5, 3.375], "texture": "#0"},
				"west": {"uv": [2.5, 3.375, 4.25, 2.75], "texture": "#0"},
				"up": {"uv": [2.75, 3.375, 2, 5.125], "rotation": 180, "texture": "#0"},
				"down": {"uv": [2, 3.375, 1.25, 5.125], "rotation": 180, "texture": "#0"}
			}
		},
		{
			"from": [6.25, -1.66206, 7.48744],
			"to": [8.75, 0.33794, 15.48744],
			"rotation": {"angle": 45, "axis": "x", "origin": [7.75, 8, 7.25]},
			"faces": {
				"north": {"uv": [0, 2, 0.625, 1.5], "texture": "#0"},
				"east": {"uv": [2.625, 2, 0.625, 1.5], "texture": "#0"},
				"south": {"uv": [0, 2, 0.625, 1.5], "texture": "#0"},
				"west": {"uv": [0.625, 2, 2.625, 1.5], "texture": "#0"},
				"up": {"uv": [0.625, 2, 0, 4], "rotation": 180, "texture": "#0"},
				"down": {"uv": [1.25, 2, 0.625, 4], "rotation": 180, "texture": "#0"}
			}
		},
		{
			"from": [6.75, 17.34575, 1.73626],
			"to": [8.25, 19.34575, 3.73626],
			"rotation": {"angle": -45, "axis": "x", "origin": [7.75, 8, 7.25]},
			"faces": {
				"north": {"uv": [5.125, 4.25, 5.5, 4.75], "texture": "#0"},
				"east": {"uv": [5.625, 3.75, 5.125, 4.25], "texture": "#0"},
				"south": {"uv": [5.125, 4.25, 5.5, 4.75], "texture": "#0"},
				"west": {"uv": [5.125, 3.75, 5.625, 4.25], "texture": "#0"},
				"up": {"uv": [4.75, 3.75, 5.125, 4.25], "texture": "#0"},
				"down": {"uv": [4.75, 4.25, 5.125, 4.75], "texture": "#0"}
			}
		},
		{
			"from": [6.75, -3.34575, 1.73626],
			"to": [8.25, -1.34575, 3.73626],
			"rotation": {"angle": 45, "axis": "x", "origin": [7.75, 8, 7.25]},
			"faces": {
				"north": {"uv": [5.125, 4.75, 5.5, 4.25], "texture": "#0"},
				"east": {"uv": [5.625, 4.25, 5.125, 3.75], "texture": "#0"},
				"south": {"uv": [5.125, 4.75, 5.5, 4.25], "texture": "#0"},
				"west": {"uv": [5.125, 4.25, 5.625, 3.75], "texture": "#0"},
				"up": {"uv": [5.125, 4.25, 4.75, 4.75], "rotation": 180, "texture": "#0"},
				"down": {"uv": [5.125, 3.75, 4.75, 4.25], "rotation": 180, "texture": "#0"}
			}
		},
		{
			"from": [7.25, 0.53524, -8.62992],
			"to": [7.75, 1.53524, -6.62992],
			"rotation": {"angle": 0, "axis": "y", "origin": [7.75, 8, 7.25]},
			"faces": {
				"north": {"uv": [2.5, 5.875, 2.375, 6.125], "rotation": 180, "texture": "#0"},
				"east": {"uv": [1.5, 6.125, 2, 6.375], "rotation": 180, "texture": "#0"},
				"south": {"uv": [2.5, 5.875, 2.375, 6.125], "rotation": 180, "texture": "#0"},
				"west": {"uv": [2, 6.125, 1.5, 6.375], "rotation": 180, "texture": "#0"},
				"up": {"uv": [2.375, 6.625, 2.5, 6.125], "texture": "#0"},
				"down": {"uv": [2.25, 6.25, 2.375, 5.75], "texture": "#0"}
			}
		},
		{
			"from": [7, 6.40251, -8.42664],
			"to": [8, 7.90251, -6.42664],
			"rotation": {"angle": -22.5, "axis": "x", "origin": [7.75, 8, 7.25]},
			"faces": {
				"north": {"uv": [1.5, 5.75, 1.25, 6.125], "rotation": 180, "texture": "#0"},
				"east": {"uv": [1.5, 5.75, 2, 6.125], "rotation": 180, "texture": "#0"},
				"south": {"uv": [1.5, 5.75, 1.25, 6.125], "rotation": 180, "texture": "#0"},
				"west": {"uv": [2, 5.75, 1.5, 6.125], "rotation": 180, "texture": "#0"},
				"up": {"uv": [2, 6.25, 2.25, 5.75], "rotation": 180, "texture": "#0"},
				"down": {"uv": [2.5, 6.375, 2.75, 5.875], "texture": "#0"}
			}
		},
		{
			"from": [6.75, -5.36263, 1.74651],
			"to": [8.25, -3.36263, 3.74651],
			"rotation": {"angle": 45, "axis": "x", "origin": [7.75, 8, 7.25]},
			"faces": {
				"north": {"uv": [5.125, 4.25, 4.75, 4.75], "texture": "#0"},
				"east": {"uv": [5.625, 4.25, 5.125, 3.75], "rotation": 90, "texture": "#0"},
				"south": {"uv": [5.125, 3.75, 4.75, 4.25], "rotation": 180, "texture": "#0"},
				"west": {"uv": [5.125, 4.25, 5.625, 3.75], "rotation": 270, "texture": "#0"},
				"up": {"uv": [5.125, 4.75, 5.5, 4.25], "texture": "#0"},
				"down": {"uv": [5.125, 4.75, 5.5, 4.25], "rotation": 180, "texture": "#0"}
			}
		},
		{
			"from": [6.75, 19.36263, 1.74651],
			"to": [8.25, 21.36263, 3.74651],
			"rotation": {"angle": -45, "axis": "x", "origin": [7.75, 8, 7.25]},
			"faces": {
				"north": {"uv": [5.125, 4.75, 4.75, 4.25], "texture": "#0"},
				"east": {"uv": [5.125, 4.25, 5.625, 3.75], "rotation": 90, "texture": "#0"},
				"south": {"uv": [5.125, 4.25, 4.75, 3.75], "rotation": 180, "texture": "#0"},
				"west": {"uv": [5.625, 4.25, 5.125, 3.75], "rotation": 270, "texture": "#0"},
				"up": {"uv": [5.5, 4.75, 5.125, 4.25], "texture": "#0"},
				"down": {"uv": [5.5, 4.75, 5.125, 4.25], "rotation": 180, "texture": "#0"}
			}
		},
		{
			"from": [7, 8.09749, -8.42664],
			"to": [8, 9.59749, -6.42664],
			"rotation": {"angle": 22.5, "axis": "x", "origin": [7.75, 8, 7.25]},
			"faces": {
				"north": {"uv": [1.5, 6.125, 1.25, 5.75], "rotation": 180, "texture": "#0"},
				"east": {"uv": [1.5, 6.125, 2, 5.75], "rotation": 180, "texture": "#0"},
				"south": {"uv": [1.5, 6.125, 1.25, 5.75], "rotation": 180, "texture": "#0"},
				"west": {"uv": [2, 6.125, 1.5, 5.75], "rotation": 180, "texture": "#0"},
				"up": {"uv": [2.75, 6.375, 2.5, 5.875], "rotation": 180, "texture": "#0"},
				"down": {"uv": [2.25, 6.25, 2, 5.75], "texture": "#0"}
			}
		},
		{
			"from": [7.25, 14.46476, -8.62992],
			"to": [7.75, 15.46476, -6.62992],
			"rotation": {"angle": 0, "axis": "y", "origin": [7.75, 8, 7.25]},
			"faces": {
				"north": {"uv": [2.5, 6.125, 2.375, 5.875], "rotation": 180, "texture": "#0"},
				"east": {"uv": [1.5, 6.375, 2, 6.125], "rotation": 180, "texture": "#0"},
				"south": {"uv": [2.5, 6.125, 2.375, 5.875], "rotation": 180, "texture": "#0"},
				"west": {"uv": [2, 6.375, 1.5, 6.125], "rotation": 180, "texture": "#0"},
				"up": {"uv": [2.375, 6.25, 2.25, 5.75], "rotation": 180, "texture": "#0"},
				"down": {"uv": [2.5, 6.625, 2.375, 6.125], "rotation": 180, "texture": "#0"}
			}
		},
		{
			"from": [7.25, 27.63963, 3.97935],
			"to": [7.75, 31.63963, 5.47935],
			"rotation": {"angle": 22.5, "axis": "x", "origin": [7.75, 8, 7.25]},
			"faces": {
				"north": {"uv": [4.5, 3.625, 4.625, 4.625], "rotation": 180, "texture": "#0"},
				"east": {"uv": [5.625, 3.25, 4.625, 3.625], "rotation": 90, "texture": "#0"},
				"south": {"uv": [4.625, 3.625, 4.75, 4.625], "texture": "#0"},
				"west": {"uv": [4.625, 3.25, 5.625, 3.625], "rotation": 270, "texture": "#0"},
				"up": {"uv": [4.5, 3.25, 4.625, 3.625], "texture": "#0"},
				"down": {"uv": [4.5, 3.25, 4.625, 3.625], "rotation": 180, "texture": "#0"}
			}
		},
		{
			"from": [7, 23.40698, 11.70898],
			"to": [8, 27.40698, 13.20898],
			"rotation": {"angle": 0, "axis": "y", "origin": [7.75, 8, 7.25]},
			"faces": {
				"north": {"uv": [4, 3.375, 4.25, 4.375], "rotation": 180, "texture": "#0"},
				"east": {"uv": [5.5, 2.75, 4.5, 3.125], "rotation": 90, "texture": "#0"},
				"south": {"uv": [4.25, 3.5, 4.5, 4.5], "texture": "#0"},
				"west": {"uv": [4.5, 2.75, 5.5, 3.125], "rotation": 270, "texture": "#0"},
				"up": {"uv": [4.25, 2.75, 4.5, 3.125], "texture": "#0"},
				"down": {"uv": [4.25, 3.125, 4.5, 3.5], "rotation": 180, "texture": "#0"}
			}
		},
		{
			"from": [6.75, 21.51763, 4.86361],
			"to": [8.25, 24.51763, 6.86361],
			"rotation": {"angle": 22.5, "axis": "x", "origin": [7.75, 8, 7.25]},
			"faces": {
				"north": {"uv": [2.375, 5.125, 2.75, 5.875], "rotation": 180, "texture": "#0"},
				"east": {"uv": [2.375, 5.125, 1.625, 5.625], "rotation": 90, "texture": "#0"},
				"south": {"uv": [2.75, 5.375, 3.125, 6.125], "texture": "#0"},
				"west": {"uv": [1.625, 5.125, 2.375, 5.625], "rotation": 270, "texture": "#0"},
				"up": {"uv": [1.25, 5.125, 1.625, 5.625], "texture": "#0"},
				"down": {"uv": [1.25, 5.125, 1.625, 5.625], "rotation": 180, "texture": "#0"}
			}
		},
		{
			"from": [6.5, 17.31987, -0.75483],
			"to": [8.5, 20.31987, 1.74517],
			"rotation": {"angle": 45, "axis": "x", "origin": [7.75, 8, 7.25]},
			"faces": {
				"north": {"uv": [2.75, 4.625, 3.25, 5.375], "rotation": 180, "texture": "#0"},
				"east": {"uv": [4, 4, 3.25, 4.625], "rotation": 90, "texture": "#0"},
				"south": {"uv": [3.25, 4.625, 3.75, 5.375], "texture": "#0"},
				"west": {"uv": [3.25, 4, 4, 4.625], "rotation": 270, "texture": "#0"},
				"up": {"uv": [3.5, 3.375, 4, 4], "texture": "#0"},
				"down": {"uv": [2.75, 4, 3.25, 4.625], "rotation": 180, "texture": "#0"}
			}
		},
		{
			"from": [7.25, -15.63963, 3.97935],
			"to": [7.75, -11.63963, 5.47935],
			"rotation": {"angle": -22.5, "axis": "x", "origin": [7.75, 8, 7.25]},
			"faces": {
				"north": {"uv": [4.5, 4.625, 4.625, 3.625], "rotation": 180, "texture": "#0"},
				"east": {"uv": [4.625, 3.25, 5.625, 3.625], "rotation": 90, "texture": "#0"},
				"south": {"uv": [4.625, 4.625, 4.75, 3.625], "texture": "#0"},
				"west": {"uv": [5.625, 3.25, 4.625, 3.625], "rotation": 270, "texture": "#0"},
				"up": {"uv": [4.625, 3.25, 4.5, 3.625], "texture": "#0"},
				"down": {"uv": [4.625, 3.25, 4.5, 3.625], "rotation": 180, "texture": "#0"}
			}
		},
		{
			"from": [7, -11.40698, 11.70898],
			"to": [8, -7.40698, 13.20898],
			"rotation": {"angle": 0, "axis": "y", "origin": [7.75, 8, 7.25]},
			"faces": {
				"north": {"uv": [4, 4.375, 4.25, 3.375], "rotation": 180, "texture": "#0"},
				"east": {"uv": [4.5, 2.75, 5.5, 3.125], "rotation": 90, "texture": "#0"},
				"south": {"uv": [4.25, 4.5, 4.5, 3.5], "texture": "#0"},
				"west": {"uv": [5.5, 2.75, 4.5, 3.125], "rotation": 270, "texture": "#0"},
				"up": {"uv": [4.5, 3.125, 4.25, 3.5], "texture": "#0"},
				"down": {"uv": [4.5, 2.75, 4.25, 3.125], "rotation": 180, "texture": "#0"}
			}
		},
		{
			"from": [6.75, -8.51763, 4.86361],
			"to": [8.25, -5.51763, 6.86361],
			"rotation": {"angle": -22.5, "axis": "x", "origin": [7.75, 8, 7.25]},
			"faces": {
				"north": {"uv": [2.375, 5.875, 2.75, 5.125], "rotation": 180, "texture": "#0"},
				"east": {"uv": [1.625, 5.125, 2.375, 5.625], "rotation": 90, "texture": "#0"},
				"south": {"uv": [2.75, 6.125, 3.125, 5.375], "texture": "#0"},
				"west": {"uv": [2.375, 5.125, 1.625, 5.625], "rotation": 270, "texture": "#0"},
				"up": {"uv": [1.625, 5.125, 1.25, 5.625], "texture": "#0"},
				"down": {"uv": [1.625, 5.125, 1.25, 5.625], "rotation": 180, "texture": "#0"}
			}
		},
		{
			"from": [6.5, -4.31987, -0.75483],
			"to": [8.5, -1.31987, 1.74517],
			"rotation": {"angle": -45, "axis": "x", "origin": [7.75, 8, 7.25]},
			"faces": {
				"north": {"uv": [2.75, 5.375, 3.25, 4.625], "rotation": 180, "texture": "#0"},
				"east": {"uv": [3.25, 4, 4, 4.625], "rotation": 90, "texture": "#0"},
				"south": {"uv": [3.25, 5.375, 3.75, 4.625], "texture": "#0"},
				"west": {"uv": [4, 4, 3.25, 4.625], "rotation": 270, "texture": "#0"},
				"up": {"uv": [3.25, 4, 2.75, 4.625], "texture": "#0"},
				"down": {"uv": [4, 3.375, 3.5, 4], "rotation": 180, "texture": "#0"}
			}
		},
		{
			"from": [7.5, 3.00554, 18.58152],
			"to": [7.5, 17.00554, 19.58152],
			"rotation": {"angle": -22.5, "axis": "x", "origin": [7.75, 8, 7.25]},
			"faces": {
				"north": {"uv": [7.5, 0, 7.5, 3.5], "texture": "#0"},
				"east": {"uv": [7.5, 0, 7.75, 3.5], "texture": "#0"},
				"south": {"uv": [7.5, 0, 7.5, 3.5], "texture": "#0"},
				"west": {"uv": [7.75, 0, 7.5, 3.5], "texture": "#0"},
				"up": {"uv": [0, 0, 0.25, 0], "rotation": 270, "texture": "#0"},
				"down": {"uv": [0, 0, 0.25, 0], "rotation": 90, "texture": "#0"}
			}
		},
		{
			"from": [7.5, 4, 21],
			"to": [7.5, 8, 27],
			"rotation": {"angle": 0, "axis": "y", "origin": [7.75, 8, 7.25]},
			"faces": {
				"north": {"uv": [0, 1.25, 0, 0], "texture": "#0"},
				"east": {"uv": [13.875, 5.75, 12.375, 4.75], "texture": "#0"},
				"south": {"uv": [0, 1.25, 0, 0], "texture": "#0"},
				"west": {"uv": [12.375, 5.75, 13.875, 4.75], "texture": "#0"},
				"up": {"uv": [0, 0, 2.5, 0], "rotation": 270, "texture": "#0"},
				"down": {"uv": [0, 0, 2.5, 0], "rotation": 90, "texture": "#0"}
			}
		},
		{
			"from": [7.5, 8, 21],
			"to": [7.5, 12, 27],
			"rotation": {"angle": 0, "axis": "y", "origin": [7.75, 8, 7.25]},
			"faces": {
				"north": {"uv": [0, 0, 0, 1.25], "texture": "#0"},
				"east": {"uv": [13.875, 4.75, 12.375, 5.75], "texture": "#0"},
				"south": {"uv": [0, 0, 0, 1.25], "texture": "#0"},
				"west": {"uv": [12.375, 4.75, 13.875, 5.75], "texture": "#0"},
				"up": {"uv": [0, 0, 2.5, 0], "rotation": 270, "texture": "#0"},
				"down": {"uv": [0, 0, 2.5, 0], "rotation": 90, "texture": "#0"}
			}
		},
		{
			"from": [7.5, 8, 10],
			"to": [7.5, 12, 16],
			"rotation": {"angle": 0, "axis": "y", "origin": [7.75, 8, 7.25]},
			"faces": {
				"north": {"uv": [0, 0, 0, 1.25], "texture": "#0"},
				"east": {"uv": [12.25, 4.75, 10.75, 5.75], "texture": "#0"},
				"south": {"uv": [0, 0, 0, 1.25], "texture": "#0"},
				"west": {"uv": [10.75, 4.75, 12.25, 5.75], "texture": "#0"},
				"up": {"uv": [0, 0, 2.5, 0], "rotation": 270, "texture": "#0"},
				"down": {"uv": [0, 0, 2.5, 0], "rotation": 90, "texture": "#0"}
			}
		},
		{
			"from": [7, 7.5, -6],
			"to": [8, 8.5, 24],
			"rotation": {"angle": 0, "axis": "y", "origin": [7.75, 8, 7.25]},
			"faces": {
				"north": {"uv": [6.875, 8.875, 7.125, 9.125], "texture": "#0"},
				"east": {"uv": [9.25, 8.375, 9.5, 15.875], "rotation": 90, "texture": "#0"},
				"south": {"uv": [6.875, 8.875, 7.125, 9.125], "texture": "#0"},
				"west": {"uv": [9.25, 8.375, 9.5, 15.875], "rotation": 90, "texture": "#0"},
				"up": {"uv": [9.5, 8.375, 9.75, 15.875], "texture": "#0"},
				"down": {"uv": [9.75, 8.375, 10, 15.875], "rotation": 180, "texture": "#0"}
			}
		},
		{
			"from": [7.5, 3.5, -11],
			"to": [7.5, 12.5, -2],
			"rotation": {"angle": 0, "axis": "y", "origin": [7.75, 8, 7.25]},
			"faces": {
				"north": {"uv": [6.875, 8.875, 6.875, 11.125], "texture": "#0"},
				"east": {"uv": [8.5, 7, 10.75, 4.75], "rotation": 90, "texture": "#0"},
				"south": {"uv": [6.875, 8.875, 6.875, 11.125], "texture": "#0"},
				"west": {"uv": [8.5, 4.75, 10.75, 7], "rotation": 90, "texture": "#0"},
				"up": {"uv": [9.5, 8.375, 9.5, 10.625], "texture": "#0"},
				"down": {"uv": [9.75, 8.375, 9.75, 10.625], "rotation": 180, "texture": "#0"}
			}
		},
		{
			"from": [7.5, 4, 10],
			"to": [7.5, 8, 16],
			"rotation": {"angle": 0, "axis": "y", "origin": [7.75, 8, 7.25]},
			"faces": {
				"north": {"uv": [0, 1.25, 0, 0], "texture": "#0"},
				"east": {"uv": [12.25, 5.75, 10.75, 4.75], "texture": "#0"},
				"south": {"uv": [0, 1.25, 0, 0], "texture": "#0"},
				"west": {"uv": [10.75, 5.75, 12.25, 4.75], "texture": "#0"},
				"up": {"uv": [0, 0, 2.5, 0], "rotation": 270, "texture": "#0"},
				"down": {"uv": [0, 0, 2.5, 0], "rotation": 90, "texture": "#0"}
			}
		},
		{
			"from": [7.5, -1.00554, 18.58152],
			"to": [7.5, 12.99446, 19.58152],
			"rotation": {"angle": 22.5, "axis": "x", "origin": [7.75, 8, 7.25]},
			"faces": {
				"north": {"uv": [7.5, 3.5, 7.5, 0], "texture": "#0"},
				"east": {"uv": [7.5, 3.5, 7.75, 0], "texture": "#0"},
				"south": {"uv": [7.5, 3.5, 7.5, 0], "texture": "#0"},
				"west": {"uv": [7.75, 3.5, 7.5, 0], "texture": "#0"},
				"up": {"uv": [0, 0, 0.25, 0], "rotation": 270, "texture": "#0"},
				"down": {"uv": [0, 0, 0.25, 0], "rotation": 90, "texture": "#0"}
			}
		},
		{
			"from": [8.5, 1.06479, -13.0649],
			"to": [8.5, 18.06479, 0.9351],
			"rotation": {"angle": 45, "axis": "x", "origin": [7.75, 8, 7.25]},
			"faces": {
				"north": {"uv": [6.875, 0, 6.875, 16], "texture": "#1"},
				"east": {"uv": [16, 14, 0, 0], "rotation": 270, "texture": "#1"},
				"south": {"uv": [7.5, 0, 7.5, 16], "rotation": 180, "texture": "#1"},
				"west": {"uv": [0, 14, 16, 0], "rotation": 90, "texture": "#1"},
				"up": {"uv": [8.125, 16, 8.125, 2], "rotation": 180, "texture": "#1"},
				"down": {"uv": [8.125, 16, 8.125, 2], "texture": "#1"}
			}
		},
		{
			"from": [8.5, -2.06479, -13.0649],
			"to": [8.5, 14.93521, 0.9351],
			"rotation": {"angle": -45, "axis": "x", "origin": [7.75, 8, 7.25]},
			"faces": {
				"north": {"uv": [6.875, 16, 6.875, 0], "texture": "#1"},
				"east": {"uv": [0, 14, 16, 0], "rotation": 270, "texture": "#1"},
				"south": {"uv": [7.5, 16, 7.5, 0], "rotation": 180, "texture": "#1"},
				"west": {"uv": [16, 14, 0, 0], "rotation": 90, "texture": "#1"},
				"up": {"uv": [8.125, 16, 8.125, 2], "rotation": 180, "texture": "#1"},
				"down": {"uv": [8.125, 16, 8.125, 2], "texture": "#1"}
			}
		},
		{
			"from": [8, 8, -15.5],
			"to": [8, 24, -0.5],
			"rotation": {"angle": 0, "axis": "y", "origin": [7.75, 8, 8.75]},
			"faces": {
				"north": {"uv": [0, 0, 0, 16], "texture": "#2"},
				"east": {"uv": [15.5, 0, 0.5, 16], "texture": "#2"},
				"south": {"uv": [0, 0, 0, 16], "texture": "#2"},
				"west": {"uv": [0.5, 0, 15.5, 16], "texture": "#2"},
				"up": {"uv": [0, 0, 0, 16], "texture": "#2"},
				"down": {"uv": [0, 0, 0, 16], "texture": "#2"}
			}
		}
	],
	"gui_light": "front",
	"display": {
		"thirdperson_righthand": {
			"translation": [-0.75, -2, 1.5],
			"scale": [0.45, 0.45, 0.45]
		},
		"thirdperson_lefthand": {
			"translation": [-0.75, -2, 1.5],
			"scale": [0.45, 0.45, 0.45]
		},
		"firstperson_righthand": {
			"rotation": [19, 31, 0.27],
			"translation": [2.5, 7.25, -7],
			"scale": [0.68594, 0.68594, 0.68594]
		},
		"firstperson_lefthand": {
			"rotation": [19, 31, 0.27],
			"translation": [2.5, 7.25, -7],
			"scale": [0.68594, 0.68594, 0.68594]
		},
		"ground": {
			"rotation": [0, 0, 82],
			"translation": [0, -1.75, 0.25],
			"scale": [0.5, 0.5, 0.5]
		},
		"gui": {
			"rotation": [90, 45, -90],
			"translation": [-1.5, 1.5, 0],
			"scale": [0.38242, 0.38242, 0.38242]
		},
		"head": {
			"rotation": [90, -168, 90],
			"translation": [-0.5, 15, 0],
			"scale": [0.69086, 0.69086, 0.69086]
		},
		"fixed": {
			"rotation": [180, -90, 180],
			"translation": [-3, -0.25, -1]
		}
	},
	"groups": [
		{
			"name": "group",
			"origin": [16, 0, 16],
			"color": 0,
			"boneType": "",
			"children": [
				0,
				1,
				2,
				3,
				4,
				5,
				6,
				7,
				8,
				9,
				10,
				11,
				12,
				13,
				14,
				15,
				16,
				17,
				18,
				19,
				20,
				21,
				22,
				23,
				24,
				25,
				26,
				27,
				28,
				29,
				30,
				31,
				32,
				33,
				34,
				35,
				36,
				37,
				38,
				39,
				40,
				41,
				42,
				43,
				44,
				45,
				46,
				47,
				48,
				49,
				50
			]
		}
	]
}