{
	"credit": "Made with Blockbench",
	"texture_size": [64, 64],
	"textures": {
		"0": "item/abyss/tex3",
		"1": "item/abyss/hornfire",
		"particle": "item/abyss/tex3"
	},
	"elements": [
		{
			"from": [6.75, 15.3085, 7.84099],
			"to": [9.25, 17.3085, 15.84099],
			"rotation": {"angle": -45, "axis": "x", "origin": [8.25, 8, 7.25]},
			"faces": {
				"north": {"uv": [0, 1.5, 0.625, 2], "texture": "#0"},
				"east": {"uv": [2.625, 1.5, 0.625, 2], "texture": "#0"},
				"south": {"uv": [0, 1.5, 0.625, 2], "texture": "#0"},
				"west": {"uv": [0.625, 1.5, 2.625, 2], "texture": "#0"},
				"up": {"uv": [0.625, 2, 1.25, 4], "texture": "#0"},
				"down": {"uv": [0, 2, 0.625, 4], "texture": "#0"}
			}
		},
		{
			"from": [6.5, 18.21005, 6.72893],
			"to": [9.5, 20.71005, 13.72893],
			"rotation": {"angle": 0, "axis": "y", "origin": [8.25, 8, 7.25]},
			"faces": {
				"north": {"uv": [1.75, 2.75, 2.5, 3.375], "texture": "#0"},
				"east": {"uv": [3.625, 4.75, 5.375, 5.375], "texture": "#0"},
				"south": {"uv": [2.75, 3.375, 3.5, 4], "texture": "#0"},
				"west": {"uv": [2.5, 2.75, 4.25, 3.375], "texture": "#0"},
				"up": {"uv": [1.25, 3.375, 2, 5.125], "texture": "#0"},
				"down": {"uv": [2, 3.375, 2.75, 5.125], "texture": "#0"}
			}
		},
		{
			"from": [7, 14.6849, 0.04036],
			"to": [9, 17.1849, 19.04036],
			"rotation": {"angle": -22.5, "axis": "x", "origin": [8.25, 8, 7.25]},
			"faces": {
				"north": {"uv": [1.25, 2, 1.75, 2.625], "texture": "#0"},
				"east": {"uv": [6.5, 2, 1.75, 2.625], "texture": "#0"},
				"south": {"uv": [1.25, 2.625, 1.75, 3.25], "texture": "#0"},
				"west": {"uv": [1.75, 2, 6.5, 2.625], "texture": "#0"},
				"up": {"uv": [0, 4, 0.5, 8.75], "texture": "#0"},
				"down": {"uv": [0.5, 4, 1, 8.75], "texture": "#0"}
			}
		},
		{
			"from": [7.5, 5.44868, -4.60083],
			"to": [8.5, 7.44868, -3.10083],
			"rotation": {"angle": 22.5, "axis": "x", "origin": [8.25, 8, 7.25]},
			"faces": {
				"north": {"uv": [2.5, 5.875, 2.75, 6.375], "rotation": 180, "texture": "#0"},
				"east": {"uv": [2, 5.75, 1.5, 6.125], "rotation": 90, "texture": "#0"},
				"south": {"uv": [2, 5.75, 2.25, 6.25], "rotation": 180, "texture": "#0"},
				"west": {"uv": [1.5, 5.75, 2, 6.125], "rotation": 270, "texture": "#0"},
				"up": {"uv": [1.25, 5.75, 1.5, 6.125], "texture": "#0"},
				"down": {"uv": [1.25, 5.75, 1.5, 6.125], "rotation": 180, "texture": "#0"}
			}
		},
		{
			"from": [7.75, 8.17008, -4.66476],
			"to": [8.25, 10.17008, -3.66476],
			"rotation": {"angle": 0, "axis": "y", "origin": [8.25, 8, 7.25]},
			"faces": {
				"north": {"uv": [2.25, 5.75, 2.375, 6.25], "rotation": 180, "texture": "#0"},
				"east": {"uv": [2, 6.125, 1.5, 6.375], "rotation": 90, "texture": "#0"},
				"south": {"uv": [2.375, 6.125, 2.5, 6.625], "texture": "#0"},
				"west": {"uv": [1.5, 6.125, 2, 6.375], "rotation": 270, "texture": "#0"},
				"up": {"uv": [2.375, 5.875, 2.5, 6.125], "texture": "#0"},
				"down": {"uv": [2.375, 5.875, 2.5, 6.125], "rotation": 180, "texture": "#0"}
			}
		},
		{
			"from": [7, 15.6849, 19.04036],
			"to": [9, 18.1849, 22.04036],
			"rotation": {"angle": -22.5, "axis": "x", "origin": [8.25, 8, 7.25]},
			"faces": {
				"north": {"uv": [2.75, 4, 3.25, 4.625], "texture": "#0"},
				"east": {"uv": [4, 4, 3.25, 4.625], "texture": "#0"},
				"south": {"uv": [3.5, 3.375, 4, 4], "texture": "#0"},
				"west": {"uv": [3.25, 4, 4, 4.625], "texture": "#0"},
				"up": {"uv": [2.75, 4.625, 3.25, 5.375], "texture": "#0"},
				"down": {"uv": [3.25, 4.625, 3.75, 5.375], "texture": "#0"}
			}
		},
		{
			"from": [7.25, 9.4551, 23.88435],
			"to": [8.75, 11.4551, 26.88435],
			"rotation": {"angle": -45, "axis": "x", "origin": [8.25, 8, 7.25]},
			"faces": {
				"north": {"uv": [1.25, 5.125, 1.625, 5.625], "texture": "#0"},
				"east": {"uv": [2.375, 5.125, 1.625, 5.625], "texture": "#0"},
				"south": {"uv": [1.25, 5.125, 1.625, 5.625], "texture": "#0"},
				"west": {"uv": [1.625, 5.125, 2.375, 5.625], "texture": "#0"},
				"up": {"uv": [2.375, 5.125, 2.75, 5.875], "texture": "#0"},
				"down": {"uv": [2.75, 5.375, 3.125, 6.125], "texture": "#0"}
			}
		},
		{
			"from": [7.5, 26.69542, 11.91433],
			"to": [8.5, 30.69542, 13.41433],
			"rotation": {"angle": 22.5, "axis": "x", "origin": [8.25, 8, 7.25]},
			"faces": {
				"north": {"uv": [4, 3.375, 4.25, 4.375], "rotation": 180, "texture": "#0"},
				"east": {"uv": [5.5, 2.75, 4.5, 3.125], "rotation": 90, "texture": "#0"},
				"south": {"uv": [4.25, 3.5, 4.5, 4.5], "texture": "#0"},
				"west": {"uv": [4.5, 2.75, 5.5, 3.125], "rotation": 270, "texture": "#0"},
				"up": {"uv": [4.25, 2.75, 4.5, 3.125], "texture": "#0"},
				"down": {"uv": [4.25, 3.125, 4.5, 3.5], "rotation": 180, "texture": "#0"}
			}
		},
		{
			"from": [7.75, 28, 2.91064],
			"to": [8.25, 32, 4.41064],
			"rotation": {"angle": 45, "axis": "x", "origin": [8.25, 8, 7.25]},
			"faces": {
				"north": {"uv": [4.5, 3.625, 4.625, 4.625], "rotation": 180, "texture": "#0"},
				"east": {"uv": [5.625, 3.25, 4.625, 3.625], "rotation": 90, "texture": "#0"},
				"south": {"uv": [4.625, 3.625, 4.75, 4.625], "texture": "#0"},
				"west": {"uv": [4.625, 3.25, 5.625, 3.625], "rotation": 270, "texture": "#0"},
				"up": {"uv": [4.5, 3.25, 4.625, 3.625], "texture": "#0"},
				"down": {"uv": [4.5, 3.25, 4.625, 3.625], "rotation": 180, "texture": "#0"}
			}
		},
		{
			"from": [8, 9.1849, -2.45964],
			"to": [8, 14.6849, 13.54036],
			"rotation": {"angle": -22.5, "axis": "x", "origin": [8.25, 8, 7.25]},
			"faces": {
				"north": {"uv": [0, 0, 0, 5.5], "texture": "#0"},
				"east": {"uv": [4, 0, 0, 1.375], "texture": "#0"},
				"south": {"uv": [0, 0, 0, 5.5], "texture": "#0"},
				"west": {"uv": [0, 0, 4, 1.375], "texture": "#0"},
				"up": {"uv": [0, 16, 0, 0], "texture": "#0"},
				"down": {"uv": [0, 0, 0, 16], "texture": "#0"}
			}
		},
		{
			"from": [7.275, 4.57209, -5.9852],
			"to": [8.725, 8.07209, -2.9852],
			"rotation": {"angle": 22.5, "axis": "x", "origin": [8.25, 8, 7.25]},
			"faces": {
				"north": {"uv": [8.125, 8.25, 7.625, 9.125], "texture": "#0"},
				"east": {"uv": [7.375, 9.125, 8.125, 10], "texture": "#0"},
				"south": {"uv": [7.375, 9.125, 6.875, 10], "texture": "#0"},
				"west": {"uv": [8.125, 9.125, 7.375, 10], "texture": "#0"},
				"up": {"uv": [0, 4.75, 0.5, 4], "texture": "#0"},
				"down": {"uv": [7.125, 9.125, 7.625, 8.375], "texture": "#0"}
			}
		},
		{
			"from": [7, -1.0813, -1.8313],
			"to": [8, 3.9187, 3.1687],
			"rotation": {"angle": 45, "axis": "x", "origin": [8.25, 8, 7.25]},
			"faces": {
				"north": {"uv": [5.25, 0.75, 5, 2], "rotation": 180, "texture": "#0"},
				"east": {"uv": [6.5, 0.75, 5.25, 2], "rotation": 180, "texture": "#0"},
				"south": {"uv": [5, 0.75, 6.25, 0.5], "rotation": 90, "texture": "#0"},
				"west": {"uv": [6.5, 0.75, 5.25, 2], "rotation": 180, "texture": "#0"},
				"up": {"uv": [6.25, 0.5, 5, 0.75], "rotation": 90, "texture": "#0"},
				"down": {"uv": [5, 2, 5.25, 0.75], "rotation": 180, "texture": "#0"}
			}
		},
		{
			"from": [8, -1.0813, -1.8313],
			"to": [9, 3.9187, 3.1687],
			"rotation": {"angle": 45, "axis": "x", "origin": [8.25, 8, 7.25]},
			"faces": {
				"north": {"uv": [5, 0.75, 5.25, 2], "rotation": 180, "texture": "#0"},
				"east": {"uv": [6.5, 2, 5.25, 0.75], "texture": "#0"},
				"south": {"uv": [5, 0.5, 6.25, 0.75], "rotation": 90, "texture": "#0"},
				"west": {"uv": [6.5, 2, 5.25, 0.75], "texture": "#0"},
				"up": {"uv": [6.25, 0.75, 5, 0.5], "rotation": 90, "texture": "#0"},
				"down": {"uv": [5.25, 2, 5, 0.75], "rotation": 180, "texture": "#0"}
			}
		},
		{
			"from": [7.275, 7.92791, -5.9852],
			"to": [8.725, 11.42791, -2.9852],
			"rotation": {"angle": -22.5, "axis": "x", "origin": [8.25, 8, 7.25]},
			"faces": {
				"north": {"uv": [8.125, 9.125, 7.625, 8.25], "texture": "#0"},
				"east": {"uv": [7.375, 10, 8.125, 9.125], "texture": "#0"},
				"south": {"uv": [7.375, 10, 6.875, 9.125], "texture": "#0"},
				"west": {"uv": [8.125, 10, 7.375, 9.125], "texture": "#0"},
				"up": {"uv": [7.625, 9.125, 7.125, 8.375], "rotation": 180, "texture": "#0"},
				"down": {"uv": [0.5, 4.75, 0, 4], "rotation": 180, "texture": "#0"}
			}
		},
		{
			"from": [8, 1.3151, -2.45964],
			"to": [8, 6.8151, 13.54036],
			"rotation": {"angle": 22.5, "axis": "x", "origin": [8.25, 8, 7.25]},
			"faces": {
				"north": {"uv": [0, 5.5, 0, 0], "texture": "#0"},
				"east": {"uv": [4, 1.375, 0, 0], "texture": "#0"},
				"south": {"uv": [0, 5.5, 0, 0], "texture": "#0"},
				"west": {"uv": [0, 1.375, 4, 0], "texture": "#0"},
				"up": {"uv": [0, 0, 0, 16], "rotation": 180, "texture": "#0"},
				"down": {"uv": [0, 16, 0, 0], "rotation": 180, "texture": "#0"}
			}
		},
		{
			"from": [7.75, -16, 2.91064],
			"to": [8.25, -12, 4.41064],
			"rotation": {"angle": -45, "axis": "x", "origin": [8.25, 8, 7.25]},
			"faces": {
				"north": {"uv": [4.5, 4.625, 4.625, 3.625], "rotation": 180, "texture": "#0"},
				"east": {"uv": [4.625, 3.25, 5.625, 3.625], "rotation": 90, "texture": "#0"},
				"south": {"uv": [4.625, 4.625, 4.75, 3.625], "texture": "#0"},
				"west": {"uv": [5.625, 3.25, 4.625, 3.625], "rotation": 270, "texture": "#0"},
				"up": {"uv": [4.625, 3.25, 4.5, 3.625], "texture": "#0"},
				"down": {"uv": [4.625, 3.25, 4.5, 3.625], "rotation": 180, "texture": "#0"}
			}
		},
		{
			"from": [7.5, -14.69542, 11.91433],
			"to": [8.5, -10.69542, 13.41433],
			"rotation": {"angle": -22.5, "axis": "x", "origin": [8.25, 8, 7.25]},
			"faces": {
				"north": {"uv": [4, 4.375, 4.25, 3.375], "rotation": 180, "texture": "#0"},
				"east": {"uv": [4.5, 2.75, 5.5, 3.125], "rotation": 90, "texture": "#0"},
				"south": {"uv": [4.25, 4.5, 4.5, 3.5], "texture": "#0"},
				"west": {"uv": [5.5, 2.75, 4.5, 3.125], "rotation": 270, "texture": "#0"},
				"up": {"uv": [4.5, 3.125, 4.25, 3.5], "texture": "#0"},
				"down": {"uv": [4.5, 2.75, 4.25, 3.125], "rotation": 180, "texture": "#0"}
			}
		},
		{
			"from": [7.25, 4.5449, 23.88435],
			"to": [8.75, 6.5449, 26.88435],
			"rotation": {"angle": 45, "axis": "x", "origin": [8.25, 8, 7.25]},
			"faces": {
				"north": {"uv": [1.25, 5.625, 1.625, 5.125], "texture": "#0"},
				"east": {"uv": [2.375, 5.625, 1.625, 5.125], "texture": "#0"},
				"south": {"uv": [1.25, 5.625, 1.625, 5.125], "texture": "#0"},
				"west": {"uv": [1.625, 5.625, 2.375, 5.125], "texture": "#0"},
				"up": {"uv": [3.125, 5.375, 2.75, 6.125], "rotation": 180, "texture": "#0"},
				"down": {"uv": [2.75, 5.125, 2.375, 5.875], "rotation": 180, "texture": "#0"}
			}
		},
		{
			"from": [7, -2.1849, 19.04036],
			"to": [9, 0.3151, 22.04036],
			"rotation": {"angle": 22.5, "axis": "x", "origin": [8.25, 8, 7.25]},
			"faces": {
				"north": {"uv": [2.75, 4.625, 3.25, 4], "texture": "#0"},
				"east": {"uv": [4, 4.625, 3.25, 4], "texture": "#0"},
				"south": {"uv": [3.5, 4, 4, 3.375], "texture": "#0"},
				"west": {"uv": [3.25, 4.625, 4, 4], "texture": "#0"},
				"up": {"uv": [3.75, 4.625, 3.25, 5.375], "rotation": 180, "texture": "#0"},
				"down": {"uv": [3.25, 4.625, 2.75, 5.375], "rotation": 180, "texture": "#0"}
			}
		},
		{
			"from": [7.75, 5.82992, -4.66476],
			"to": [8.25, 7.82992, -3.66476],
			"rotation": {"angle": 0, "axis": "y", "origin": [8.25, 8, 7.25]},
			"faces": {
				"north": {"uv": [2.25, 6.25, 2.375, 5.75], "rotation": 180, "texture": "#0"},
				"east": {"uv": [1.5, 6.125, 2, 6.375], "rotation": 90, "texture": "#0"},
				"south": {"uv": [2.375, 6.625, 2.5, 6.125], "texture": "#0"},
				"west": {"uv": [2, 6.125, 1.5, 6.375], "rotation": 270, "texture": "#0"},
				"up": {"uv": [2.5, 5.875, 2.375, 6.125], "texture": "#0"},
				"down": {"uv": [2.5, 5.875, 2.375, 6.125], "rotation": 180, "texture": "#0"}
			}
		},
		{
			"from": [7.5, 8.55132, -4.60083],
			"to": [8.5, 10.55132, -3.10083],
			"rotation": {"angle": -22.5, "axis": "x", "origin": [8.25, 8, 7.25]},
			"faces": {
				"north": {"uv": [2.5, 6.375, 2.75, 5.875], "rotation": 180, "texture": "#0"},
				"east": {"uv": [1.5, 5.75, 2, 6.125], "rotation": 90, "texture": "#0"},
				"south": {"uv": [2, 6.25, 2.25, 5.75], "rotation": 180, "texture": "#0"},
				"west": {"uv": [2, 5.75, 1.5, 6.125], "rotation": 270, "texture": "#0"},
				"up": {"uv": [1.5, 5.75, 1.25, 6.125], "texture": "#0"},
				"down": {"uv": [1.5, 5.75, 1.25, 6.125], "rotation": 180, "texture": "#0"}
			}
		},
		{
			"from": [7, -1.1849, 0.04036],
			"to": [9, 1.3151, 19.04036],
			"rotation": {"angle": 22.5, "axis": "x", "origin": [8.25, 8, 7.25]},
			"faces": {
				"north": {"uv": [1.25, 2.625, 1.75, 2], "texture": "#0"},
				"east": {"uv": [6.5, 2.625, 1.75, 2], "texture": "#0"},
				"south": {"uv": [1.25, 3.25, 1.75, 2.625], "texture": "#0"},
				"west": {"uv": [1.75, 2.625, 6.5, 2], "texture": "#0"},
				"up": {"uv": [1, 4, 0.5, 8.75], "rotation": 180, "texture": "#0"},
				"down": {"uv": [0.5, 4, 0, 8.75], "rotation": 180, "texture": "#0"}
			}
		},
		{
			"from": [6.5, -4.71005, 6.72893],
			"to": [9.5, -2.21005, 13.72893],
			"rotation": {"angle": 0, "axis": "y", "origin": [8.25, 8, 7.25]},
			"faces": {
				"north": {"uv": [1.75, 3.375, 2.5, 2.75], "texture": "#0"},
				"east": {"uv": [3.625, 5.375, 5.375, 4.75], "texture": "#0"},
				"south": {"uv": [2.75, 4, 3.5, 3.375], "texture": "#0"},
				"west": {"uv": [2.5, 3.375, 4.25, 2.75], "texture": "#0"},
				"up": {"uv": [2.75, 3.375, 2, 5.125], "rotation": 180, "texture": "#0"},
				"down": {"uv": [2, 3.375, 1.25, 5.125], "rotation": 180, "texture": "#0"}
			}
		},
		{
			"from": [6.75, -1.3085, 7.84099],
			"to": [9.25, 0.6915, 15.84099],
			"rotation": {"angle": 45, "axis": "x", "origin": [8.25, 8, 7.25]},
			"faces": {
				"north": {"uv": [0, 2, 0.625, 1.5], "texture": "#0"},
				"east": {"uv": [2.625, 2, 0.625, 1.5], "texture": "#0"},
				"south": {"uv": [0, 2, 0.625, 1.5], "texture": "#0"},
				"west": {"uv": [0.625, 2, 2.625, 1.5], "texture": "#0"},
				"up": {"uv": [0.625, 2, 0, 4], "rotation": 180, "texture": "#0"},
				"down": {"uv": [1.25, 2, 0.625, 4], "rotation": 180, "texture": "#0"}
			}
		},
		{
			"from": [7.25, 16.9922, 2.08981],
			"to": [8.75, 18.9922, 4.08981],
			"rotation": {"angle": -45, "axis": "x", "origin": [8.25, 8, 7.25]},
			"faces": {
				"north": {"uv": [5.125, 4.25, 5.5, 4.75], "texture": "#0"},
				"east": {"uv": [5.625, 3.75, 5.125, 4.25], "texture": "#0"},
				"south": {"uv": [5.125, 4.25, 5.5, 4.75], "texture": "#0"},
				"west": {"uv": [5.125, 3.75, 5.625, 4.25], "texture": "#0"},
				"up": {"uv": [4.75, 3.75, 5.125, 4.25], "texture": "#0"},
				"down": {"uv": [4.75, 4.25, 5.125, 4.75], "texture": "#0"}
			}
		},
		{
			"from": [7.25, -2.9922, 2.08981],
			"to": [8.75, -0.9922, 4.08981],
			"rotation": {"angle": 45, "axis": "x", "origin": [8.25, 8, 7.25]},
			"faces": {
				"north": {"uv": [5.125, 4.75, 5.5, 4.25], "texture": "#0"},
				"east": {"uv": [5.625, 4.25, 5.125, 3.75], "texture": "#0"},
				"south": {"uv": [5.125, 4.75, 5.5, 4.25], "texture": "#0"},
				"west": {"uv": [5.125, 4.25, 5.625, 3.75], "texture": "#0"},
				"up": {"uv": [5.125, 4.25, 4.75, 4.75], "rotation": 180, "texture": "#0"},
				"down": {"uv": [5.125, 3.75, 4.75, 4.25], "rotation": 180, "texture": "#0"}
			}
		},
		{
			"from": [7.75, 0.53524, -8.12992],
			"to": [8.25, 1.53524, -6.12992],
			"rotation": {"angle": 0, "axis": "y", "origin": [8.25, 8, 7.25]},
			"faces": {
				"north": {"uv": [2.5, 5.875, 2.375, 6.125], "rotation": 180, "texture": "#0"},
				"east": {"uv": [1.5, 6.125, 2, 6.375], "rotation": 180, "texture": "#0"},
				"south": {"uv": [2.5, 5.875, 2.375, 6.125], "rotation": 180, "texture": "#0"},
				"west": {"uv": [2, 6.125, 1.5, 6.375], "rotation": 180, "texture": "#0"},
				"up": {"uv": [2.375, 6.625, 2.5, 6.125], "texture": "#0"},
				"down": {"uv": [2.25, 6.25, 2.375, 5.75], "texture": "#0"}
			}
		},
		{
			"from": [7.5, 6.21116, -7.9647],
			"to": [8.5, 7.71116, -5.9647],
			"rotation": {"angle": -22.5, "axis": "x", "origin": [8.25, 8, 7.25]},
			"faces": {
				"north": {"uv": [1.5, 5.75, 1.25, 6.125], "rotation": 180, "texture": "#0"},
				"east": {"uv": [1.5, 5.75, 2, 6.125], "rotation": 180, "texture": "#0"},
				"south": {"uv": [1.5, 5.75, 1.25, 6.125], "rotation": 180, "texture": "#0"},
				"west": {"uv": [2, 5.75, 1.5, 6.125], "rotation": 180, "texture": "#0"},
				"up": {"uv": [2, 6.25, 2.25, 5.75], "rotation": 180, "texture": "#0"},
				"down": {"uv": [2.5, 6.375, 2.75, 5.875], "texture": "#0"}
			}
		},
		{
			"from": [7.25, -5.00907, 2.10006],
			"to": [8.75, -3.00907, 4.10006],
			"rotation": {"angle": 45, "axis": "x", "origin": [8.25, 8, 7.25]},
			"faces": {
				"north": {"uv": [5.125, 4.25, 4.75, 4.75], "texture": "#0"},
				"east": {"uv": [5.625, 4.25, 5.125, 3.75], "rotation": 90, "texture": "#0"},
				"south": {"uv": [5.125, 3.75, 4.75, 4.25], "rotation": 180, "texture": "#0"},
				"west": {"uv": [5.125, 4.25, 5.625, 3.75], "rotation": 270, "texture": "#0"},
				"up": {"uv": [5.125, 4.75, 5.5, 4.25], "texture": "#0"},
				"down": {"uv": [5.125, 4.75, 5.5, 4.25], "rotation": 180, "texture": "#0"}
			}
		},
		{
			"from": [7.25, 19.00907, 2.10006],
			"to": [8.75, 21.00907, 4.10006],
			"rotation": {"angle": -45, "axis": "x", "origin": [8.25, 8, 7.25]},
			"faces": {
				"north": {"uv": [5.125, 4.75, 4.75, 4.25], "texture": "#0"},
				"east": {"uv": [5.125, 4.25, 5.625, 3.75], "rotation": 90, "texture": "#0"},
				"south": {"uv": [5.125, 4.25, 4.75, 3.75], "rotation": 180, "texture": "#0"},
				"west": {"uv": [5.625, 4.25, 5.125, 3.75], "rotation": 270, "texture": "#0"},
				"up": {"uv": [5.5, 4.75, 5.125, 4.25], "texture": "#0"},
				"down": {"uv": [5.5, 4.75, 5.125, 4.25], "rotation": 180, "texture": "#0"}
			}
		},
		{
			"from": [7.5, 8.28884, -7.9647],
			"to": [8.5, 9.78884, -5.9647],
			"rotation": {"angle": 22.5, "axis": "x", "origin": [8.25, 8, 7.25]},
			"faces": {
				"north": {"uv": [1.5, 6.125, 1.25, 5.75], "rotation": 180, "texture": "#0"},
				"east": {"uv": [1.5, 6.125, 2, 5.75], "rotation": 180, "texture": "#0"},
				"south": {"uv": [1.5, 6.125, 1.25, 5.75], "rotation": 180, "texture": "#0"},
				"west": {"uv": [2, 6.125, 1.5, 5.75], "rotation": 180, "texture": "#0"},
				"up": {"uv": [2.75, 6.375, 2.5, 5.875], "rotation": 180, "texture": "#0"},
				"down": {"uv": [2.25, 6.25, 2, 5.75], "texture": "#0"}
			}
		},
		{
			"from": [7.75, 14.46476, -8.12992],
			"to": [8.25, 15.46476, -6.12992],
			"rotation": {"angle": 0, "axis": "y", "origin": [8.25, 8, 7.25]},
			"faces": {
				"north": {"uv": [2.5, 6.125, 2.375, 5.875], "rotation": 180, "texture": "#0"},
				"east": {"uv": [1.5, 6.375, 2, 6.125], "rotation": 180, "texture": "#0"},
				"south": {"uv": [2.5, 6.125, 2.375, 5.875], "rotation": 180, "texture": "#0"},
				"west": {"uv": [2, 6.375, 1.5, 6.125], "rotation": 180, "texture": "#0"},
				"up": {"uv": [2.375, 6.25, 2.25, 5.75], "rotation": 180, "texture": "#0"},
				"down": {"uv": [2.5, 6.625, 2.375, 6.125], "rotation": 180, "texture": "#0"}
			}
		},
		{
			"from": [7.75, 27.83097, 4.44129],
			"to": [8.25, 31.83097, 5.94129],
			"rotation": {"angle": 22.5, "axis": "x", "origin": [8.25, 8, 7.25]},
			"faces": {
				"north": {"uv": [4.5, 3.625, 4.625, 4.625], "rotation": 180, "texture": "#0"},
				"east": {"uv": [5.625, 3.25, 4.625, 3.625], "rotation": 90, "texture": "#0"},
				"south": {"uv": [4.625, 3.625, 4.75, 4.625], "texture": "#0"},
				"west": {"uv": [4.625, 3.25, 5.625, 3.625], "rotation": 270, "texture": "#0"},
				"up": {"uv": [4.5, 3.25, 4.625, 3.625], "texture": "#0"},
				"down": {"uv": [4.5, 3.25, 4.625, 3.625], "rotation": 180, "texture": "#0"}
			}
		},
		{
			"from": [7.5, 23.40698, 12.20898],
			"to": [8.5, 27.40698, 13.70898],
			"rotation": {"angle": 0, "axis": "y", "origin": [8.25, 8, 7.25]},
			"faces": {
				"north": {"uv": [4, 3.375, 4.25, 4.375], "rotation": 180, "texture": "#0"},
				"east": {"uv": [5.5, 2.75, 4.5, 3.125], "rotation": 90, "texture": "#0"},
				"south": {"uv": [4.25, 3.5, 4.5, 4.5], "texture": "#0"},
				"west": {"uv": [4.5, 2.75, 5.5, 3.125], "rotation": 270, "texture": "#0"},
				"up": {"uv": [4.25, 2.75, 4.5, 3.125], "texture": "#0"},
				"down": {"uv": [4.25, 3.125, 4.5, 3.5], "rotation": 180, "texture": "#0"}
			}
		},
		{
			"from": [7.25, 21.70898, 5.32555],
			"to": [8.75, 24.70898, 7.32555],
			"rotation": {"angle": 22.5, "axis": "x", "origin": [8.25, 8, 7.25]},
			"faces": {
				"north": {"uv": [2.375, 5.125, 2.75, 5.875], "rotation": 180, "texture": "#0"},
				"east": {"uv": [2.375, 5.125, 1.625, 5.625], "rotation": 90, "texture": "#0"},
				"south": {"uv": [2.75, 5.375, 3.125, 6.125], "texture": "#0"},
				"west": {"uv": [1.625, 5.125, 2.375, 5.625], "rotation": 270, "texture": "#0"},
				"up": {"uv": [1.25, 5.125, 1.625, 5.625], "texture": "#0"},
				"down": {"uv": [1.25, 5.125, 1.625, 5.625], "rotation": 180, "texture": "#0"}
			}
		},
		{
			"from": [7, 17.67342, -0.40128],
			"to": [9, 20.67342, 2.09872],
			"rotation": {"angle": 45, "axis": "x", "origin": [8.25, 8, 7.25]},
			"faces": {
				"north": {"uv": [2.75, 4.625, 3.25, 5.375], "rotation": 180, "texture": "#0"},
				"east": {"uv": [4, 4, 3.25, 4.625], "rotation": 90, "texture": "#0"},
				"south": {"uv": [3.25, 4.625, 3.75, 5.375], "texture": "#0"},
				"west": {"uv": [3.25, 4, 4, 4.625], "rotation": 270, "texture": "#0"},
				"up": {"uv": [3.5, 3.375, 4, 4], "texture": "#0"},
				"down": {"uv": [2.75, 4, 3.25, 4.625], "rotation": 180, "texture": "#0"}
			}
		},
		{
			"from": [7.75, -15.83097, 4.44129],
			"to": [8.25, -11.83097, 5.94129],
			"rotation": {"angle": -22.5, "axis": "x", "origin": [8.25, 8, 7.25]},
			"faces": {
				"north": {"uv": [4.5, 4.625, 4.625, 3.625], "rotation": 180, "texture": "#0"},
				"east": {"uv": [4.625, 3.25, 5.625, 3.625], "rotation": 90, "texture": "#0"},
				"south": {"uv": [4.625, 4.625, 4.75, 3.625], "texture": "#0"},
				"west": {"uv": [5.625, 3.25, 4.625, 3.625], "rotation": 270, "texture": "#0"},
				"up": {"uv": [4.625, 3.25, 4.5, 3.625], "texture": "#0"},
				"down": {"uv": [4.625, 3.25, 4.5, 3.625], "rotation": 180, "texture": "#0"}
			}
		},
		{
			"from": [7.5, -11.40698, 12.20898],
			"to": [8.5, -7.40698, 13.70898],
			"rotation": {"angle": 0, "axis": "y", "origin": [8.25, 8, 7.25]},
			"faces": {
				"north": {"uv": [4, 4.375, 4.25, 3.375], "rotation": 180, "texture": "#0"},
				"east": {"uv": [4.5, 2.75, 5.5, 3.125], "rotation": 90, "texture": "#0"},
				"south": {"uv": [4.25, 4.5, 4.5, 3.5], "texture": "#0"},
				"west": {"uv": [5.5, 2.75, 4.5, 3.125], "rotation": 270, "texture": "#0"},
				"up": {"uv": [4.5, 3.125, 4.25, 3.5], "texture": "#0"},
				"down": {"uv": [4.5, 2.75, 4.25, 3.125], "rotation": 180, "texture": "#0"}
			}
		},
		{
			"from": [7.25, -8.70898, 5.32555],
			"to": [8.75, -5.70898, 7.32555],
			"rotation": {"angle": -22.5, "axis": "x", "origin": [8.25, 8, 7.25]},
			"faces": {
				"north": {"uv": [2.375, 5.875, 2.75, 5.125], "rotation": 180, "texture": "#0"},
				"east": {"uv": [1.625, 5.125, 2.375, 5.625], "rotation": 90, "texture": "#0"},
				"south": {"uv": [2.75, 6.125, 3.125, 5.375], "texture": "#0"},
				"west": {"uv": [2.375, 5.125, 1.625, 5.625], "rotation": 270, "texture": "#0"},
				"up": {"uv": [1.625, 5.125, 1.25, 5.625], "texture": "#0"},
				"down": {"uv": [1.625, 5.125, 1.25, 5.625], "rotation": 180, "texture": "#0"}
			}
		},
		{
			"from": [7, -4.67342, -0.40128],
			"to": [9, -1.67342, 2.09872],
			"rotation": {"angle": -45, "axis": "x", "origin": [8.25, 8, 7.25]},
			"faces": {
				"north": {"uv": [2.75, 5.375, 3.25, 4.625], "rotation": 180, "texture": "#0"},
				"east": {"uv": [3.25, 4, 4, 4.625], "rotation": 90, "texture": "#0"},
				"south": {"uv": [3.25, 5.375, 3.75, 4.625], "texture": "#0"},
				"west": {"uv": [4, 4, 3.25, 4.625], "rotation": 270, "texture": "#0"},
				"up": {"uv": [3.25, 4, 2.75, 4.625], "texture": "#0"},
				"down": {"uv": [4, 3.375, 3.5, 4], "rotation": 180, "texture": "#0"}
			}
		},
		{
			"from": [8, 3.19688, 18.11958],
			"to": [8, 17.19688, 19.11958],
			"rotation": {"angle": -22.5, "axis": "x", "origin": [8.25, 8, 7.25]},
			"faces": {
				"north": {"uv": [7.5, 0, 7.5, 3.5], "texture": "#0"},
				"east": {"uv": [7.5, 0, 7.75, 3.5], "texture": "#0"},
				"south": {"uv": [7.5, 0, 7.5, 3.5], "texture": "#0"},
				"west": {"uv": [7.75, 0, 7.5, 3.5], "texture": "#0"},
				"up": {"uv": [0, 0, 0.25, 0], "rotation": 270, "texture": "#0"},
				"down": {"uv": [0, 0, 0.25, 0], "rotation": 90, "texture": "#0"}
			}
		},
		{
			"from": [8, 4, 19.5],
			"to": [8, 8, 25.5],
			"rotation": {"angle": 0, "axis": "y", "origin": [8.25, 8, 7.25]},
			"faces": {
				"north": {"uv": [0, 1.25, 0, 0], "texture": "#0"},
				"east": {"uv": [13.875, 5.75, 12.375, 4.75], "texture": "#0"},
				"south": {"uv": [0, 1.25, 0, 0], "texture": "#0"},
				"west": {"uv": [12.375, 5.75, 13.875, 4.75], "texture": "#0"},
				"up": {"uv": [0, 0, 2.5, 0], "rotation": 270, "texture": "#0"},
				"down": {"uv": [0, 0, 2.5, 0], "rotation": 90, "texture": "#0"}
			}
		},
		{
			"from": [8, 8, 19.5],
			"to": [8, 12, 25.5],
			"rotation": {"angle": 0, "axis": "y", "origin": [8.25, 8, 7.25]},
			"faces": {
				"north": {"uv": [0, 0, 0, 1.25], "texture": "#0"},
				"east": {"uv": [13.875, 4.75, 12.375, 5.75], "texture": "#0"},
				"south": {"uv": [0, 0, 0, 1.25], "texture": "#0"},
				"west": {"uv": [12.375, 4.75, 13.875, 5.75], "texture": "#0"},
				"up": {"uv": [0, 0, 2.5, 0], "rotation": 270, "texture": "#0"},
				"down": {"uv": [0, 0, 2.5, 0], "rotation": 90, "texture": "#0"}
			}
		},
		{
			"from": [8, 8, 8.5],
			"to": [8, 12, 14.5],
			"rotation": {"angle": 0, "axis": "y", "origin": [8.25, 8, 7.25]},
			"faces": {
				"north": {"uv": [0, 0, 0, 1.25], "texture": "#0"},
				"east": {"uv": [12.25, 4.75, 10.75, 5.75], "texture": "#0"},
				"south": {"uv": [0, 0, 0, 1.25], "texture": "#0"},
				"west": {"uv": [10.75, 4.75, 12.25, 5.75], "texture": "#0"},
				"up": {"uv": [0, 0, 2.5, 0], "rotation": 270, "texture": "#0"},
				"down": {"uv": [0, 0, 2.5, 0], "rotation": 90, "texture": "#0"}
			}
		},
		{
			"from": [7.5, 7.5, -7.5],
			"to": [8.5, 8.5, 22.5],
			"rotation": {"angle": 0, "axis": "y", "origin": [8.25, 8, 7.25]},
			"faces": {
				"north": {"uv": [6.875, 8.875, 7.125, 9.125], "texture": "#0"},
				"east": {"uv": [9.25, 8.375, 9.5, 15.875], "rotation": 90, "texture": "#0"},
				"south": {"uv": [6.875, 8.875, 7.125, 9.125], "texture": "#0"},
				"west": {"uv": [9.25, 8.375, 9.5, 15.875], "rotation": 90, "texture": "#0"},
				"up": {"uv": [9.5, 8.375, 9.75, 15.875], "texture": "#0"},
				"down": {"uv": [9.75, 8.375, 10, 15.875], "rotation": 180, "texture": "#0"}
			}
		},
		{
			"from": [8, 3.5, -12.5],
			"to": [8, 12.5, -3.5],
			"rotation": {"angle": 0, "axis": "y", "origin": [8.25, 8, 7.25]},
			"faces": {
				"north": {"uv": [6.875, 8.875, 6.875, 11.125], "texture": "#0"},
				"east": {"uv": [8.5, 7, 10.75, 4.75], "rotation": 90, "texture": "#0"},
				"south": {"uv": [6.875, 8.875, 6.875, 11.125], "texture": "#0"},
				"west": {"uv": [8.5, 4.75, 10.75, 7], "rotation": 90, "texture": "#0"},
				"up": {"uv": [9.5, 8.375, 9.5, 10.625], "texture": "#0"},
				"down": {"uv": [9.75, 8.375, 9.75, 10.625], "rotation": 180, "texture": "#0"}
			}
		},
		{
			"from": [8, 4, 8.5],
			"to": [8, 8, 14.5],
			"rotation": {"angle": 0, "axis": "y", "origin": [8.25, 8, 7.25]},
			"faces": {
				"north": {"uv": [0, 1.25, 0, 0], "texture": "#0"},
				"east": {"uv": [12.25, 5.75, 10.75, 4.75], "texture": "#0"},
				"south": {"uv": [0, 1.25, 0, 0], "texture": "#0"},
				"west": {"uv": [10.75, 5.75, 12.25, 4.75], "texture": "#0"},
				"up": {"uv": [0, 0, 2.5, 0], "rotation": 270, "texture": "#0"},
				"down": {"uv": [0, 0, 2.5, 0], "rotation": 90, "texture": "#0"}
			}
		},
		{
			"from": [8, -1.19688, 18.11958],
			"to": [8, 12.80312, 19.11958],
			"rotation": {"angle": 22.5, "axis": "x", "origin": [8.25, 8, 7.25]},
			"faces": {
				"north": {"uv": [7.5, 3.5, 7.5, 0], "texture": "#0"},
				"east": {"uv": [7.5, 3.5, 7.75, 0], "texture": "#0"},
				"south": {"uv": [7.5, 3.5, 7.5, 0], "texture": "#0"},
				"west": {"uv": [7.75, 3.5, 7.5, 0], "texture": "#0"},
				"up": {"uv": [0, 0, 0.25, 0], "rotation": 270, "texture": "#0"},
				"down": {"uv": [0, 0, 0.25, 0], "rotation": 90, "texture": "#0"}
			}
		},
		{
			"from": [9, -2.41835, -12.71134],
			"to": [9, 14.58165, 1.28866],
			"rotation": {"angle": -45, "axis": "x", "origin": [8.25, 8, 7.25]},
			"faces": {
				"north": {"uv": [6.875, 16, 6.875, 0], "texture": "#1"},
				"east": {"uv": [0, 14, 16, 0], "rotation": 270, "texture": "#1"},
				"south": {"uv": [7.5, 16, 7.5, 0], "rotation": 180, "texture": "#1"},
				"west": {"uv": [16, 14, 0, 0], "rotation": 90, "texture": "#1"},
				"up": {"uv": [8.125, 16, 8.125, 2], "rotation": 180, "texture": "#1"},
				"down": {"uv": [8.125, 16, 8.125, 2], "texture": "#1"}
			}
		},
		{
			"from": [9, 1.41835, -12.71134],
			"to": [9, 18.41835, 1.28866],
			"rotation": {"angle": 45, "axis": "x", "origin": [8.25, 8, 7.25]},
			"faces": {
				"north": {"uv": [6.875, 0, 6.875, 16], "texture": "#1"},
				"east": {"uv": [16, 14, 0, 0], "rotation": 270, "texture": "#1"},
				"south": {"uv": [7.5, 0, 7.5, 16], "rotation": 180, "texture": "#1"},
				"west": {"uv": [0, 14, 16, 0], "rotation": 90, "texture": "#1"},
				"up": {"uv": [8.125, 16, 8.125, 2], "rotation": 180, "texture": "#1"},
				"down": {"uv": [8.125, 16, 8.125, 2], "texture": "#1"}
			}
		}
	],
	"gui_light": "front",
	"display": {
		"thirdperson_righthand": {
			"translation": [-0.75, -2, 1.5],
			"scale": [0.45, 0.45, 0.45]
		},
		"thirdperson_lefthand": {
			"translation": [-0.75, -2, 1.5],
			"scale": [0.45, 0.45, 0.45]
		},
		"firstperson_righthand": {
			"rotation": [19, 31, 0.27],
			"translation": [2.5, 7.25, -7],
			"scale": [0.68594, 0.68594, 0.68594]
		},
		"firstperson_lefthand": {
			"rotation": [19, 31, 0.27],
			"translation": [2.5, 7.25, -7],
			"scale": [0.68594, 0.68594, 0.68594]
		},
		"ground": {
			"rotation": [0, 0, 82],
			"translation": [0, -1.75, 0.25],
			"scale": [0.5, 0.5, 0.5]
		},
		"gui": {
			"rotation": [90, 45, -90],
			"translation": [-1.5, 1.5, 0],
			"scale": [0.38242, 0.38242, 0.38242]
		},
		"head": {
			"rotation": [90, -168, 90],
			"translation": [-0.5, 15, 0],
			"scale": [0.69086, 0.69086, 0.69086]
		},
		"fixed": {
			"rotation": [180, -90, 180],
			"translation": [-3, -0.25, -1]
		}
	},
	"groups": [
		{
			"name": "group",
			"origin": [18.91751, 18.37437, 7.95],
			"color": 0,
			"boneType": "",
			"children": [
				0,
				1,
				2,
				3,
				4,
				5,
				6,
				7,
				8,
				9,
				10,
				11,
				12,
				13,
				14,
				15,
				16,
				17,
				18,
				19,
				20,
				21,
				22,
				23,
				24,
				25,
				26,
				27,
				28,
				29,
				30,
				31,
				32,
				33,
				34,
				35,
				36,
				37,
				38,
				39,
				40,
				41,
				42,
				43,
				44,
				45,
				46,
				47,
				48,
				49
			]
		}
	]
}