{
	"credit": "Made with Blockbench",
	"texture_size": [64, 64],
	"textures": {
		"0": "item/abyss/tex3",
		"1": "item/abyss/hornfire",
		"particle": "item/abyss/tex3"
	},
	"elements": [
		{
			"from": [6.15121, 8.5, 0.45834],
			"to": [8.15121, 9.5, 1.95834],
			"rotation": {"angle": -22.5, "axis": "y", "origin": [8, 7.90445, 8]},
			"faces": {
				"north": {"uv": [2.5, 5.875, 2.75, 6.375], "rotation": 90, "texture": "#0"},
				"east": {"uv": [1.25, 5.75, 1.5, 6.125], "rotation": 90, "texture": "#0"},
				"south": {"uv": [2, 5.75, 2.25, 6.25], "rotation": 270, "texture": "#0"},
				"west": {"uv": [1.25, 5.75, 1.5, 6.125], "rotation": 270, "texture": "#0"},
				"up": {"uv": [1.5, 5.75, 2, 6.125], "texture": "#0"},
				"down": {"uv": [2, 5.75, 1.5, 6.125], "rotation": 180, "texture": "#0"}
			}
		},
		{
			"from": [9.05, 0, 17.5],
			"to": [9.05, 14, 28.5],
			"rotation": {"angle": 0, "axis": "y", "origin": [8, 7.90445, 8]},
			"faces": {
				"north": {"uv": [7.5, 10.5, 7.5, 14], "rotation": 180, "texture": "#0"},
				"east": {"uv": [2.75, 10.25, 6.25, 7.5], "rotation": 90, "texture": "#0"},
				"south": {"uv": [6.875, 10.5, 6.875, 14], "texture": "#0"},
				"west": {"uv": [6.25, 10.25, 2.75, 7.5], "rotation": 270, "texture": "#0"},
				"up": {"uv": [8.125, 11.5, 8.125, 14.25], "rotation": 180, "texture": "#0"},
				"down": {"uv": [8.125, 11.5, 8.125, 14.25], "texture": "#0"}
			}
		},
		{
			"from": [7.17008, 8.75, 0.33524],
			"to": [9.17008, 9.25, 1.33524],
			"rotation": {"angle": 0, "axis": "y", "origin": [8, 7.90445, 8]},
			"faces": {
				"north": {"uv": [2.25, 5.75, 2.375, 6.25], "rotation": 90, "texture": "#0"},
				"east": {"uv": [2.375, 5.875, 2.5, 6.125], "rotation": 90, "texture": "#0"},
				"south": {"uv": [2.375, 6.125, 2.5, 6.625], "rotation": 90, "texture": "#0"},
				"west": {"uv": [2.375, 5.875, 2.5, 6.125], "rotation": 270, "texture": "#0"},
				"up": {"uv": [1.5, 6.125, 2, 6.375], "texture": "#0"},
				"down": {"uv": [2, 6.125, 1.5, 6.375], "rotation": 180, "texture": "#0"}
			}
		},
		{
			"from": [5.27462, 8.275, -0.92603],
			"to": [8.77462, 9.725, 2.07397],
			"rotation": {"angle": -22.5, "axis": "y", "origin": [8, 7.90445, 8]},
			"faces": {
				"north": {"uv": [8.125, 8.25, 7.625, 9.125], "rotation": 270, "texture": "#0"},
				"east": {"uv": [0, 4.75, 0.5, 4], "rotation": 90, "texture": "#0"},
				"south": {"uv": [7.375, 9.125, 6.875, 10], "rotation": 90, "texture": "#0"},
				"west": {"uv": [7.125, 9.125, 7.625, 8.375], "rotation": 90, "texture": "#0"},
				"up": {"uv": [8.125, 9.125, 7.375, 10], "rotation": 90, "texture": "#0"},
				"down": {"uv": [7.375, 9.125, 8.125, 10], "rotation": 90, "texture": "#0"}
			}
		},
		{
			"from": [1.2168, 9, 1.28101],
			"to": [6.2168, 10, 6.28101],
			"rotation": {"angle": -45, "axis": "y", "origin": [8, 7.90445, 8]},
			"faces": {
				"north": {"uv": [5.25, 0.75, 5, 2], "rotation": 90, "texture": "#0"},
				"east": {"uv": [6.25, 0.5, 5, 0.75], "rotation": 180, "texture": "#0"},
				"south": {"uv": [5, 0.75, 6.25, 0.5], "rotation": 180, "texture": "#0"},
				"west": {"uv": [5, 2, 5.25, 0.75], "rotation": 270, "texture": "#0"},
				"up": {"uv": [6.5, 0.75, 5.25, 2], "rotation": 270, "texture": "#0"},
				"down": {"uv": [6.5, 0.75, 5.25, 2], "rotation": 270, "texture": "#0"}
			}
		},
		{
			"from": [1.2168, 8, 1.28101],
			"to": [6.2168, 9, 6.28101],
			"rotation": {"angle": -45, "axis": "y", "origin": [8, 7.90445, 8]},
			"faces": {
				"north": {"uv": [5, 0.75, 5.25, 2], "rotation": 90, "texture": "#0"},
				"east": {"uv": [6.25, 0.75, 5, 0.5], "rotation": 180, "texture": "#0"},
				"south": {"uv": [5, 0.5, 6.25, 0.75], "rotation": 180, "texture": "#0"},
				"west": {"uv": [5.25, 2, 5, 0.75], "rotation": 270, "texture": "#0"},
				"up": {"uv": [6.5, 2, 5.25, 0.75], "rotation": 90, "texture": "#0"},
				"down": {"uv": [6.5, 2, 5.25, 0.75], "rotation": 90, "texture": "#0"}
			}
		},
		{
			"from": [4.82992, 8.75, 0.33524],
			"to": [6.82992, 9.25, 1.33524],
			"rotation": {"angle": 0, "axis": "y", "origin": [8, 7.90445, 8]},
			"faces": {
				"north": {"uv": [2.25, 6.25, 2.375, 5.75], "rotation": 90, "texture": "#0"},
				"east": {"uv": [2.5, 5.875, 2.375, 6.125], "rotation": 90, "texture": "#0"},
				"south": {"uv": [2.375, 6.625, 2.5, 6.125], "rotation": 90, "texture": "#0"},
				"west": {"uv": [2.5, 5.875, 2.375, 6.125], "rotation": 270, "texture": "#0"},
				"up": {"uv": [2, 6.125, 1.5, 6.375], "texture": "#0"},
				"down": {"uv": [1.5, 6.125, 2, 6.375], "rotation": 180, "texture": "#0"}
			}
		},
		{
			"from": [13.27988, 8.25, 5.13791],
			"to": [15.27988, 9.75, 7.13791],
			"rotation": {"angle": 45, "axis": "y", "origin": [8, 7.90445, 8]},
			"faces": {
				"north": {"uv": [5.125, 4.25, 5.5, 4.75], "rotation": 270, "texture": "#0"},
				"east": {"uv": [4.75, 3.75, 5.125, 4.25], "rotation": 90, "texture": "#0"},
				"south": {"uv": [5.125, 4.25, 5.5, 4.75], "rotation": 90, "texture": "#0"},
				"west": {"uv": [4.75, 4.25, 5.125, 4.75], "rotation": 90, "texture": "#0"},
				"up": {"uv": [5.125, 3.75, 5.625, 4.25], "rotation": 90, "texture": "#0"},
				"down": {"uv": [5.625, 3.75, 5.125, 4.25], "rotation": 90, "texture": "#0"}
			}
		},
		{
			"from": [15.29676, 8.25, 5.14816],
			"to": [17.29676, 9.75, 7.14816],
			"rotation": {"angle": 45, "axis": "y", "origin": [8, 7.90445, 8]},
			"faces": {
				"north": {"uv": [5.125, 4.75, 4.75, 4.25], "rotation": 270, "texture": "#0"},
				"east": {"uv": [5.5, 4.75, 5.125, 4.25], "rotation": 90, "texture": "#0"},
				"south": {"uv": [5.125, 4.25, 4.75, 3.75], "rotation": 270, "texture": "#0"},
				"west": {"uv": [5.5, 4.75, 5.125, 4.25], "rotation": 270, "texture": "#0"},
				"up": {"uv": [5.625, 4.25, 5.125, 3.75], "texture": "#0"},
				"down": {"uv": [5.125, 4.25, 5.625, 3.75], "rotation": 180, "texture": "#0"}
			}
		},
		{
			"from": [8.99136, 8.5, -2.90553],
			"to": [10.49136, 9.5, -0.90553],
			"rotation": {"angle": -22.5, "axis": "y", "origin": [8, 7.90445, 8]},
			"faces": {
				"north": {"uv": [1.5, 6.125, 1.25, 5.75], "rotation": 90, "texture": "#0"},
				"east": {"uv": [2.75, 6.375, 2.5, 5.875], "rotation": 270, "texture": "#0"},
				"south": {"uv": [1.5, 6.125, 1.25, 5.75], "rotation": 270, "texture": "#0"},
				"west": {"uv": [2.25, 6.25, 2, 5.75], "rotation": 90, "texture": "#0"},
				"up": {"uv": [2, 6.125, 1.5, 5.75], "rotation": 270, "texture": "#0"},
				"down": {"uv": [1.5, 6.125, 2, 5.75], "rotation": 270, "texture": "#0"}
			}
		},
		{
			"from": [13.46476, 8.75, -3.12992],
			"to": [14.46476, 9.25, -1.12992],
			"rotation": {"angle": 0, "axis": "y", "origin": [8, 7.90445, 8]},
			"faces": {
				"north": {"uv": [2.5, 6.125, 2.375, 5.875], "rotation": 90, "texture": "#0"},
				"east": {"uv": [2.375, 6.25, 2.25, 5.75], "rotation": 270, "texture": "#0"},
				"south": {"uv": [2.5, 6.125, 2.375, 5.875], "rotation": 270, "texture": "#0"},
				"west": {"uv": [2.5, 6.625, 2.375, 6.125], "rotation": 270, "texture": "#0"},
				"up": {"uv": [2, 6.375, 1.5, 6.125], "rotation": 270, "texture": "#0"},
				"down": {"uv": [1.5, 6.375, 2, 6.125], "rotation": 270, "texture": "#0"}
			}
		},
		{
			"from": [-6, 9, 12.5],
			"to": [8, 9, 13.5],
			"rotation": {"angle": 0, "axis": "y", "origin": [8, 7.90445, 8]},
			"faces": {
				"north": {"uv": [7.5, 3.5, 7.5, 0], "rotation": 270, "texture": "#0"},
				"east": {"uv": [0.25, 0, 0, 0], "rotation": 180, "texture": "#0"},
				"south": {"uv": [7.5, 3.5, 7.5, 0], "rotation": 90, "texture": "#0"},
				"west": {"uv": [0.25, 0, 0, 0], "texture": "#0"},
				"up": {"uv": [7.75, 3.5, 7.5, 0], "rotation": 90, "texture": "#0"},
				"down": {"uv": [7.5, 3.5, 7.75, 0], "rotation": 90, "texture": "#0"}
			}
		},
		{
			"from": [0.72012, 8.25, 5.13791],
			"to": [2.72012, 9.75, 7.13791],
			"rotation": {"angle": -45, "axis": "y", "origin": [8, 7.90445, 8]},
			"faces": {
				"north": {"uv": [5.125, 4.75, 5.5, 4.25], "rotation": 270, "texture": "#0"},
				"east": {"uv": [4.75, 4.75, 5.125, 4.25], "rotation": 90, "texture": "#0"},
				"south": {"uv": [5.125, 4.75, 5.5, 4.25], "rotation": 90, "texture": "#0"},
				"west": {"uv": [4.75, 4.25, 5.125, 3.75], "rotation": 90, "texture": "#0"},
				"up": {"uv": [5.125, 4.25, 5.625, 3.75], "rotation": 90, "texture": "#0"},
				"down": {"uv": [5.625, 4.25, 5.125, 3.75], "rotation": 90, "texture": "#0"}
			}
		},
		{
			"from": [9.17008, 8.75, 0.33524],
			"to": [11.17008, 9.25, 1.33524],
			"rotation": {"angle": 0, "axis": "y", "origin": [8, 7.90445, 8]},
			"faces": {
				"north": {"uv": [2.25, 5.75, 2.375, 6.25], "rotation": 90, "texture": "#0"},
				"east": {"uv": [2.5, 6.125, 2.375, 5.875], "rotation": 270, "texture": "#0"},
				"south": {"uv": [2.375, 6.125, 2.5, 6.625], "rotation": 90, "texture": "#0"},
				"west": {"uv": [2.5, 6.125, 2.375, 5.875], "rotation": 90, "texture": "#0"},
				"up": {"uv": [1.5, 6.125, 2, 6.375], "texture": "#0"},
				"down": {"uv": [2, 6.125, 1.5, 6.375], "rotation": 180, "texture": "#0"}
			}
		},
		{
			"from": [7.22538, 8.275, -0.92603],
			"to": [10.72538, 9.725, 2.07397],
			"rotation": {"angle": 22.5, "axis": "y", "origin": [8, 7.90445, 8]},
			"faces": {
				"north": {"uv": [8.125, 9.125, 7.625, 8.25], "rotation": 270, "texture": "#0"},
				"east": {"uv": [7.125, 8.375, 7.625, 9.125], "rotation": 90, "texture": "#0"},
				"south": {"uv": [7.375, 10, 6.875, 9.125], "rotation": 90, "texture": "#0"},
				"west": {"uv": [0, 4, 0.5, 4.75], "rotation": 90, "texture": "#0"},
				"up": {"uv": [8.125, 10, 7.375, 9.125], "rotation": 90, "texture": "#0"},
				"down": {"uv": [7.375, 10, 8.125, 9.125], "rotation": 90, "texture": "#0"}
			}
		},
		{
			"from": [6.82992, 8.75, 0.33524],
			"to": [8.82992, 9.25, 1.33524],
			"rotation": {"angle": 0, "axis": "y", "origin": [8, 7.90445, 8]},
			"faces": {
				"north": {"uv": [2.25, 6.25, 2.375, 5.75], "rotation": 90, "texture": "#0"},
				"east": {"uv": [2.375, 6.125, 2.5, 5.875], "rotation": 270, "texture": "#0"},
				"south": {"uv": [2.375, 6.625, 2.5, 6.125], "rotation": 90, "texture": "#0"},
				"west": {"uv": [2.375, 6.125, 2.5, 5.875], "rotation": 90, "texture": "#0"},
				"up": {"uv": [2, 6.125, 1.5, 6.375], "texture": "#0"},
				"down": {"uv": [1.5, 6.125, 2, 6.375], "rotation": 180, "texture": "#0"}
			}
		},
		{
			"from": [7.84879, 8.5, 0.45834],
			"to": [9.84879, 9.5, 1.95834],
			"rotation": {"angle": 22.5, "axis": "y", "origin": [8, 7.90445, 8]},
			"faces": {
				"north": {"uv": [2.5, 6.375, 2.75, 5.875], "rotation": 90, "texture": "#0"},
				"east": {"uv": [1.25, 6.125, 1.5, 5.75], "rotation": 270, "texture": "#0"},
				"south": {"uv": [2, 6.25, 2.25, 5.75], "rotation": 270, "texture": "#0"},
				"west": {"uv": [1.25, 6.125, 1.5, 5.75], "rotation": 90, "texture": "#0"},
				"up": {"uv": [2, 5.75, 1.5, 6.125], "texture": "#0"},
				"down": {"uv": [1.5, 5.75, 2, 6.125], "rotation": 180, "texture": "#0"}
			}
		},
		{
			"from": [6.22252, 7.75, 2.72734],
			"to": [14.22252, 10.25, 4.72734],
			"rotation": {"angle": -45, "axis": "y", "origin": [8, 7.90445, 8]},
			"faces": {
				"north": {"uv": [0.625, 2, 1.25, 4], "rotation": 90, "texture": "#0"},
				"east": {"uv": [0, 1.5, 0.625, 2], "rotation": 90, "texture": "#0"},
				"south": {"uv": [0, 2, 0.625, 4], "rotation": 90, "texture": "#0"},
				"west": {"uv": [0, 1.5, 0.625, 2], "rotation": 270, "texture": "#0"},
				"up": {"uv": [2.625, 2, 0.625, 1.5], "rotation": 180, "texture": "#0"},
				"down": {"uv": [0.625, 2, 2.625, 1.5], "texture": "#0"}
			}
		},
		{
			"from": [5.70137, 9, -3.07483],
			"to": [21.70137, 9, 3.42517],
			"rotation": {"angle": -45, "axis": "y", "origin": [8, 7.90445, 8]},
			"faces": {
				"north": {"uv": [0, 16, 0, 0], "rotation": 90, "texture": "#0"},
				"east": {"uv": [0, 5.5, 0, 0], "rotation": 90, "texture": "#0"},
				"south": {"uv": [0, 0, 0, 16], "rotation": 90, "texture": "#0"},
				"west": {"uv": [0, 5.5, 0, 0], "rotation": 270, "texture": "#0"},
				"up": {"uv": [4, 0, 0, 1.375], "rotation": 180, "texture": "#0"},
				"down": {"uv": [0, 0, 4, 1.375], "texture": "#0"}
			}
		},
		{
			"from": [22.69879, 8.75, 5.81355],
			"to": [26.69879, 9.25, 7.31355],
			"rotation": {"angle": -22.5, "axis": "y", "origin": [8, 7.90445, 8]},
			"faces": {
				"north": {"uv": [4.5, 3.625, 4.625, 4.625], "rotation": 90, "texture": "#0"},
				"east": {"uv": [4.5, 3.25, 4.625, 3.625], "rotation": 90, "texture": "#0"},
				"south": {"uv": [4.625, 3.625, 4.75, 4.625], "rotation": 90, "texture": "#0"},
				"west": {"uv": [4.5, 3.25, 4.625, 3.625], "rotation": 270, "texture": "#0"},
				"up": {"uv": [4.625, 3.25, 5.625, 3.625], "texture": "#0"},
				"down": {"uv": [5.625, 3.25, 4.625, 3.625], "rotation": 180, "texture": "#0"}
			}
		},
		{
			"from": [19.44318, 8.5, 11.99066],
			"to": [23.44318, 9.5, 13.49066],
			"rotation": {"angle": 0, "axis": "y", "origin": [8, 7.90445, 8]},
			"faces": {
				"north": {"uv": [4, 3.375, 4.25, 4.375], "rotation": 90, "texture": "#0"},
				"east": {"uv": [4.25, 2.75, 4.5, 3.125], "rotation": 90, "texture": "#0"},
				"south": {"uv": [4.25, 3.5, 4.5, 4.5], "rotation": 90, "texture": "#0"},
				"west": {"uv": [4.25, 3.125, 4.5, 3.5], "rotation": 270, "texture": "#0"},
				"up": {"uv": [4.5, 2.75, 5.5, 3.125], "texture": "#0"},
				"down": {"uv": [5.5, 2.75, 4.5, 3.125], "rotation": 180, "texture": "#0"}
			}
		},
		{
			"from": [17.67635, 8.25, 6.69781],
			"to": [20.67635, 9.75, 8.69781],
			"rotation": {"angle": -22.5, "axis": "y", "origin": [8, 7.90445, 8]},
			"faces": {
				"north": {"uv": [2.375, 5.125, 2.75, 5.875], "rotation": 90, "texture": "#0"},
				"east": {"uv": [1.25, 5.125, 1.625, 5.625], "rotation": 90, "texture": "#0"},
				"south": {"uv": [2.75, 5.375, 3.125, 6.125], "rotation": 90, "texture": "#0"},
				"west": {"uv": [1.25, 5.125, 1.625, 5.625], "rotation": 270, "texture": "#0"},
				"up": {"uv": [1.625, 5.125, 2.375, 5.625], "texture": "#0"},
				"down": {"uv": [2.375, 5.125, 1.625, 5.625], "rotation": 180, "texture": "#0"}
			}
		},
		{
			"from": [14.18589, 8, 2.46684],
			"to": [17.18589, 10, 4.96684],
			"rotation": {"angle": -45, "axis": "y", "origin": [8, 7.90445, 8]},
			"faces": {
				"north": {"uv": [2.75, 4.625, 3.25, 5.375], "rotation": 90, "texture": "#0"},
				"east": {"uv": [3.5, 3.375, 4, 4], "rotation": 90, "texture": "#0"},
				"south": {"uv": [3.25, 4.625, 3.75, 5.375], "rotation": 90, "texture": "#0"},
				"west": {"uv": [2.75, 4, 3.25, 4.625], "rotation": 270, "texture": "#0"},
				"up": {"uv": [3.25, 4, 4, 4.625], "texture": "#0"},
				"down": {"uv": [4, 4, 3.25, 4.625], "rotation": 180, "texture": "#0"}
			}
		},
		{
			"from": [1.53524, 8.75, -3.12992],
			"to": [2.53524, 9.25, -1.12992],
			"rotation": {"angle": 0, "axis": "y", "origin": [8, 7.90445, 8]},
			"faces": {
				"north": {"uv": [2.5, 5.875, 2.375, 6.125], "rotation": 90, "texture": "#0"},
				"east": {"uv": [2.5, 6.125, 2.375, 6.625], "rotation": 270, "texture": "#0"},
				"south": {"uv": [2.5, 5.875, 2.375, 6.125], "rotation": 270, "texture": "#0"},
				"west": {"uv": [2.375, 5.75, 2.25, 6.25], "rotation": 270, "texture": "#0"},
				"up": {"uv": [2, 6.125, 1.5, 6.375], "rotation": 270, "texture": "#0"},
				"down": {"uv": [1.5, 6.125, 2, 6.375], "rotation": 270, "texture": "#0"}
			}
		},
		{
			"from": [5.50864, 8.5, -2.90553],
			"to": [7.00864, 9.5, -0.90553],
			"rotation": {"angle": 22.5, "axis": "y", "origin": [8, 7.90445, 8]},
			"faces": {
				"north": {"uv": [1.5, 5.75, 1.25, 6.125], "rotation": 90, "texture": "#0"},
				"east": {"uv": [2.25, 5.75, 2, 6.25], "rotation": 90, "texture": "#0"},
				"south": {"uv": [1.5, 5.75, 1.25, 6.125], "rotation": 270, "texture": "#0"},
				"west": {"uv": [2.75, 5.875, 2.5, 6.375], "rotation": 270, "texture": "#0"},
				"up": {"uv": [2, 5.75, 1.5, 6.125], "rotation": 270, "texture": "#0"},
				"down": {"uv": [1.5, 5.75, 2, 6.125], "rotation": 270, "texture": "#0"}
			}
		},
		{
			"from": [-1.29676, 8.25, 5.14816],
			"to": [0.70324, 9.75, 7.14816],
			"rotation": {"angle": -45, "axis": "y", "origin": [8, 7.90445, 8]},
			"faces": {
				"north": {"uv": [5.125, 4.25, 4.75, 4.75], "rotation": 270, "texture": "#0"},
				"east": {"uv": [5.5, 4.25, 5.125, 4.75], "rotation": 270, "texture": "#0"},
				"south": {"uv": [5.125, 3.75, 4.75, 4.25], "rotation": 270, "texture": "#0"},
				"west": {"uv": [5.5, 4.25, 5.125, 4.75], "rotation": 90, "texture": "#0"},
				"up": {"uv": [5.125, 4.25, 5.625, 3.75], "texture": "#0"},
				"down": {"uv": [5.625, 4.25, 5.125, 3.75], "rotation": 180, "texture": "#0"}
			}
		},
		{
			"from": [-1.18589, 8, 2.46684],
			"to": [1.81411, 10, 4.96684],
			"rotation": {"angle": 45, "axis": "y", "origin": [8, 7.90445, 8]},
			"faces": {
				"north": {"uv": [2.75, 5.375, 3.25, 4.625], "rotation": 90, "texture": "#0"},
				"east": {"uv": [2.75, 4.625, 3.25, 4], "rotation": 270, "texture": "#0"},
				"south": {"uv": [3.25, 5.375, 3.75, 4.625], "rotation": 90, "texture": "#0"},
				"west": {"uv": [3.5, 4, 4, 3.375], "rotation": 90, "texture": "#0"},
				"up": {"uv": [4, 4, 3.25, 4.625], "texture": "#0"},
				"down": {"uv": [3.25, 4, 4, 4.625], "rotation": 180, "texture": "#0"}
			}
		},
		{
			"from": [-4.67635, 8.25, 6.69781],
			"to": [-1.67635, 9.75, 8.69781],
			"rotation": {"angle": 22.5, "axis": "y", "origin": [8, 7.90445, 8]},
			"faces": {
				"north": {"uv": [2.375, 5.875, 2.75, 5.125], "rotation": 90, "texture": "#0"},
				"east": {"uv": [1.25, 5.625, 1.625, 5.125], "rotation": 270, "texture": "#0"},
				"south": {"uv": [2.75, 6.125, 3.125, 5.375], "rotation": 90, "texture": "#0"},
				"west": {"uv": [1.25, 5.625, 1.625, 5.125], "rotation": 90, "texture": "#0"},
				"up": {"uv": [2.375, 5.125, 1.625, 5.625], "texture": "#0"},
				"down": {"uv": [1.625, 5.125, 2.375, 5.625], "rotation": 180, "texture": "#0"}
			}
		},
		{
			"from": [-7.44318, 8.5, 11.99066],
			"to": [-3.44318, 9.5, 13.49066],
			"rotation": {"angle": 0, "axis": "y", "origin": [8, 7.90445, 8]},
			"faces": {
				"north": {"uv": [4, 4.375, 4.25, 3.375], "rotation": 90, "texture": "#0"},
				"east": {"uv": [4.25, 3.5, 4.5, 3.125], "rotation": 270, "texture": "#0"},
				"south": {"uv": [4.25, 4.5, 4.5, 3.5], "rotation": 90, "texture": "#0"},
				"west": {"uv": [4.25, 3.125, 4.5, 2.75], "rotation": 90, "texture": "#0"},
				"up": {"uv": [5.5, 2.75, 4.5, 3.125], "texture": "#0"},
				"down": {"uv": [4.5, 2.75, 5.5, 3.125], "rotation": 180, "texture": "#0"}
			}
		},
		{
			"from": [-10.69879, 8.75, 5.81355],
			"to": [-6.69879, 9.25, 7.31355],
			"rotation": {"angle": 22.5, "axis": "y", "origin": [8, 7.90445, 8]},
			"faces": {
				"north": {"uv": [4.5, 4.625, 4.625, 3.625], "rotation": 90, "texture": "#0"},
				"east": {"uv": [4.5, 3.625, 4.625, 3.25], "rotation": 270, "texture": "#0"},
				"south": {"uv": [4.625, 4.625, 4.75, 3.625], "rotation": 90, "texture": "#0"},
				"west": {"uv": [4.5, 3.625, 4.625, 3.25], "rotation": 90, "texture": "#0"},
				"up": {"uv": [5.625, 3.25, 4.625, 3.625], "texture": "#0"},
				"down": {"uv": [4.625, 3.25, 5.625, 3.625], "rotation": 180, "texture": "#0"}
			}
		},
		{
			"from": [-5.70137, 9, -3.07483],
			"to": [10.29863, 9, 3.42517],
			"rotation": {"angle": 45, "axis": "y", "origin": [8, 7.90445, 8]},
			"faces": {
				"north": {"uv": [0, 0, 0, 16], "rotation": 90, "texture": "#0"},
				"east": {"uv": [0, 0, 0, 5.5], "rotation": 270, "texture": "#0"},
				"south": {"uv": [0, 16, 0, 0], "rotation": 90, "texture": "#0"},
				"west": {"uv": [0, 0, 0, 5.5], "rotation": 90, "texture": "#0"},
				"up": {"uv": [0, 0, 4, 1.375], "rotation": 180, "texture": "#0"},
				"down": {"uv": [4, 0, 0, 1.375], "texture": "#0"}
			}
		},
		{
			"from": [1.77748, 7.75, 2.72734],
			"to": [9.77748, 10.25, 4.72734],
			"rotation": {"angle": 45, "axis": "y", "origin": [8, 7.90445, 8]},
			"faces": {
				"north": {"uv": [0.625, 4, 1.25, 2], "rotation": 90, "texture": "#0"},
				"east": {"uv": [0, 2, 0.625, 1.5], "rotation": 270, "texture": "#0"},
				"south": {"uv": [0, 4, 0.625, 2], "rotation": 90, "texture": "#0"},
				"west": {"uv": [0, 2, 0.625, 1.5], "rotation": 90, "texture": "#0"},
				"up": {"uv": [0.625, 2, 2.625, 1.5], "rotation": 180, "texture": "#0"},
				"down": {"uv": [2.625, 2, 0.625, 1.5], "texture": "#0"}
			}
		},
		{
			"from": [8, 9, 12.5],
			"to": [22, 9, 13.5],
			"rotation": {"angle": 0, "axis": "y", "origin": [8, 7.90445, 8]},
			"faces": {
				"north": {"uv": [7.5, 0, 7.5, 3.5], "rotation": 270, "texture": "#0"},
				"east": {"uv": [0, 0, 0.25, 0], "texture": "#0"},
				"south": {"uv": [7.5, 0, 7.5, 3.5], "rotation": 90, "texture": "#0"},
				"west": {"uv": [0, 0, 0.25, 0], "rotation": 180, "texture": "#0"},
				"up": {"uv": [7.75, 0, 7.5, 3.5], "rotation": 90, "texture": "#0"},
				"down": {"uv": [7.5, 0, 7.75, 3.5], "rotation": 90, "texture": "#0"}
			}
		},
		{
			"from": [6.5, 7, 2.5],
			"to": [9.5, 8, 13.5],
			"rotation": {"angle": 0, "axis": "y", "origin": [8, 7.90445, 8]},
			"faces": {
				"north": {"uv": [9.25, 8.125, 10, 8.375], "texture": "#0"},
				"east": {"uv": [8.875, 12, 9.125, 9.25], "rotation": 90, "texture": "#0"},
				"south": {"uv": [9.25, 8.125, 10, 8.375], "texture": "#0"},
				"west": {"uv": [8.875, 9.25, 9.125, 12], "rotation": 90, "texture": "#0"},
				"up": {"uv": [11.75, 5.75, 14.5, 6.5], "rotation": 270, "texture": "#0"},
				"down": {"uv": [11.75, 6.5, 14.5, 7.25], "rotation": 90, "texture": "#0"}
			}
		},
		{
			"from": [6.75, 6.60525, 21.47128],
			"to": [9.25, 9.60525, 23.47128],
			"rotation": {"angle": 22.5, "axis": "x", "origin": [8, 7.90445, 8]},
			"faces": {
				"north": {"uv": [13.75, 7.25, 14.5, 7.875], "rotation": 90, "texture": "#0"},
				"east": {"uv": [13, 8, 13.75, 8.5], "rotation": 270, "texture": "#0"},
				"south": {"uv": [13, 7.25, 13.75, 7.875], "rotation": 90, "texture": "#0"},
				"west": {"uv": [13.75, 8, 13, 8.5], "rotation": 90, "texture": "#0"},
				"up": {"uv": [13.75, 8, 14.375, 8.5], "rotation": 180, "texture": "#0"},
				"down": {"uv": [13.75, 8, 14.375, 8.5], "texture": "#0"}
			}
		},
		{
			"from": [6.5, 3, 20.5],
			"to": [9.5, 9, 23.5],
			"rotation": {"angle": 0, "axis": "y", "origin": [8, 7.90445, 8]},
			"faces": {
				"north": {"uv": [8.125, 9.5, 8.875, 11], "texture": "#0"},
				"east": {"uv": [13, 9.5, 14.5, 8.75], "rotation": 90, "texture": "#0"},
				"south": {"uv": [8.125, 8, 8.875, 9.5], "texture": "#0"},
				"west": {"uv": [13, 8.75, 14.5, 9.5], "rotation": 90, "texture": "#0"},
				"up": {"uv": [8.875, 12, 8.125, 12.75], "rotation": 270, "texture": "#0"},
				"down": {"uv": [8.125, 11.75, 8.875, 11], "rotation": 180, "texture": "#0"}
			}
		},
		{
			"from": [5.75, 6, 13.5],
			"to": [10.25, 9, 20.5],
			"rotation": {"angle": 0, "axis": "y", "origin": [8, 7.90445, 8]},
			"faces": {
				"north": {"uv": [6.5, 3.25, 7.625, 4], "texture": "#0"},
				"east": {"uv": [6.375, 5.5, 4.625, 6.25], "texture": "#0"},
				"south": {"uv": [6.5, 3.25, 7.625, 4], "texture": "#0"},
				"west": {"uv": [4.625, 5.5, 6.375, 6.25], "texture": "#0"},
				"up": {"uv": [6.375, 6.25, 4.625, 7.375], "rotation": 270, "texture": "#0"},
				"down": {"uv": [4.625, 6.25, 2.875, 7.375], "rotation": 90, "texture": "#0"}
			}
		},
		{
			"from": [6.5, 9, 13.5],
			"to": [7, 10, 22.5],
			"rotation": {"angle": 0, "axis": "y", "origin": [8, 7.90445, 8]},
			"faces": {
				"north": {"uv": [7.375, 0.75, 7.5, 1], "texture": "#0"},
				"east": {"uv": [7.25, 1, 7.5, 3.25], "rotation": 90, "texture": "#0"},
				"south": {"uv": [7.375, 0.75, 7.5, 1], "texture": "#0"},
				"west": {"uv": [7.25, 1, 7.5, 3.25], "rotation": 90, "texture": "#0"},
				"up": {"uv": [7.125, 3.25, 7.25, 1], "texture": "#0"},
				"down": {"uv": [7.125, 3.25, 7.25, 1], "rotation": 180, "texture": "#0"}
			}
		},
		{
			"from": [7.25, 8, 2.5],
			"to": [8.75, 9, 13.5],
			"rotation": {"angle": 0, "axis": "y", "origin": [8, 7.90445, 8]},
			"faces": {
				"north": {"uv": [15.625, 2.75, 16, 3], "texture": "#0"},
				"east": {"uv": [15.375, 0, 15.625, 2.75], "rotation": 90, "texture": "#0"},
				"south": {"uv": [15.625, 2.75, 16, 3], "texture": "#0"},
				"west": {"uv": [15.375, 0, 15.625, 2.75], "rotation": 90, "texture": "#0"},
				"up": {"uv": [15.625, 0, 16, 2.75], "texture": "#0"},
				"down": {"uv": [15.625, 0, 16, 2.75], "rotation": 180, "texture": "#0"}
			}
		},
		{
			"from": [5.5, -4.24479, 14.34858],
			"to": [6.5, 0.75521, 19.34858],
			"rotation": {"angle": -45, "axis": "x", "origin": [8, 7.90445, 8]},
			"faces": {
				"north": {"uv": [5, 0.75, 5.25, 2], "texture": "#0"},
				"east": {"uv": [6.5, 2, 5.25, 0.75], "rotation": 180, "texture": "#0"},
				"south": {"uv": [5, 0.5, 6.25, 0.75], "rotation": 270, "texture": "#0"},
				"west": {"uv": [6.5, 2, 5.25, 0.75], "rotation": 180, "texture": "#0"},
				"up": {"uv": [5.25, 2, 5, 0.75], "texture": "#0"},
				"down": {"uv": [6.25, 0.75, 5, 0.5], "rotation": 270, "texture": "#0"}
			}
		},
		{
			"from": [9.5, -4.24479, 14.34858],
			"to": [10.5, 0.75521, 19.34858],
			"rotation": {"angle": -45, "axis": "x", "origin": [8, 7.90445, 8]},
			"faces": {
				"north": {"uv": [5.25, 0.75, 5, 2], "texture": "#0"},
				"east": {"uv": [5.25, 2, 6.5, 0.75], "rotation": 180, "texture": "#0"},
				"south": {"uv": [5, 0.75, 6.25, 0.5], "rotation": 270, "texture": "#0"},
				"west": {"uv": [5.25, 2, 6.5, 0.75], "rotation": 180, "texture": "#0"},
				"up": {"uv": [5, 2, 5.25, 0.75], "texture": "#0"},
				"down": {"uv": [6.25, 0.5, 5, 0.75], "rotation": 270, "texture": "#0"}
			}
		},
		{
			"from": [9, 9, 13.5],
			"to": [9.5, 10, 22.5],
			"rotation": {"angle": 0, "axis": "y", "origin": [8, 7.90445, 8]},
			"faces": {
				"north": {"uv": [7.5, 0.75, 7.375, 1], "texture": "#0"},
				"east": {"uv": [7.25, 3.25, 7.5, 1], "rotation": 90, "texture": "#0"},
				"south": {"uv": [7.5, 0.75, 7.375, 1], "texture": "#0"},
				"west": {"uv": [7.25, 3.25, 7.5, 1], "rotation": 90, "texture": "#0"},
				"up": {"uv": [7.25, 3.25, 7.125, 1], "texture": "#0"},
				"down": {"uv": [7.25, 3.25, 7.125, 1], "rotation": 180, "texture": "#0"}
			}
		},
		{
			"from": [8, 9, 13.5],
			"to": [8, 13, 19.5],
			"rotation": {"angle": 0, "axis": "y", "origin": [8, 7.90445, 8]},
			"faces": {
				"north": {"uv": [0, 0, 0, 1.25], "texture": "#0"},
				"east": {"uv": [13.875, 4.75, 12.375, 5.75], "texture": "#0"},
				"south": {"uv": [0, 0, 0, 1.25], "texture": "#0"},
				"west": {"uv": [12.375, 4.75, 13.875, 5.75], "texture": "#0"},
				"up": {"uv": [0, 0, 2.5, 0], "rotation": 270, "texture": "#0"},
				"down": {"uv": [0, 0, 2.5, 0], "rotation": 90, "texture": "#0"}
			}
		},
		{
			"from": [8, 4.5, -11.5],
			"to": [8, 13.5, -2.5],
			"rotation": {"angle": 0, "axis": "y", "origin": [8, 7.90445, 8]},
			"faces": {
				"north": {"uv": [6.875, 8.875, 6.875, 11.125], "texture": "#0"},
				"east": {"uv": [8.5, 7, 10.75, 4.75], "rotation": 90, "texture": "#0"},
				"south": {"uv": [6.875, 8.875, 6.875, 11.125], "texture": "#0"},
				"west": {"uv": [8.5, 4.75, 10.75, 7], "rotation": 90, "texture": "#0"},
				"up": {"uv": [9.5, 8.375, 9.5, 10.625], "texture": "#0"},
				"down": {"uv": [9.75, 8.375, 9.75, 10.625], "rotation": 180, "texture": "#0"}
			}
		},
		{
			"from": [7.5, 8.5, -6.5],
			"to": [8.5, 9.5, 23.5],
			"rotation": {"angle": 0, "axis": "y", "origin": [8, 7.90445, 8]},
			"faces": {
				"north": {"uv": [6.875, 8.875, 7.125, 9.125], "texture": "#0"},
				"east": {"uv": [9.25, 8.375, 9.5, 15.875], "rotation": 90, "texture": "#0"},
				"south": {"uv": [6.875, 8.875, 7.125, 9.125], "texture": "#0"},
				"west": {"uv": [9.25, 8.375, 9.5, 15.875], "rotation": 90, "texture": "#0"},
				"up": {"uv": [9.5, 8.375, 9.75, 15.875], "texture": "#0"},
				"down": {"uv": [9.75, 8.375, 10, 15.875], "rotation": 180, "texture": "#0"}
			}
		},
		{
			"from": [8, 3, 15.5],
			"to": [8, 7, 20.5],
			"rotation": {"angle": 0, "axis": "y", "origin": [8, 7.90445, 8]},
			"faces": {
				"north": {"uv": [0, 0, 0, 1], "texture": "#0"},
				"east": {"uv": [12.75, 1.5, 11.5, 2.5], "texture": "#0"},
				"south": {"uv": [0, 0, 0, 1], "texture": "#0"},
				"west": {"uv": [11.5, 1.5, 12.75, 2.5], "texture": "#0"},
				"up": {"uv": [0, 0, 1.25, 0], "rotation": 270, "texture": "#0"},
				"down": {"uv": [0, 0, 1.25, 0], "rotation": 90, "texture": "#0"}
			}
		},
		{
			"from": [-4.99929, 6.25685, 3.49929],
			"to": [12.00071, 20.25685, 3.49929],
			"rotation": {"angle": 45, "axis": "y", "origin": [8, 7.90445, 8]},
			"faces": {
				"north": {"uv": [16, 0, 0, 14], "texture": "#1"},
				"east": {"uv": [8.125, 2, 8.125, 16], "texture": "#1"},
				"south": {"uv": [0, 0, 16, 14], "texture": "#1"},
				"west": {"uv": [8.125, 2, 8.125, 16], "texture": "#1"},
				"up": {"uv": [6.875, 16, 6.875, 0], "rotation": 90, "texture": "#1"},
				"down": {"uv": [7.5, 16, 7.5, 0], "rotation": 270, "texture": "#1"}
			}
		},
		{
			"from": [3.99929, 6.25685, 3.49929],
			"to": [20.99929, 20.25685, 3.49929],
			"rotation": {"angle": -45, "axis": "y", "origin": [8, 7.90445, 8]},
			"faces": {
				"north": {"uv": [0, 0, 16, 14], "texture": "#1"},
				"east": {"uv": [8.125, 2, 8.125, 16], "texture": "#1"},
				"south": {"uv": [16, 0, 0, 14], "texture": "#1"},
				"west": {"uv": [8.125, 2, 8.125, 16], "texture": "#1"},
				"up": {"uv": [6.875, 0, 6.875, 16], "rotation": 90, "texture": "#1"},
				"down": {"uv": [7.5, 0, 7.5, 16], "rotation": 270, "texture": "#1"}
			}
		},
		{
			"from": [6.95, 0, 17.5],
			"to": [6.95, 14, 28.5],
			"rotation": {"angle": 0, "axis": "y", "origin": [8, 7.90445, 8]},
			"faces": {
				"north": {"uv": [7.5, 10.5, 7.5, 14], "rotation": 180, "texture": "#0"},
				"east": {"uv": [6.25, 7.5, 2.75, 10.25], "rotation": 270, "texture": "#0"},
				"south": {"uv": [6.875, 10.5, 6.875, 14], "texture": "#0"},
				"west": {"uv": [2.75, 7.5, 6.25, 10.25], "rotation": 90, "texture": "#0"},
				"up": {"uv": [8.125, 11.5, 8.125, 14.25], "rotation": 180, "texture": "#0"},
				"down": {"uv": [8.125, 11.5, 8.125, 14.25], "texture": "#0"}
			}
		}
	],
	"gui_light": "front",
	"display": {
		"thirdperson_righthand": {
			"translation": [0, 1.5, 2],
			"scale": [0.55, 0.55, 0.55]
		},
		"thirdperson_lefthand": {
			"translation": [0, 1.5, 2],
			"scale": [0.55, 0.55, 0.55]
		},
		"firstperson_righthand": {
			"rotation": [10.82, 3.97, 19.87],
			"translation": [23.75, 10.25, -14.5]
		},
		"firstperson_lefthand": {
			"rotation": [10.82, 3.97, 19.87],
			"translation": [8.75, 7.75, -10.5]
		},
		"ground": {
			"translation": [0, 0.25, 0],
			"scale": [0.57, 0.57, 0.57]
		},
		"gui": {
			"rotation": [48, 128, 0],
			"translation": [-0.5, -1.5, 0],
			"scale": [0.5, 0.5, 0.5]
		},
		"head": {
			"translation": [0, 14, 0]
		},
		"fixed": {
			"rotation": [-90, 0, 0],
			"translation": [0, 0, -12.5],
			"scale": [1.62305, 1.62305, 1.62305]
		}
	},
	"groups": [
		{
			"name": "group",
			"origin": [8.70812, 15.45685, 8],
			"color": 0,
			"boneType": "",
			"children": [
				0,
				1,
				2,
				3,
				4,
				5,
				6,
				7,
				8,
				9,
				10,
				11,
				12,
				13,
				14,
				15,
				16,
				17,
				18,
				19,
				20,
				21,
				22,
				23,
				24,
				25,
				26,
				27,
				28,
				29,
				30,
				31,
				32,
				33,
				34,
				35,
				36,
				37,
				38,
				39,
				40,
				41,
				42,
				43,
				44,
				45,
				46,
				47,
				48
			]
		}
	]
}