{
	"credit": "Made with Blockbench",
	"texture_size": [64, 64],
	"textures": {
		"0": "item/abyss/tex3",
		"1": "item/abyss/hornfire",
		"2": "item/abyss/fire",
		"particle": "item/abyss/tex3"
	},
	"elements": [
		{
			"from": [5.57718, 8.5, -0.92747],
			"to": [7.57718, 9.5, 0.57253],
			"rotation": {"angle": -22.5, "axis": "y", "origin": [8, 10.77602, 8]},
			"faces": {
				"north": {"uv": [2.5, 5.875, 2.75, 6.375], "rotation": 90, "texture": "#0"},
				"east": {"uv": [1.25, 5.75, 1.5, 6.125], "rotation": 90, "texture": "#0"},
				"south": {"uv": [2, 5.75, 2.25, 6.25], "rotation": 270, "texture": "#0"},
				"west": {"uv": [1.25, 5.75, 1.5, 6.125], "rotation": 270, "texture": "#0"},
				"up": {"uv": [1.5, 5.75, 2, 6.125], "texture": "#0"},
				"down": {"uv": [2, 5.75, 1.5, 6.125], "rotation": 180, "texture": "#0"}
			}
		},
		{
			"from": [7.17008, 8.75, -1.16476],
			"to": [9.17008, 9.25, -0.16476],
			"rotation": {"angle": 0, "axis": "y", "origin": [8, 10.77602, 8]},
			"faces": {
				"north": {"uv": [2.25, 5.75, 2.375, 6.25], "rotation": 90, "texture": "#0"},
				"east": {"uv": [2.375, 5.875, 2.5, 6.125], "rotation": 90, "texture": "#0"},
				"south": {"uv": [2.375, 6.125, 2.5, 6.625], "rotation": 90, "texture": "#0"},
				"west": {"uv": [2.375, 5.875, 2.5, 6.125], "rotation": 270, "texture": "#0"},
				"up": {"uv": [1.5, 6.125, 2, 6.375], "texture": "#0"},
				"down": {"uv": [2, 6.125, 1.5, 6.375], "rotation": 180, "texture": "#0"}
			}
		},
		{
			"from": [4.70059, 8.275, -2.31185],
			"to": [8.20059, 9.725, 0.68815],
			"rotation": {"angle": -22.5, "axis": "y", "origin": [8, 10.77602, 8]},
			"faces": {
				"north": {"uv": [8.125, 8.25, 7.625, 9.125], "rotation": 270, "texture": "#0"},
				"east": {"uv": [0, 4.75, 0.5, 4], "rotation": 90, "texture": "#0"},
				"south": {"uv": [7.375, 9.125, 6.875, 10], "rotation": 90, "texture": "#0"},
				"west": {"uv": [7.125, 9.125, 7.625, 8.375], "rotation": 90, "texture": "#0"},
				"up": {"uv": [8.125, 9.125, 7.375, 10], "rotation": 90, "texture": "#0"},
				"down": {"uv": [7.375, 9.125, 8.125, 10], "rotation": 90, "texture": "#0"}
			}
		},
		{
			"from": [0.15614, 9, 0.22035],
			"to": [5.15614, 10, 5.22035],
			"rotation": {"angle": -45, "axis": "y", "origin": [8, 10.77602, 8]},
			"faces": {
				"north": {"uv": [5.25, 0.75, 5, 2], "rotation": 90, "texture": "#0"},
				"east": {"uv": [6.25, 0.5, 5, 0.75], "rotation": 180, "texture": "#0"},
				"south": {"uv": [5, 0.75, 6.25, 0.5], "rotation": 180, "texture": "#0"},
				"west": {"uv": [5, 2, 5.25, 0.75], "rotation": 270, "texture": "#0"},
				"up": {"uv": [6.5, 0.75, 5.25, 2], "rotation": 270, "texture": "#0"},
				"down": {"uv": [6.5, 0.75, 5.25, 2], "rotation": 270, "texture": "#0"}
			}
		},
		{
			"from": [0.15614, 8, 0.22035],
			"to": [5.15614, 9, 5.22035],
			"rotation": {"angle": -45, "axis": "y", "origin": [8, 10.77602, 8]},
			"faces": {
				"north": {"uv": [5, 0.75, 5.25, 2], "rotation": 90, "texture": "#0"},
				"east": {"uv": [6.25, 0.75, 5, 0.5], "rotation": 180, "texture": "#0"},
				"south": {"uv": [5, 0.5, 6.25, 0.75], "rotation": 180, "texture": "#0"},
				"west": {"uv": [5.25, 2, 5, 0.75], "rotation": 270, "texture": "#0"},
				"up": {"uv": [6.5, 2, 5.25, 0.75], "rotation": 90, "texture": "#0"},
				"down": {"uv": [6.5, 2, 5.25, 0.75], "rotation": 90, "texture": "#0"}
			}
		},
		{
			"from": [4.82992, 8.75, -1.16476],
			"to": [6.82992, 9.25, -0.16476],
			"rotation": {"angle": 0, "axis": "y", "origin": [8, 10.77602, 8]},
			"faces": {
				"north": {"uv": [2.25, 6.25, 2.375, 5.75], "rotation": 90, "texture": "#0"},
				"east": {"uv": [2.5, 5.875, 2.375, 6.125], "rotation": 90, "texture": "#0"},
				"south": {"uv": [2.375, 6.625, 2.5, 6.125], "rotation": 90, "texture": "#0"},
				"west": {"uv": [2.5, 5.875, 2.375, 6.125], "rotation": 270, "texture": "#0"},
				"up": {"uv": [2, 6.125, 1.5, 6.375], "texture": "#0"},
				"down": {"uv": [1.5, 6.125, 2, 6.375], "rotation": 180, "texture": "#0"}
			}
		},
		{
			"from": [14.34054, 8.25, 4.07725],
			"to": [16.34054, 9.75, 6.07725],
			"rotation": {"angle": 45, "axis": "y", "origin": [8, 10.77602, 8]},
			"faces": {
				"north": {"uv": [5.125, 4.25, 5.5, 4.75], "rotation": 270, "texture": "#0"},
				"east": {"uv": [4.75, 3.75, 5.125, 4.25], "rotation": 90, "texture": "#0"},
				"south": {"uv": [5.125, 4.25, 5.5, 4.75], "rotation": 90, "texture": "#0"},
				"west": {"uv": [4.75, 4.25, 5.125, 4.75], "rotation": 90, "texture": "#0"},
				"up": {"uv": [5.125, 3.75, 5.625, 4.25], "rotation": 90, "texture": "#0"},
				"down": {"uv": [5.625, 3.75, 5.125, 4.25], "rotation": 90, "texture": "#0"}
			}
		},
		{
			"from": [16.35742, 8.25, 4.0875],
			"to": [18.35742, 9.75, 6.0875],
			"rotation": {"angle": 45, "axis": "y", "origin": [8, 10.77602, 8]},
			"faces": {
				"north": {"uv": [5.125, 4.75, 4.75, 4.25], "rotation": 270, "texture": "#0"},
				"east": {"uv": [5.5, 4.75, 5.125, 4.25], "rotation": 90, "texture": "#0"},
				"south": {"uv": [5.125, 4.25, 4.75, 3.75], "rotation": 270, "texture": "#0"},
				"west": {"uv": [5.5, 4.75, 5.125, 4.25], "rotation": 270, "texture": "#0"},
				"up": {"uv": [5.625, 4.25, 5.125, 3.75], "texture": "#0"},
				"down": {"uv": [5.125, 4.25, 5.625, 3.75], "rotation": 180, "texture": "#0"}
			}
		},
		{
			"from": [8.41734, 8.5, -4.29135],
			"to": [9.91734, 9.5, -2.29135],
			"rotation": {"angle": -22.5, "axis": "y", "origin": [8, 10.77602, 8]},
			"faces": {
				"north": {"uv": [1.5, 6.125, 1.25, 5.75], "rotation": 90, "texture": "#0"},
				"east": {"uv": [2.75, 6.375, 2.5, 5.875], "rotation": 270, "texture": "#0"},
				"south": {"uv": [1.5, 6.125, 1.25, 5.75], "rotation": 270, "texture": "#0"},
				"west": {"uv": [2.25, 6.25, 2, 5.75], "rotation": 90, "texture": "#0"},
				"up": {"uv": [2, 6.125, 1.5, 5.75], "rotation": 270, "texture": "#0"},
				"down": {"uv": [1.5, 6.125, 2, 5.75], "rotation": 270, "texture": "#0"}
			}
		},
		{
			"from": [13.46476, 8.75, -4.62992],
			"to": [14.46476, 9.25, -2.62992],
			"rotation": {"angle": 0, "axis": "y", "origin": [8, 10.77602, 8]},
			"faces": {
				"north": {"uv": [2.5, 6.125, 2.375, 5.875], "rotation": 90, "texture": "#0"},
				"east": {"uv": [2.375, 6.25, 2.25, 5.75], "rotation": 270, "texture": "#0"},
				"south": {"uv": [2.5, 6.125, 2.375, 5.875], "rotation": 270, "texture": "#0"},
				"west": {"uv": [2.5, 6.625, 2.375, 6.125], "rotation": 270, "texture": "#0"},
				"up": {"uv": [2, 6.375, 1.5, 6.125], "rotation": 270, "texture": "#0"},
				"down": {"uv": [1.5, 6.375, 2, 6.125], "rotation": 270, "texture": "#0"}
			}
		},
		{
			"from": [-2.4406, 9, 15.86698],
			"to": [11.5594, 9, 16.86698],
			"rotation": {"angle": -22.5, "axis": "y", "origin": [8, 10.77602, 8]},
			"faces": {
				"north": {"uv": [7.5, 3.5, 7.5, 0], "rotation": 270, "texture": "#0"},
				"east": {"uv": [0.25, 0, 0, 0], "rotation": 180, "texture": "#0"},
				"south": {"uv": [7.5, 3.5, 7.5, 0], "rotation": 90, "texture": "#0"},
				"west": {"uv": [0.25, 0, 0, 0], "texture": "#0"},
				"up": {"uv": [7.75, 3.5, 7.5, 0], "rotation": 90, "texture": "#0"},
				"down": {"uv": [7.5, 3.5, 7.75, 0], "rotation": 90, "texture": "#0"}
			}
		},
		{
			"from": [-0.34054, 8.25, 4.07725],
			"to": [1.65946, 9.75, 6.07725],
			"rotation": {"angle": -45, "axis": "y", "origin": [8, 10.77602, 8]},
			"faces": {
				"north": {"uv": [5.125, 4.75, 5.5, 4.25], "rotation": 270, "texture": "#0"},
				"east": {"uv": [4.75, 4.75, 5.125, 4.25], "rotation": 90, "texture": "#0"},
				"south": {"uv": [5.125, 4.75, 5.5, 4.25], "rotation": 90, "texture": "#0"},
				"west": {"uv": [4.75, 4.25, 5.125, 3.75], "rotation": 90, "texture": "#0"},
				"up": {"uv": [5.125, 4.25, 5.625, 3.75], "rotation": 90, "texture": "#0"},
				"down": {"uv": [5.625, 4.25, 5.125, 3.75], "rotation": 90, "texture": "#0"}
			}
		},
		{
			"from": [9.17008, 8.75, -1.16476],
			"to": [11.17008, 9.25, -0.16476],
			"rotation": {"angle": 0, "axis": "y", "origin": [8, 10.77602, 8]},
			"faces": {
				"north": {"uv": [2.25, 5.75, 2.375, 6.25], "rotation": 90, "texture": "#0"},
				"east": {"uv": [2.5, 6.125, 2.375, 5.875], "rotation": 270, "texture": "#0"},
				"south": {"uv": [2.375, 6.125, 2.5, 6.625], "rotation": 90, "texture": "#0"},
				"west": {"uv": [2.5, 6.125, 2.375, 5.875], "rotation": 90, "texture": "#0"},
				"up": {"uv": [1.5, 6.125, 2, 6.375], "texture": "#0"},
				"down": {"uv": [2, 6.125, 1.5, 6.375], "rotation": 180, "texture": "#0"}
			}
		},
		{
			"from": [7.79941, 8.275, -2.31185],
			"to": [11.29941, 9.725, 0.68815],
			"rotation": {"angle": 22.5, "axis": "y", "origin": [8, 10.77602, 8]},
			"faces": {
				"north": {"uv": [8.125, 9.125, 7.625, 8.25], "rotation": 270, "texture": "#0"},
				"east": {"uv": [7.125, 8.375, 7.625, 9.125], "rotation": 90, "texture": "#0"},
				"south": {"uv": [7.375, 10, 6.875, 9.125], "rotation": 90, "texture": "#0"},
				"west": {"uv": [0, 4, 0.5, 4.75], "rotation": 90, "texture": "#0"},
				"up": {"uv": [8.125, 10, 7.375, 9.125], "rotation": 90, "texture": "#0"},
				"down": {"uv": [7.375, 10, 8.125, 9.125], "rotation": 90, "texture": "#0"}
			}
		},
		{
			"from": [6.82992, 8.75, -1.16476],
			"to": [8.82992, 9.25, -0.16476],
			"rotation": {"angle": 0, "axis": "y", "origin": [8, 10.77602, 8]},
			"faces": {
				"north": {"uv": [2.25, 6.25, 2.375, 5.75], "rotation": 90, "texture": "#0"},
				"east": {"uv": [2.375, 6.125, 2.5, 5.875], "rotation": 270, "texture": "#0"},
				"south": {"uv": [2.375, 6.625, 2.5, 6.125], "rotation": 90, "texture": "#0"},
				"west": {"uv": [2.375, 6.125, 2.5, 5.875], "rotation": 90, "texture": "#0"},
				"up": {"uv": [2, 6.125, 1.5, 6.375], "texture": "#0"},
				"down": {"uv": [1.5, 6.125, 2, 6.375], "rotation": 180, "texture": "#0"}
			}
		},
		{
			"from": [8.42282, 8.5, -0.92747],
			"to": [10.42282, 9.5, 0.57253],
			"rotation": {"angle": 22.5, "axis": "y", "origin": [8, 10.77602, 8]},
			"faces": {
				"north": {"uv": [2.5, 6.375, 2.75, 5.875], "rotation": 90, "texture": "#0"},
				"east": {"uv": [1.25, 6.125, 1.5, 5.75], "rotation": 270, "texture": "#0"},
				"south": {"uv": [2, 6.25, 2.25, 5.75], "rotation": 270, "texture": "#0"},
				"west": {"uv": [1.25, 6.125, 1.5, 5.75], "rotation": 90, "texture": "#0"},
				"up": {"uv": [2, 5.75, 1.5, 6.125], "texture": "#0"},
				"down": {"uv": [1.5, 5.75, 2, 6.125], "rotation": 180, "texture": "#0"}
			}
		},
		{
			"from": [5.16186, 7.75, 1.66668],
			"to": [13.16186, 10.25, 3.66668],
			"rotation": {"angle": -45, "axis": "y", "origin": [8, 10.77602, 8]},
			"faces": {
				"north": {"uv": [0.625, 2, 1.25, 4], "rotation": 90, "texture": "#0"},
				"east": {"uv": [0, 1.5, 0.625, 2], "rotation": 90, "texture": "#0"},
				"south": {"uv": [0, 2, 0.625, 4], "rotation": 90, "texture": "#0"},
				"west": {"uv": [0, 1.5, 0.625, 2], "rotation": 270, "texture": "#0"},
				"up": {"uv": [2.625, 2, 0.625, 1.5], "rotation": 180, "texture": "#0"},
				"down": {"uv": [0.625, 2, 2.625, 1.5], "texture": "#0"}
			}
		},
		{
			"from": [4.64071, 9, -4.13549],
			"to": [20.64071, 9, 2.36451],
			"rotation": {"angle": -45, "axis": "y", "origin": [8, 10.77602, 8]},
			"faces": {
				"north": {"uv": [0, 16, 0, 0], "rotation": 90, "texture": "#0"},
				"east": {"uv": [0, 5.5, 0, 0], "rotation": 90, "texture": "#0"},
				"south": {"uv": [0, 0, 0, 16], "rotation": 90, "texture": "#0"},
				"west": {"uv": [0, 5.5, 0, 0], "rotation": 270, "texture": "#0"},
				"up": {"uv": [4, 0, 0, 1.375], "rotation": 180, "texture": "#0"},
				"down": {"uv": [0, 0, 4, 1.375], "texture": "#0"}
			}
		},
		{
			"from": [22.12477, 8.75, 4.42773],
			"to": [26.12477, 9.25, 5.92773],
			"rotation": {"angle": -22.5, "axis": "y", "origin": [8, 10.77602, 8]},
			"faces": {
				"north": {"uv": [4.5, 3.625, 4.625, 4.625], "rotation": 90, "texture": "#0"},
				"east": {"uv": [4.5, 3.25, 4.625, 3.625], "rotation": 90, "texture": "#0"},
				"south": {"uv": [4.625, 3.625, 4.75, 4.625], "rotation": 90, "texture": "#0"},
				"west": {"uv": [4.5, 3.25, 4.625, 3.625], "rotation": 270, "texture": "#0"},
				"up": {"uv": [4.625, 3.25, 5.625, 3.625], "texture": "#0"},
				"down": {"uv": [5.625, 3.25, 4.625, 3.625], "rotation": 180, "texture": "#0"}
			}
		},
		{
			"from": [19.44318, 8.5, 10.49066],
			"to": [23.44318, 9.5, 11.99066],
			"rotation": {"angle": 0, "axis": "y", "origin": [8, 10.77602, 8]},
			"faces": {
				"north": {"uv": [4, 3.375, 4.25, 4.375], "rotation": 90, "texture": "#0"},
				"east": {"uv": [4.25, 2.75, 4.5, 3.125], "rotation": 90, "texture": "#0"},
				"south": {"uv": [4.25, 3.5, 4.5, 4.5], "rotation": 90, "texture": "#0"},
				"west": {"uv": [4.25, 3.125, 4.5, 3.5], "rotation": 270, "texture": "#0"},
				"up": {"uv": [4.5, 2.75, 5.5, 3.125], "texture": "#0"},
				"down": {"uv": [5.5, 2.75, 4.5, 3.125], "rotation": 180, "texture": "#0"}
			}
		},
		{
			"from": [17.10232, 8.25, 5.31199],
			"to": [20.10232, 9.75, 7.31199],
			"rotation": {"angle": -22.5, "axis": "y", "origin": [8, 10.77602, 8]},
			"faces": {
				"north": {"uv": [2.375, 5.125, 2.75, 5.875], "rotation": 90, "texture": "#0"},
				"east": {"uv": [1.25, 5.125, 1.625, 5.625], "rotation": 90, "texture": "#0"},
				"south": {"uv": [2.75, 5.375, 3.125, 6.125], "rotation": 90, "texture": "#0"},
				"west": {"uv": [1.25, 5.125, 1.625, 5.625], "rotation": 270, "texture": "#0"},
				"up": {"uv": [1.625, 5.125, 2.375, 5.625], "texture": "#0"},
				"down": {"uv": [2.375, 5.125, 1.625, 5.625], "rotation": 180, "texture": "#0"}
			}
		},
		{
			"from": [13.12523, 8, 1.40618],
			"to": [16.12523, 10, 3.90618],
			"rotation": {"angle": -45, "axis": "y", "origin": [8, 10.77602, 8]},
			"faces": {
				"north": {"uv": [2.75, 4.625, 3.25, 5.375], "rotation": 90, "texture": "#0"},
				"east": {"uv": [3.5, 3.375, 4, 4], "rotation": 90, "texture": "#0"},
				"south": {"uv": [3.25, 4.625, 3.75, 5.375], "rotation": 90, "texture": "#0"},
				"west": {"uv": [2.75, 4, 3.25, 4.625], "rotation": 270, "texture": "#0"},
				"up": {"uv": [3.25, 4, 4, 4.625], "texture": "#0"},
				"down": {"uv": [4, 4, 3.25, 4.625], "rotation": 180, "texture": "#0"}
			}
		},
		{
			"from": [1.53524, 8.75, -4.62992],
			"to": [2.53524, 9.25, -2.62992],
			"rotation": {"angle": 0, "axis": "y", "origin": [8, 10.77602, 8]},
			"faces": {
				"north": {"uv": [2.5, 5.875, 2.375, 6.125], "rotation": 90, "texture": "#0"},
				"east": {"uv": [2.5, 6.125, 2.375, 6.625], "rotation": 270, "texture": "#0"},
				"south": {"uv": [2.5, 5.875, 2.375, 6.125], "rotation": 270, "texture": "#0"},
				"west": {"uv": [2.375, 5.75, 2.25, 6.25], "rotation": 270, "texture": "#0"},
				"up": {"uv": [2, 6.125, 1.5, 6.375], "rotation": 270, "texture": "#0"},
				"down": {"uv": [1.5, 6.125, 2, 6.375], "rotation": 270, "texture": "#0"}
			}
		},
		{
			"from": [6.08266, 8.5, -4.29135],
			"to": [7.58266, 9.5, -2.29135],
			"rotation": {"angle": 22.5, "axis": "y", "origin": [8, 10.77602, 8]},
			"faces": {
				"north": {"uv": [1.5, 5.75, 1.25, 6.125], "rotation": 90, "texture": "#0"},
				"east": {"uv": [2.25, 5.75, 2, 6.25], "rotation": 90, "texture": "#0"},
				"south": {"uv": [1.5, 5.75, 1.25, 6.125], "rotation": 270, "texture": "#0"},
				"west": {"uv": [2.75, 5.875, 2.5, 6.375], "rotation": 270, "texture": "#0"},
				"up": {"uv": [2, 5.75, 1.5, 6.125], "rotation": 270, "texture": "#0"},
				"down": {"uv": [1.5, 5.75, 2, 6.125], "rotation": 270, "texture": "#0"}
			}
		},
		{
			"from": [-2.35742, 8.25, 4.0875],
			"to": [-0.35742, 9.75, 6.0875],
			"rotation": {"angle": -45, "axis": "y", "origin": [8, 10.77602, 8]},
			"faces": {
				"north": {"uv": [5.125, 4.25, 4.75, 4.75], "rotation": 270, "texture": "#0"},
				"east": {"uv": [5.5, 4.25, 5.125, 4.75], "rotation": 270, "texture": "#0"},
				"south": {"uv": [5.125, 3.75, 4.75, 4.25], "rotation": 270, "texture": "#0"},
				"west": {"uv": [5.5, 4.25, 5.125, 4.75], "rotation": 90, "texture": "#0"},
				"up": {"uv": [5.125, 4.25, 5.625, 3.75], "texture": "#0"},
				"down": {"uv": [5.625, 4.25, 5.125, 3.75], "rotation": 180, "texture": "#0"}
			}
		},
		{
			"from": [-0.12523, 8, 1.40618],
			"to": [2.87477, 10, 3.90618],
			"rotation": {"angle": 45, "axis": "y", "origin": [8, 10.77602, 8]},
			"faces": {
				"north": {"uv": [2.75, 5.375, 3.25, 4.625], "rotation": 90, "texture": "#0"},
				"east": {"uv": [2.75, 4.625, 3.25, 4], "rotation": 270, "texture": "#0"},
				"south": {"uv": [3.25, 5.375, 3.75, 4.625], "rotation": 90, "texture": "#0"},
				"west": {"uv": [3.5, 4, 4, 3.375], "rotation": 90, "texture": "#0"},
				"up": {"uv": [4, 4, 3.25, 4.625], "texture": "#0"},
				"down": {"uv": [3.25, 4, 4, 4.625], "rotation": 180, "texture": "#0"}
			}
		},
		{
			"from": [-4.10232, 8.25, 5.31199],
			"to": [-1.10232, 9.75, 7.31199],
			"rotation": {"angle": 22.5, "axis": "y", "origin": [8, 10.77602, 8]},
			"faces": {
				"north": {"uv": [2.375, 5.875, 2.75, 5.125], "rotation": 90, "texture": "#0"},
				"east": {"uv": [1.25, 5.625, 1.625, 5.125], "rotation": 270, "texture": "#0"},
				"south": {"uv": [2.75, 6.125, 3.125, 5.375], "rotation": 90, "texture": "#0"},
				"west": {"uv": [1.25, 5.625, 1.625, 5.125], "rotation": 90, "texture": "#0"},
				"up": {"uv": [2.375, 5.125, 1.625, 5.625], "texture": "#0"},
				"down": {"uv": [1.625, 5.125, 2.375, 5.625], "rotation": 180, "texture": "#0"}
			}
		},
		{
			"from": [-7.44318, 8.5, 10.49066],
			"to": [-3.44318, 9.5, 11.99066],
			"rotation": {"angle": 0, "axis": "y", "origin": [8, 10.77602, 8]},
			"faces": {
				"north": {"uv": [4, 4.375, 4.25, 3.375], "rotation": 90, "texture": "#0"},
				"east": {"uv": [4.25, 3.5, 4.5, 3.125], "rotation": 270, "texture": "#0"},
				"south": {"uv": [4.25, 4.5, 4.5, 3.5], "rotation": 90, "texture": "#0"},
				"west": {"uv": [4.25, 3.125, 4.5, 2.75], "rotation": 90, "texture": "#0"},
				"up": {"uv": [5.5, 2.75, 4.5, 3.125], "texture": "#0"},
				"down": {"uv": [4.5, 2.75, 5.5, 3.125], "rotation": 180, "texture": "#0"}
			}
		},
		{
			"from": [-10.12477, 8.75, 4.42773],
			"to": [-6.12477, 9.25, 5.92773],
			"rotation": {"angle": 22.5, "axis": "y", "origin": [8, 10.77602, 8]},
			"faces": {
				"north": {"uv": [4.5, 4.625, 4.625, 3.625], "rotation": 90, "texture": "#0"},
				"east": {"uv": [4.5, 3.625, 4.625, 3.25], "rotation": 270, "texture": "#0"},
				"south": {"uv": [4.625, 4.625, 4.75, 3.625], "rotation": 90, "texture": "#0"},
				"west": {"uv": [4.5, 3.625, 4.625, 3.25], "rotation": 90, "texture": "#0"},
				"up": {"uv": [5.625, 3.25, 4.625, 3.625], "texture": "#0"},
				"down": {"uv": [4.625, 3.25, 5.625, 3.625], "rotation": 180, "texture": "#0"}
			}
		},
		{
			"from": [-4.64071, 9, -4.13549],
			"to": [11.35929, 9, 2.36451],
			"rotation": {"angle": 45, "axis": "y", "origin": [8, 10.77602, 8]},
			"faces": {
				"north": {"uv": [0, 0, 0, 16], "rotation": 90, "texture": "#0"},
				"east": {"uv": [0, 0, 0, 5.5], "rotation": 270, "texture": "#0"},
				"south": {"uv": [0, 16, 0, 0], "rotation": 90, "texture": "#0"},
				"west": {"uv": [0, 0, 0, 5.5], "rotation": 90, "texture": "#0"},
				"up": {"uv": [0, 0, 4, 1.375], "rotation": 180, "texture": "#0"},
				"down": {"uv": [4, 0, 0, 1.375], "texture": "#0"}
			}
		},
		{
			"from": [2.83814, 7.75, 1.66668],
			"to": [10.83814, 10.25, 3.66668],
			"rotation": {"angle": 45, "axis": "y", "origin": [8, 10.77602, 8]},
			"faces": {
				"north": {"uv": [0.625, 4, 1.25, 2], "rotation": 90, "texture": "#0"},
				"east": {"uv": [0, 2, 0.625, 1.5], "rotation": 270, "texture": "#0"},
				"south": {"uv": [0, 4, 0.625, 2], "rotation": 90, "texture": "#0"},
				"west": {"uv": [0, 2, 0.625, 1.5], "rotation": 90, "texture": "#0"},
				"up": {"uv": [0.625, 2, 2.625, 1.5], "rotation": 180, "texture": "#0"},
				"down": {"uv": [2.625, 2, 0.625, 1.5], "texture": "#0"}
			}
		},
		{
			"from": [6.5, 7, 1],
			"to": [9.5, 8, 12],
			"rotation": {"angle": 0, "axis": "y", "origin": [8, 10.77602, 8]},
			"faces": {
				"north": {"uv": [9.25, 8.125, 10, 8.375], "texture": "#0"},
				"east": {"uv": [8.875, 12, 9.125, 9.25], "rotation": 90, "texture": "#0"},
				"south": {"uv": [9.25, 8.125, 10, 8.375], "texture": "#0"},
				"west": {"uv": [8.875, 9.25, 9.125, 12], "rotation": 90, "texture": "#0"},
				"up": {"uv": [11.75, 5.75, 14.5, 6.5], "rotation": 270, "texture": "#0"},
				"down": {"uv": [11.75, 6.5, 14.5, 7.25], "rotation": 90, "texture": "#0"}
			}
		},
		{
			"from": [6.75, 6.24981, 21.18436],
			"to": [9.25, 9.24981, 23.18436],
			"rotation": {"angle": 22.5, "axis": "x", "origin": [8, 10.77602, 8]},
			"faces": {
				"north": {"uv": [13.75, 7.25, 14.5, 7.875], "rotation": 90, "texture": "#0"},
				"east": {"uv": [13, 8, 13.75, 8.5], "rotation": 270, "texture": "#0"},
				"south": {"uv": [13, 7.25, 13.75, 7.875], "rotation": 90, "texture": "#0"},
				"west": {"uv": [13.75, 8, 13, 8.5], "rotation": 90, "texture": "#0"},
				"up": {"uv": [13.75, 8, 14.375, 8.5], "rotation": 180, "texture": "#0"},
				"down": {"uv": [13.75, 8, 14.375, 8.5], "texture": "#0"}
			}
		},
		{
			"from": [6.5, 3, 19],
			"to": [9.5, 9, 22],
			"rotation": {"angle": 0, "axis": "y", "origin": [8, 10.77602, 8]},
			"faces": {
				"north": {"uv": [8.125, 9.5, 8.875, 11], "texture": "#0"},
				"east": {"uv": [13, 9.5, 14.5, 8.75], "rotation": 90, "texture": "#0"},
				"south": {"uv": [8.125, 8, 8.875, 9.5], "texture": "#0"},
				"west": {"uv": [13, 8.75, 14.5, 9.5], "rotation": 90, "texture": "#0"},
				"up": {"uv": [8.875, 12, 8.125, 12.75], "rotation": 270, "texture": "#0"},
				"down": {"uv": [8.125, 11.75, 8.875, 11], "rotation": 180, "texture": "#0"}
			}
		},
		{
			"from": [5.75, 6, 12],
			"to": [10.25, 9, 19],
			"rotation": {"angle": 0, "axis": "y", "origin": [8, 10.77602, 8]},
			"faces": {
				"north": {"uv": [6.5, 3.25, 7.625, 4], "texture": "#0"},
				"east": {"uv": [6.375, 5.5, 4.625, 6.25], "texture": "#0"},
				"south": {"uv": [6.5, 3.25, 7.625, 4], "texture": "#0"},
				"west": {"uv": [4.625, 5.5, 6.375, 6.25], "texture": "#0"},
				"up": {"uv": [6.375, 6.25, 4.625, 7.375], "rotation": 270, "texture": "#0"},
				"down": {"uv": [4.625, 6.25, 2.875, 7.375], "rotation": 90, "texture": "#0"}
			}
		},
		{
			"from": [6.5, 9, 12],
			"to": [7, 10, 21],
			"rotation": {"angle": 0, "axis": "y", "origin": [8, 10.77602, 8]},
			"faces": {
				"north": {"uv": [7.375, 0.75, 7.5, 1], "texture": "#0"},
				"east": {"uv": [7.25, 1, 7.5, 3.25], "rotation": 90, "texture": "#0"},
				"south": {"uv": [7.375, 0.75, 7.5, 1], "texture": "#0"},
				"west": {"uv": [7.25, 1, 7.5, 3.25], "rotation": 90, "texture": "#0"},
				"up": {"uv": [7.125, 3.25, 7.25, 1], "texture": "#0"},
				"down": {"uv": [7.125, 3.25, 7.25, 1], "rotation": 180, "texture": "#0"}
			}
		},
		{
			"from": [7.25, 8, 1],
			"to": [8.75, 9, 12],
			"rotation": {"angle": 0, "axis": "y", "origin": [8, 10.77602, 8]},
			"faces": {
				"north": {"uv": [15.625, 2.75, 16, 3], "texture": "#0"},
				"east": {"uv": [15.375, 0, 15.625, 2.75], "rotation": 90, "texture": "#0"},
				"south": {"uv": [15.625, 2.75, 16, 3], "texture": "#0"},
				"west": {"uv": [15.375, 0, 15.625, 2.75], "rotation": 90, "texture": "#0"},
				"up": {"uv": [15.625, 0, 16, 2.75], "texture": "#0"},
				"down": {"uv": [15.625, 0, 16, 2.75], "rotation": 180, "texture": "#0"}
			}
		},
		{
			"from": [5.5, -2.34306, 11.25741],
			"to": [6.5, 2.65694, 16.25741],
			"rotation": {"angle": -45, "axis": "x", "origin": [8, 10.77602, 8]},
			"faces": {
				"north": {"uv": [5, 0.75, 5.25, 2], "texture": "#0"},
				"east": {"uv": [6.5, 2, 5.25, 0.75], "rotation": 180, "texture": "#0"},
				"south": {"uv": [5, 0.5, 6.25, 0.75], "rotation": 270, "texture": "#0"},
				"west": {"uv": [6.5, 2, 5.25, 0.75], "rotation": 180, "texture": "#0"},
				"up": {"uv": [5.25, 2, 5, 0.75], "texture": "#0"},
				"down": {"uv": [6.25, 0.75, 5, 0.5], "rotation": 270, "texture": "#0"}
			}
		},
		{
			"from": [9.5, -2.34306, 11.25741],
			"to": [10.5, 2.65694, 16.25741],
			"rotation": {"angle": -45, "axis": "x", "origin": [8, 10.77602, 8]},
			"faces": {
				"north": {"uv": [5.25, 0.75, 5, 2], "texture": "#0"},
				"east": {"uv": [5.25, 2, 6.5, 0.75], "rotation": 180, "texture": "#0"},
				"south": {"uv": [5, 0.75, 6.25, 0.5], "rotation": 270, "texture": "#0"},
				"west": {"uv": [5.25, 2, 6.5, 0.75], "rotation": 180, "texture": "#0"},
				"up": {"uv": [5, 2, 5.25, 0.75], "texture": "#0"},
				"down": {"uv": [6.25, 0.5, 5, 0.75], "rotation": 270, "texture": "#0"}
			}
		},
		{
			"from": [9, 9, 12],
			"to": [9.5, 10, 21],
			"rotation": {"angle": 0, "axis": "y", "origin": [8, 10.77602, 8]},
			"faces": {
				"north": {"uv": [7.5, 0.75, 7.375, 1], "texture": "#0"},
				"east": {"uv": [7.25, 3.25, 7.5, 1], "rotation": 90, "texture": "#0"},
				"south": {"uv": [7.5, 0.75, 7.375, 1], "texture": "#0"},
				"west": {"uv": [7.25, 3.25, 7.5, 1], "rotation": 90, "texture": "#0"},
				"up": {"uv": [7.25, 3.25, 7.125, 1], "texture": "#0"},
				"down": {"uv": [7.25, 3.25, 7.125, 1], "rotation": 180, "texture": "#0"}
			}
		},
		{
			"from": [8, 9, 12],
			"to": [8, 13, 18],
			"rotation": {"angle": 0, "axis": "y", "origin": [8, 10.77602, 8]},
			"faces": {
				"north": {"uv": [0, 0, 0, 1.25], "texture": "#0"},
				"east": {"uv": [13.875, 4.75, 12.375, 5.75], "texture": "#0"},
				"south": {"uv": [0, 0, 0, 1.25], "texture": "#0"},
				"west": {"uv": [12.375, 4.75, 13.875, 5.75], "texture": "#0"},
				"up": {"uv": [0, 0, 2.5, 0], "rotation": 270, "texture": "#0"},
				"down": {"uv": [0, 0, 2.5, 0], "rotation": 90, "texture": "#0"}
			}
		},
		{
			"from": [8, 4.5, -10],
			"to": [8, 13.5, -1],
			"rotation": {"angle": 0, "axis": "y", "origin": [8, 10.77602, 8]},
			"faces": {
				"north": {"uv": [6.875, 8.875, 6.875, 11.125], "texture": "#0"},
				"east": {"uv": [8.5, 7, 10.75, 4.75], "rotation": 90, "texture": "#0"},
				"south": {"uv": [6.875, 8.875, 6.875, 11.125], "texture": "#0"},
				"west": {"uv": [8.5, 4.75, 10.75, 7], "rotation": 90, "texture": "#0"},
				"up": {"uv": [9.5, 8.375, 9.5, 10.625], "texture": "#0"},
				"down": {"uv": [9.75, 8.375, 9.75, 10.625], "rotation": 180, "texture": "#0"}
			}
		},
		{
			"from": [7.5, 8.5, -5],
			"to": [8.5, 9.5, 25],
			"rotation": {"angle": 0, "axis": "y", "origin": [8, 10.77602, 8]},
			"faces": {
				"north": {"uv": [6.875, 8.875, 7.125, 9.125], "texture": "#0"},
				"east": {"uv": [9.25, 8.375, 9.5, 15.875], "rotation": 90, "texture": "#0"},
				"south": {"uv": [6.875, 8.875, 7.125, 9.125], "texture": "#0"},
				"west": {"uv": [9.25, 8.375, 9.5, 15.875], "rotation": 90, "texture": "#0"},
				"up": {"uv": [9.5, 8.375, 9.75, 15.875], "texture": "#0"},
				"down": {"uv": [9.75, 8.375, 10, 15.875], "rotation": 180, "texture": "#0"}
			}
		},
		{
			"from": [4.4406, 9, 15.86698],
			"to": [18.4406, 9, 16.86698],
			"rotation": {"angle": 22.5, "axis": "y", "origin": [8, 10.77602, 8]},
			"faces": {
				"north": {"uv": [7.5, 0, 7.5, 3.5], "rotation": 270, "texture": "#0"},
				"east": {"uv": [0, 0, 0.25, 0], "texture": "#0"},
				"south": {"uv": [7.5, 0, 7.5, 3.5], "rotation": 90, "texture": "#0"},
				"west": {"uv": [0, 0, 0.25, 0], "rotation": 180, "texture": "#0"},
				"up": {"uv": [7.75, 0, 7.5, 3.5], "rotation": 90, "texture": "#0"},
				"down": {"uv": [7.5, 0, 7.75, 3.5], "rotation": 90, "texture": "#0"}
			}
		},
		{
			"from": [8, 3, 14],
			"to": [8, 7, 19],
			"rotation": {"angle": 0, "axis": "y", "origin": [8, 10.77602, 8]},
			"faces": {
				"north": {"uv": [0, 0, 0, 1], "texture": "#0"},
				"east": {"uv": [12.75, 1.5, 11.5, 2.5], "texture": "#0"},
				"south": {"uv": [0, 0, 0, 1], "texture": "#0"},
				"west": {"uv": [11.5, 1.5, 12.75, 2.5], "texture": "#0"},
				"up": {"uv": [0, 0, 1.25, 0], "rotation": 270, "texture": "#0"},
				"down": {"uv": [0, 0, 1.25, 0], "rotation": 90, "texture": "#0"}
			}
		},
		{
			"from": [2.93863, 6.25685, 2.43863],
			"to": [19.93863, 20.25685, 2.43863],
			"rotation": {"angle": -45, "axis": "y", "origin": [8, 10.77602, 8]},
			"faces": {
				"north": {"uv": [0, 0, 16, 14], "texture": "#1"},
				"east": {"uv": [8.125, 2, 8.125, 16], "texture": "#1"},
				"south": {"uv": [16, 0, 0, 14], "texture": "#1"},
				"west": {"uv": [8.125, 2, 8.125, 16], "texture": "#1"},
				"up": {"uv": [6.875, 0, 6.875, 16], "rotation": 90, "texture": "#1"},
				"down": {"uv": [7.5, 0, 7.5, 16], "rotation": 270, "texture": "#1"}
			}
		},
		{
			"from": [-3.93863, 6.25685, 2.43863],
			"to": [13.06137, 20.25685, 2.43863],
			"rotation": {"angle": 45, "axis": "y", "origin": [8, 10.77602, 8]},
			"faces": {
				"north": {"uv": [16, 0, 0, 14], "texture": "#1"},
				"east": {"uv": [8.125, 2, 8.125, 16], "texture": "#1"},
				"south": {"uv": [0, 0, 16, 14], "texture": "#1"},
				"west": {"uv": [8.125, 2, 8.125, 16], "texture": "#1"},
				"up": {"uv": [6.875, 16, 6.875, 0], "rotation": 90, "texture": "#1"},
				"down": {"uv": [7.5, 16, 7.5, 0], "rotation": 270, "texture": "#1"}
			}
		},
		{
			"from": [8, 11, -3],
			"to": [8, 27, 12],
			"rotation": {"angle": 0, "axis": "y", "origin": [8, 10.77602, 8]},
			"faces": {
				"north": {"uv": [0, 0, 0, 16], "texture": "#2"},
				"east": {"uv": [15.5, 0, 0.5, 16], "texture": "#2"},
				"south": {"uv": [0, 0, 0, 16], "texture": "#2"},
				"west": {"uv": [0.5, 0, 15.5, 16], "texture": "#2"},
				"up": {"uv": [0, 0, 0, 16], "texture": "#2"},
				"down": {"uv": [0, 0, 0, 16], "texture": "#2"}
			}
		},
		{
			"from": [6.95, 0, 16],
			"to": [6.95, 14, 27],
			"rotation": {"angle": 0, "axis": "y", "origin": [8, 10.77602, 8]},
			"faces": {
				"north": {"uv": [7.5, 10.5, 7.5, 14], "rotation": 180, "texture": "#0"},
				"east": {"uv": [6.25, 7.5, 2.75, 10.25], "rotation": 270, "texture": "#0"},
				"south": {"uv": [6.875, 10.5, 6.875, 14], "texture": "#0"},
				"west": {"uv": [2.75, 7.5, 6.25, 10.25], "rotation": 90, "texture": "#0"},
				"up": {"uv": [8.125, 11.5, 8.125, 14.25], "rotation": 180, "texture": "#0"},
				"down": {"uv": [8.125, 11.5, 8.125, 14.25], "texture": "#0"}
			}
		},
		{
			"from": [9.05, 0, 16],
			"to": [9.05, 14, 27],
			"rotation": {"angle": 0, "axis": "y", "origin": [8, 10.77602, 8]},
			"faces": {
				"north": {"uv": [7.5, 10.5, 7.5, 14], "rotation": 180, "texture": "#0"},
				"east": {"uv": [2.75, 10.25, 6.25, 7.5], "rotation": 90, "texture": "#0"},
				"south": {"uv": [6.875, 10.5, 6.875, 14], "texture": "#0"},
				"west": {"uv": [6.25, 10.25, 2.75, 7.5], "rotation": 270, "texture": "#0"},
				"up": {"uv": [8.125, 11.5, 8.125, 14.25], "rotation": 180, "texture": "#0"},
				"down": {"uv": [8.125, 11.5, 8.125, 14.25], "texture": "#0"}
			}
		}
	],
	"gui_light": "front",
	"display": {
		"thirdperson_righthand": {
			"translation": [0, 1.5, 2],
			"scale": [0.55, 0.55, 0.55]
		},
		"thirdperson_lefthand": {
			"translation": [0, 1.5, 2],
			"scale": [0.55, 0.55, 0.55]
		},
		"firstperson_righthand": {
			"rotation": [10, -1, 0],
			"translation": [9.75, -5.5, -8.25]
		},
		"firstperson_lefthand": {
			"rotation": [10, 3, 0],
			"translation": [-1, -4, -7.5]
		},
		"ground": {
			"translation": [0, 3, 0],
			"scale": [0.57, 0.57, 0.57]
		},
		"gui": {
			"rotation": [48, 128, 0],
			"translation": [-0.5, -1.5, 0],
			"scale": [0.5, 0.5, 0.5]
		},
		"head": {
			"translation": [0, 14, 0]
		},
		"fixed": {
			"rotation": [-84, 0, 0],
			"translation": [0, 0, -8.25],
			"scale": [1.3, 1.3, 1.3]
		}
	},
	"groups": [
		{
			"name": "group",
			"origin": [-3, 0, 0],
			"color": 0,
			"boneType": "",
			"children": [
				0,
				1,
				2,
				3,
				4,
				5,
				6,
				7,
				8,
				9,
				10,
				11,
				12,
				13,
				14,
				15,
				16,
				17,
				18,
				19,
				20,
				21,
				22,
				23,
				24,
				25,
				26,
				27,
				28,
				29,
				30,
				31,
				32,
				33,
				34,
				35,
				36,
				37,
				38,
				39,
				40,
				41,
				42,
				43,
				44,
				45,
				46,
				47,
				48,
				49
			]
		}
	]
}