{
	"credit": "Made with Blockbench",
	"texture_size": [64, 64],
	"textures": {
		"0": "item/abyss/tex3",
		"1": "item/abyss/hornfire",
		"particle": "item/abyss/tex3"
	},
	"elements": [
		{
			"from": [8.71568, 8.5, -1.79134],
			"to": [10.71568, 9.5, -0.29134],
			"rotation": {"angle": 22.5, "axis": "y", "origin": [7.93504, 7.90445, 8]},
			"faces": {
				"north": {"uv": [2.5, 6.375, 2.75, 5.875], "rotation": 90, "texture": "#0"},
				"east": {"uv": [1.25, 6.125, 1.5, 5.75], "rotation": 270, "texture": "#0"},
				"south": {"uv": [2, 6.25, 2.25, 5.75], "rotation": 270, "texture": "#0"},
				"west": {"uv": [1.25, 6.125, 1.5, 5.75], "rotation": 90, "texture": "#0"},
				"up": {"uv": [2, 5.75, 1.5, 6.125], "texture": "#0"},
				"down": {"uv": [1.5, 5.75, 2, 6.125], "rotation": 180, "texture": "#0"}
			}
		},
		{
			"from": [6.76496, 8.75, -2.0998],
			"to": [8.76496, 9.25, -1.0998],
			"rotation": {"angle": 0, "axis": "y", "origin": [7.93504, 7.90445, 8]},
			"faces": {
				"north": {"uv": [2.25, 6.25, 2.375, 5.75], "rotation": 90, "texture": "#0"},
				"east": {"uv": [2.375, 6.125, 2.5, 5.875], "rotation": 270, "texture": "#0"},
				"south": {"uv": [2.375, 6.625, 2.5, 6.125], "rotation": 90, "texture": "#0"},
				"west": {"uv": [2.375, 6.125, 2.5, 5.875], "rotation": 90, "texture": "#0"},
				"up": {"uv": [2, 6.125, 1.5, 6.375], "texture": "#0"},
				"down": {"uv": [1.5, 6.125, 2, 6.375], "rotation": 180, "texture": "#0"}
			}
		},
		{
			"from": [8.09227, 8.275, -3.17572],
			"to": [11.59227, 9.725, -0.17572],
			"rotation": {"angle": 22.5, "axis": "y", "origin": [7.93504, 7.90445, 8]},
			"faces": {
				"north": {"uv": [8.125, 9.125, 7.625, 8.25], "rotation": 270, "texture": "#0"},
				"east": {"uv": [7.125, 8.375, 7.625, 9.125], "rotation": 90, "texture": "#0"},
				"south": {"uv": [7.375, 10, 6.875, 9.125], "rotation": 90, "texture": "#0"},
				"west": {"uv": [0, 4, 0.5, 4.75], "rotation": 90, "texture": "#0"},
				"up": {"uv": [8.125, 10, 7.375, 9.125], "rotation": 90, "texture": "#0"},
				"down": {"uv": [7.375, 10, 8.125, 9.125], "rotation": 90, "texture": "#0"}
			}
		},
		{
			"from": [11.44008, 9, -0.44082],
			"to": [16.44008, 10, 4.55918],
			"rotation": {"angle": 45, "axis": "y", "origin": [7.93504, 7.90445, 8]},
			"faces": {
				"north": {"uv": [5.25, 2, 5, 0.75], "rotation": 90, "texture": "#0"},
				"east": {"uv": [5, 0.75, 5.25, 2], "rotation": 270, "texture": "#0"},
				"south": {"uv": [6.25, 0.75, 5, 0.5], "rotation": 180, "texture": "#0"},
				"west": {"uv": [5, 0.5, 6.25, 0.75], "rotation": 180, "texture": "#0"},
				"up": {"uv": [6.5, 2, 5.25, 0.75], "rotation": 270, "texture": "#0"},
				"down": {"uv": [6.5, 2, 5.25, 0.75], "rotation": 270, "texture": "#0"}
			}
		},
		{
			"from": [11.44008, 8, -0.44082],
			"to": [16.44008, 9, 4.55918],
			"rotation": {"angle": 45, "axis": "y", "origin": [7.93504, 7.90445, 8]},
			"faces": {
				"north": {"uv": [5, 2, 5.25, 0.75], "rotation": 90, "texture": "#0"},
				"east": {"uv": [5.25, 0.75, 5, 2], "rotation": 270, "texture": "#0"},
				"south": {"uv": [6.25, 0.5, 5, 0.75], "rotation": 180, "texture": "#0"},
				"west": {"uv": [5, 0.75, 6.25, 0.5], "rotation": 180, "texture": "#0"},
				"up": {"uv": [6.5, 0.75, 5.25, 2], "rotation": 90, "texture": "#0"},
				"down": {"uv": [6.5, 0.75, 5.25, 2], "rotation": 90, "texture": "#0"}
			}
		},
		{
			"from": [9.10512, 8.75, -2.0998],
			"to": [11.10512, 9.25, -1.0998],
			"rotation": {"angle": 0, "axis": "y", "origin": [7.93504, 7.90445, 8]},
			"faces": {
				"north": {"uv": [2.25, 5.75, 2.375, 6.25], "rotation": 90, "texture": "#0"},
				"east": {"uv": [2.5, 6.125, 2.375, 5.875], "rotation": 270, "texture": "#0"},
				"south": {"uv": [2.375, 6.125, 2.5, 6.625], "rotation": 90, "texture": "#0"},
				"west": {"uv": [2.5, 6.125, 2.375, 5.875], "rotation": 90, "texture": "#0"},
				"up": {"uv": [1.5, 6.125, 2, 6.375], "texture": "#0"},
				"down": {"uv": [2, 6.125, 1.5, 6.375], "rotation": 180, "texture": "#0"}
			}
		},
		{
			"from": [-1.06668, 8.25, 3.41607],
			"to": [0.93332, 9.75, 5.41607],
			"rotation": {"angle": -45, "axis": "y", "origin": [7.93504, 7.90445, 8]},
			"faces": {
				"north": {"uv": [5.125, 4.75, 5.5, 4.25], "rotation": 270, "texture": "#0"},
				"east": {"uv": [4.75, 4.75, 5.125, 4.25], "rotation": 90, "texture": "#0"},
				"south": {"uv": [5.125, 4.75, 5.5, 4.25], "rotation": 90, "texture": "#0"},
				"west": {"uv": [4.75, 4.25, 5.125, 3.75], "rotation": 90, "texture": "#0"},
				"up": {"uv": [5.125, 4.25, 5.625, 3.75], "rotation": 90, "texture": "#0"},
				"down": {"uv": [5.625, 4.25, 5.125, 3.75], "rotation": 90, "texture": "#0"}
			}
		},
		{
			"from": [-3.08355, 8.25, 3.42632],
			"to": [-1.08355, 9.75, 5.42632],
			"rotation": {"angle": -45, "axis": "y", "origin": [7.93504, 7.90445, 8]},
			"faces": {
				"north": {"uv": [5.125, 4.25, 4.75, 4.75], "rotation": 270, "texture": "#0"},
				"east": {"uv": [5.5, 4.25, 5.125, 4.75], "rotation": 270, "texture": "#0"},
				"south": {"uv": [5.125, 3.75, 4.75, 4.25], "rotation": 270, "texture": "#0"},
				"west": {"uv": [5.5, 4.25, 5.125, 4.75], "rotation": 90, "texture": "#0"},
				"up": {"uv": [5.125, 4.25, 5.625, 3.75], "texture": "#0"},
				"down": {"uv": [5.625, 4.25, 5.125, 3.75], "rotation": 180, "texture": "#0"}
			}
		},
		{
			"from": [6.37552, 8.5, -5.15522],
			"to": [7.87552, 9.5, -3.15522],
			"rotation": {"angle": 22.5, "axis": "y", "origin": [7.93504, 7.90445, 8]},
			"faces": {
				"north": {"uv": [1.5, 5.75, 1.25, 6.125], "rotation": 90, "texture": "#0"},
				"east": {"uv": [2.25, 5.75, 2, 6.25], "rotation": 90, "texture": "#0"},
				"south": {"uv": [1.5, 5.75, 1.25, 6.125], "rotation": 270, "texture": "#0"},
				"west": {"uv": [2.75, 5.875, 2.5, 6.375], "rotation": 270, "texture": "#0"},
				"up": {"uv": [2, 5.75, 1.5, 6.125], "rotation": 270, "texture": "#0"},
				"down": {"uv": [1.5, 5.75, 2, 6.125], "rotation": 270, "texture": "#0"}
			}
		},
		{
			"from": [1.47028, 8.75, -5.56496],
			"to": [2.47028, 9.25, -3.56496],
			"rotation": {"angle": 0, "axis": "y", "origin": [7.93504, 7.90445, 8]},
			"faces": {
				"north": {"uv": [2.5, 5.875, 2.375, 6.125], "rotation": 90, "texture": "#0"},
				"east": {"uv": [2.5, 6.125, 2.375, 6.625], "rotation": 270, "texture": "#0"},
				"south": {"uv": [2.5, 5.875, 2.375, 6.125], "rotation": 270, "texture": "#0"},
				"west": {"uv": [2.375, 5.75, 2.25, 6.25], "rotation": 270, "texture": "#0"},
				"up": {"uv": [2, 6.125, 1.5, 6.375], "rotation": 270, "texture": "#0"},
				"down": {"uv": [1.5, 6.125, 2, 6.375], "rotation": 270, "texture": "#0"}
			}
		},
		{
			"from": [7.93504, 9, 10.06496],
			"to": [21.93504, 9, 11.06496],
			"rotation": {"angle": 0, "axis": "y", "origin": [7.93504, 7.90445, 8]},
			"faces": {
				"north": {"uv": [7.5, 0, 7.5, 3.5], "rotation": 270, "texture": "#0"},
				"east": {"uv": [0, 0, 0.25, 0], "texture": "#0"},
				"south": {"uv": [7.5, 0, 7.5, 3.5], "rotation": 90, "texture": "#0"},
				"west": {"uv": [0, 0, 0.25, 0], "rotation": 180, "texture": "#0"},
				"up": {"uv": [7.75, 0, 7.5, 3.5], "rotation": 90, "texture": "#0"},
				"down": {"uv": [7.5, 0, 7.75, 3.5], "rotation": 90, "texture": "#0"}
			}
		},
		{
			"from": [14.93676, 8.25, 3.41607],
			"to": [16.93676, 9.75, 5.41607],
			"rotation": {"angle": 45, "axis": "y", "origin": [7.93504, 7.90445, 8]},
			"faces": {
				"north": {"uv": [5.125, 4.25, 5.5, 4.75], "rotation": 270, "texture": "#0"},
				"east": {"uv": [4.75, 3.75, 5.125, 4.25], "rotation": 90, "texture": "#0"},
				"south": {"uv": [5.125, 4.25, 5.5, 4.75], "rotation": 90, "texture": "#0"},
				"west": {"uv": [4.75, 4.25, 5.125, 4.75], "rotation": 90, "texture": "#0"},
				"up": {"uv": [5.125, 3.75, 5.625, 4.25], "rotation": 90, "texture": "#0"},
				"down": {"uv": [5.625, 3.75, 5.125, 4.25], "rotation": 90, "texture": "#0"}
			}
		},
		{
			"from": [4.76496, 8.75, -2.0998],
			"to": [6.76496, 9.25, -1.0998],
			"rotation": {"angle": 0, "axis": "y", "origin": [7.93504, 7.90445, 8]},
			"faces": {
				"north": {"uv": [2.25, 6.25, 2.375, 5.75], "rotation": 90, "texture": "#0"},
				"east": {"uv": [2.5, 5.875, 2.375, 6.125], "rotation": 90, "texture": "#0"},
				"south": {"uv": [2.375, 6.625, 2.5, 6.125], "rotation": 90, "texture": "#0"},
				"west": {"uv": [2.5, 5.875, 2.375, 6.125], "rotation": 270, "texture": "#0"},
				"up": {"uv": [2, 6.125, 1.5, 6.375], "texture": "#0"},
				"down": {"uv": [1.5, 6.125, 2, 6.375], "rotation": 180, "texture": "#0"}
			}
		},
		{
			"from": [4.27781, 8.275, -3.17572],
			"to": [7.77781, 9.725, -0.17572],
			"rotation": {"angle": -22.5, "axis": "y", "origin": [7.93504, 7.90445, 8]},
			"faces": {
				"north": {"uv": [8.125, 8.25, 7.625, 9.125], "rotation": 270, "texture": "#0"},
				"east": {"uv": [0, 4.75, 0.5, 4], "rotation": 90, "texture": "#0"},
				"south": {"uv": [7.375, 9.125, 6.875, 10], "rotation": 90, "texture": "#0"},
				"west": {"uv": [7.125, 9.125, 7.625, 8.375], "rotation": 90, "texture": "#0"},
				"up": {"uv": [8.125, 9.125, 7.375, 10], "rotation": 90, "texture": "#0"},
				"down": {"uv": [7.375, 9.125, 8.125, 10], "rotation": 90, "texture": "#0"}
			}
		},
		{
			"from": [7.10512, 8.75, -2.0998],
			"to": [9.10512, 9.25, -1.0998],
			"rotation": {"angle": 0, "axis": "y", "origin": [7.93504, 7.90445, 8]},
			"faces": {
				"north": {"uv": [2.25, 5.75, 2.375, 6.25], "rotation": 90, "texture": "#0"},
				"east": {"uv": [2.375, 5.875, 2.5, 6.125], "rotation": 90, "texture": "#0"},
				"south": {"uv": [2.375, 6.125, 2.5, 6.625], "rotation": 90, "texture": "#0"},
				"west": {"uv": [2.375, 5.875, 2.5, 6.125], "rotation": 270, "texture": "#0"},
				"up": {"uv": [1.5, 6.125, 2, 6.375], "texture": "#0"},
				"down": {"uv": [2, 6.125, 1.5, 6.375], "rotation": 180, "texture": "#0"}
			}
		},
		{
			"from": [5.1544, 8.5, -1.79134],
			"to": [7.1544, 9.5, -0.29134],
			"rotation": {"angle": -22.5, "axis": "y", "origin": [7.93504, 7.90445, 8]},
			"faces": {
				"north": {"uv": [2.5, 5.875, 2.75, 6.375], "rotation": 90, "texture": "#0"},
				"east": {"uv": [1.25, 5.75, 1.5, 6.125], "rotation": 90, "texture": "#0"},
				"south": {"uv": [2, 5.75, 2.25, 6.25], "rotation": 270, "texture": "#0"},
				"west": {"uv": [1.25, 5.75, 1.5, 6.125], "rotation": 270, "texture": "#0"},
				"up": {"uv": [1.5, 5.75, 2, 6.125], "texture": "#0"},
				"down": {"uv": [2, 5.75, 1.5, 6.125], "rotation": 180, "texture": "#0"}
			}
		},
		{
			"from": [3.43434, 7.75, 1.00551],
			"to": [11.43434, 10.25, 3.00551],
			"rotation": {"angle": 45, "axis": "y", "origin": [7.93504, 7.90445, 8]},
			"faces": {
				"north": {"uv": [0.625, 4, 1.25, 2], "rotation": 90, "texture": "#0"},
				"east": {"uv": [0, 2, 0.625, 1.5], "rotation": 270, "texture": "#0"},
				"south": {"uv": [0, 4, 0.625, 2], "rotation": 90, "texture": "#0"},
				"west": {"uv": [0, 2, 0.625, 1.5], "rotation": 90, "texture": "#0"},
				"up": {"uv": [0.625, 2, 2.625, 1.5], "rotation": 180, "texture": "#0"},
				"down": {"uv": [2.625, 2, 0.625, 1.5], "texture": "#0"}
			}
		},
		{
			"from": [-4.0445, 9, -4.79667],
			"to": [11.9555, 9, 1.70333],
			"rotation": {"angle": 45, "axis": "y", "origin": [7.93504, 7.90445, 8]},
			"faces": {
				"north": {"uv": [0, 0, 0, 16], "rotation": 90, "texture": "#0"},
				"east": {"uv": [0, 0, 0, 5.5], "rotation": 270, "texture": "#0"},
				"south": {"uv": [0, 16, 0, 0], "rotation": 90, "texture": "#0"},
				"west": {"uv": [0, 0, 0, 5.5], "rotation": 90, "texture": "#0"},
				"up": {"uv": [0, 0, 4, 1.375], "rotation": 180, "texture": "#0"},
				"down": {"uv": [4, 0, 0, 1.375], "texture": "#0"}
			}
		},
		{
			"from": [-9.8319, 8.75, 3.56387],
			"to": [-5.8319, 9.25, 5.06387],
			"rotation": {"angle": 22.5, "axis": "y", "origin": [7.93504, 7.90445, 8]},
			"faces": {
				"north": {"uv": [4.5, 4.625, 4.625, 3.625], "rotation": 90, "texture": "#0"},
				"east": {"uv": [4.5, 3.625, 4.625, 3.25], "rotation": 270, "texture": "#0"},
				"south": {"uv": [4.625, 4.625, 4.75, 3.625], "rotation": 90, "texture": "#0"},
				"west": {"uv": [4.5, 3.625, 4.625, 3.25], "rotation": 90, "texture": "#0"},
				"up": {"uv": [5.625, 3.25, 4.625, 3.625], "texture": "#0"},
				"down": {"uv": [4.625, 3.25, 5.625, 3.625], "rotation": 180, "texture": "#0"}
			}
		},
		{
			"from": [-7.50814, 8.5, 9.55562],
			"to": [-3.50814, 9.5, 11.05562],
			"rotation": {"angle": 0, "axis": "y", "origin": [7.93504, 7.90445, 8]},
			"faces": {
				"north": {"uv": [4, 4.375, 4.25, 3.375], "rotation": 90, "texture": "#0"},
				"east": {"uv": [4.25, 3.5, 4.5, 3.125], "rotation": 270, "texture": "#0"},
				"south": {"uv": [4.25, 4.5, 4.5, 3.5], "rotation": 90, "texture": "#0"},
				"west": {"uv": [4.25, 3.125, 4.5, 2.75], "rotation": 90, "texture": "#0"},
				"up": {"uv": [5.5, 2.75, 4.5, 3.125], "texture": "#0"},
				"down": {"uv": [4.5, 2.75, 5.5, 3.125], "rotation": 180, "texture": "#0"}
			}
		},
		{
			"from": [-3.80945, 8.25, 4.44813],
			"to": [-0.80945, 9.75, 6.44813],
			"rotation": {"angle": 22.5, "axis": "y", "origin": [7.93504, 7.90445, 8]},
			"faces": {
				"north": {"uv": [2.375, 5.875, 2.75, 5.125], "rotation": 90, "texture": "#0"},
				"east": {"uv": [1.25, 5.625, 1.625, 5.125], "rotation": 270, "texture": "#0"},
				"south": {"uv": [2.75, 6.125, 3.125, 5.375], "rotation": 90, "texture": "#0"},
				"west": {"uv": [1.25, 5.625, 1.625, 5.125], "rotation": 90, "texture": "#0"},
				"up": {"uv": [2.375, 5.125, 1.625, 5.625], "texture": "#0"},
				"down": {"uv": [1.625, 5.125, 2.375, 5.625], "rotation": 180, "texture": "#0"}
			}
		},
		{
			"from": [0.47098, 8, 0.74501],
			"to": [3.47098, 10, 3.24501],
			"rotation": {"angle": 45, "axis": "y", "origin": [7.93504, 7.90445, 8]},
			"faces": {
				"north": {"uv": [2.75, 5.375, 3.25, 4.625], "rotation": 90, "texture": "#0"},
				"east": {"uv": [2.75, 4.625, 3.25, 4], "rotation": 270, "texture": "#0"},
				"south": {"uv": [3.25, 5.375, 3.75, 4.625], "rotation": 90, "texture": "#0"},
				"west": {"uv": [3.5, 4, 4, 3.375], "rotation": 90, "texture": "#0"},
				"up": {"uv": [4, 4, 3.25, 4.625], "texture": "#0"},
				"down": {"uv": [3.25, 4, 4, 4.625], "rotation": 180, "texture": "#0"}
			}
		},
		{
			"from": [13.3998, 8.75, -5.56496],
			"to": [14.3998, 9.25, -3.56496],
			"rotation": {"angle": 0, "axis": "y", "origin": [7.93504, 7.90445, 8]},
			"faces": {
				"north": {"uv": [2.5, 6.125, 2.375, 5.875], "rotation": 90, "texture": "#0"},
				"east": {"uv": [2.375, 6.25, 2.25, 5.75], "rotation": 270, "texture": "#0"},
				"south": {"uv": [2.5, 6.125, 2.375, 5.875], "rotation": 270, "texture": "#0"},
				"west": {"uv": [2.5, 6.625, 2.375, 6.125], "rotation": 270, "texture": "#0"},
				"up": {"uv": [2, 6.375, 1.5, 6.125], "rotation": 270, "texture": "#0"},
				"down": {"uv": [1.5, 6.375, 2, 6.125], "rotation": 270, "texture": "#0"}
			}
		},
		{
			"from": [7.99456, 8.5, -5.15522],
			"to": [9.49456, 9.5, -3.15522],
			"rotation": {"angle": -22.5, "axis": "y", "origin": [7.93504, 7.90445, 8]},
			"faces": {
				"north": {"uv": [1.5, 6.125, 1.25, 5.75], "rotation": 90, "texture": "#0"},
				"east": {"uv": [2.75, 6.375, 2.5, 5.875], "rotation": 270, "texture": "#0"},
				"south": {"uv": [1.5, 6.125, 1.25, 5.75], "rotation": 270, "texture": "#0"},
				"west": {"uv": [2.25, 6.25, 2, 5.75], "rotation": 90, "texture": "#0"},
				"up": {"uv": [2, 6.125, 1.5, 5.75], "rotation": 270, "texture": "#0"},
				"down": {"uv": [1.5, 6.125, 2, 5.75], "rotation": 270, "texture": "#0"}
			}
		},
		{
			"from": [16.95363, 8.25, 3.42632],
			"to": [18.95363, 9.75, 5.42632],
			"rotation": {"angle": 45, "axis": "y", "origin": [7.93504, 7.90445, 8]},
			"faces": {
				"north": {"uv": [5.125, 4.75, 4.75, 4.25], "rotation": 270, "texture": "#0"},
				"east": {"uv": [5.5, 4.75, 5.125, 4.25], "rotation": 90, "texture": "#0"},
				"south": {"uv": [5.125, 4.25, 4.75, 3.75], "rotation": 270, "texture": "#0"},
				"west": {"uv": [5.5, 4.75, 5.125, 4.25], "rotation": 270, "texture": "#0"},
				"up": {"uv": [5.625, 4.25, 5.125, 3.75], "texture": "#0"},
				"down": {"uv": [5.125, 4.25, 5.625, 3.75], "rotation": 180, "texture": "#0"}
			}
		},
		{
			"from": [12.3991, 8, 0.74501],
			"to": [15.3991, 10, 3.24501],
			"rotation": {"angle": -45, "axis": "y", "origin": [7.93504, 7.90445, 8]},
			"faces": {
				"north": {"uv": [2.75, 4.625, 3.25, 5.375], "rotation": 90, "texture": "#0"},
				"east": {"uv": [3.5, 3.375, 4, 4], "rotation": 90, "texture": "#0"},
				"south": {"uv": [3.25, 4.625, 3.75, 5.375], "rotation": 90, "texture": "#0"},
				"west": {"uv": [2.75, 4, 3.25, 4.625], "rotation": 270, "texture": "#0"},
				"up": {"uv": [3.25, 4, 4, 4.625], "texture": "#0"},
				"down": {"uv": [4, 4, 3.25, 4.625], "rotation": 180, "texture": "#0"}
			}
		},
		{
			"from": [16.67953, 8.25, 4.44813],
			"to": [19.67953, 9.75, 6.44813],
			"rotation": {"angle": -22.5, "axis": "y", "origin": [7.93504, 7.90445, 8]},
			"faces": {
				"north": {"uv": [2.375, 5.125, 2.75, 5.875], "rotation": 90, "texture": "#0"},
				"east": {"uv": [1.25, 5.125, 1.625, 5.625], "rotation": 90, "texture": "#0"},
				"south": {"uv": [2.75, 5.375, 3.125, 6.125], "rotation": 90, "texture": "#0"},
				"west": {"uv": [1.25, 5.125, 1.625, 5.625], "rotation": 270, "texture": "#0"},
				"up": {"uv": [1.625, 5.125, 2.375, 5.625], "texture": "#0"},
				"down": {"uv": [2.375, 5.125, 1.625, 5.625], "rotation": 180, "texture": "#0"}
			}
		},
		{
			"from": [19.37822, 8.5, 9.55562],
			"to": [23.37822, 9.5, 11.05562],
			"rotation": {"angle": 0, "axis": "y", "origin": [7.93504, 7.90445, 8]},
			"faces": {
				"north": {"uv": [4, 3.375, 4.25, 4.375], "rotation": 90, "texture": "#0"},
				"east": {"uv": [4.25, 2.75, 4.5, 3.125], "rotation": 90, "texture": "#0"},
				"south": {"uv": [4.25, 3.5, 4.5, 4.5], "rotation": 90, "texture": "#0"},
				"west": {"uv": [4.25, 3.125, 4.5, 3.5], "rotation": 270, "texture": "#0"},
				"up": {"uv": [4.5, 2.75, 5.5, 3.125], "texture": "#0"},
				"down": {"uv": [5.5, 2.75, 4.5, 3.125], "rotation": 180, "texture": "#0"}
			}
		},
		{
			"from": [21.70198, 8.75, 3.56387],
			"to": [25.70198, 9.25, 5.06387],
			"rotation": {"angle": -22.5, "axis": "y", "origin": [7.93504, 7.90445, 8]},
			"faces": {
				"north": {"uv": [4.5, 3.625, 4.625, 4.625], "rotation": 90, "texture": "#0"},
				"east": {"uv": [4.5, 3.25, 4.625, 3.625], "rotation": 90, "texture": "#0"},
				"south": {"uv": [4.625, 3.625, 4.75, 4.625], "rotation": 90, "texture": "#0"},
				"west": {"uv": [4.5, 3.25, 4.625, 3.625], "rotation": 270, "texture": "#0"},
				"up": {"uv": [4.625, 3.25, 5.625, 3.625], "texture": "#0"},
				"down": {"uv": [5.625, 3.25, 4.625, 3.625], "rotation": 180, "texture": "#0"}
			}
		},
		{
			"from": [3.91458, 9, -4.79667],
			"to": [19.91458, 9, 1.70333],
			"rotation": {"angle": -45, "axis": "y", "origin": [7.93504, 7.90445, 8]},
			"faces": {
				"north": {"uv": [0, 16, 0, 0], "rotation": 90, "texture": "#0"},
				"east": {"uv": [0, 5.5, 0, 0], "rotation": 90, "texture": "#0"},
				"south": {"uv": [0, 0, 0, 16], "rotation": 90, "texture": "#0"},
				"west": {"uv": [0, 5.5, 0, 0], "rotation": 270, "texture": "#0"},
				"up": {"uv": [4, 0, 0, 1.375], "rotation": 180, "texture": "#0"},
				"down": {"uv": [0, 0, 4, 1.375], "texture": "#0"}
			}
		},
		{
			"from": [4.43574, 7.75, 1.00551],
			"to": [12.43574, 10.25, 3.00551],
			"rotation": {"angle": -45, "axis": "y", "origin": [7.93504, 7.90445, 8]},
			"faces": {
				"north": {"uv": [0.625, 2, 1.25, 4], "rotation": 90, "texture": "#0"},
				"east": {"uv": [0, 1.5, 0.625, 2], "rotation": 90, "texture": "#0"},
				"south": {"uv": [0, 2, 0.625, 4], "rotation": 90, "texture": "#0"},
				"west": {"uv": [0, 1.5, 0.625, 2], "rotation": 270, "texture": "#0"},
				"up": {"uv": [2.625, 2, 0.625, 1.5], "rotation": 180, "texture": "#0"},
				"down": {"uv": [0.625, 2, 2.625, 1.5], "texture": "#0"}
			}
		},
		{
			"from": [-6.06496, 9, 10.06496],
			"to": [7.93504, 9, 11.06496],
			"rotation": {"angle": 0, "axis": "y", "origin": [7.93504, 7.90445, 8]},
			"faces": {
				"north": {"uv": [7.5, 3.5, 7.5, 0], "rotation": 270, "texture": "#0"},
				"east": {"uv": [0.25, 0, 0, 0], "rotation": 180, "texture": "#0"},
				"south": {"uv": [7.5, 3.5, 7.5, 0], "rotation": 90, "texture": "#0"},
				"west": {"uv": [0.25, 0, 0, 0], "texture": "#0"},
				"up": {"uv": [7.75, 3.5, 7.5, 0], "rotation": 90, "texture": "#0"},
				"down": {"uv": [7.5, 3.5, 7.75, 0], "rotation": 90, "texture": "#0"}
			}
		},
		{
			"from": [6.43504, 7, 0.06496],
			"to": [9.43504, 8, 11.06496],
			"rotation": {"angle": 0, "axis": "y", "origin": [7.93504, 7.90445, 8]},
			"faces": {
				"north": {"uv": [10, 8.125, 9.25, 8.375], "texture": "#0"},
				"east": {"uv": [8.875, 12, 9.125, 9.25], "rotation": 90, "texture": "#0"},
				"south": {"uv": [10, 8.125, 9.25, 8.375], "texture": "#0"},
				"west": {"uv": [8.875, 9.25, 9.125, 12], "rotation": 90, "texture": "#0"},
				"up": {"uv": [11.75, 6.5, 14.5, 5.75], "rotation": 270, "texture": "#0"},
				"down": {"uv": [11.75, 7.25, 14.5, 6.5], "rotation": 90, "texture": "#0"}
			}
		},
		{
			"from": [6.68504, 5.6734, 19.22159],
			"to": [9.18504, 8.6734, 21.22159],
			"rotation": {"angle": 22.5, "axis": "x", "origin": [7.93504, 7.90445, 8]},
			"faces": {
				"north": {"uv": [13.75, 7.875, 14.5, 7.25], "rotation": 90, "texture": "#0"},
				"east": {"uv": [13.75, 8.5, 13, 8], "rotation": 90, "texture": "#0"},
				"south": {"uv": [13, 7.875, 13.75, 7.25], "rotation": 90, "texture": "#0"},
				"west": {"uv": [13, 8.5, 13.75, 8], "rotation": 270, "texture": "#0"},
				"up": {"uv": [14.375, 8, 13.75, 8.5], "rotation": 180, "texture": "#0"},
				"down": {"uv": [14.375, 8, 13.75, 8.5], "texture": "#0"}
			}
		},
		{
			"from": [6.43504, 3, 18.06496],
			"to": [9.43504, 9, 21.06496],
			"rotation": {"angle": 0, "axis": "y", "origin": [7.93504, 7.90445, 8]},
			"faces": {
				"north": {"uv": [8.875, 9.5, 8.125, 11], "texture": "#0"},
				"east": {"uv": [13, 9.5, 14.5, 8.75], "rotation": 90, "texture": "#0"},
				"south": {"uv": [8.875, 8, 8.125, 9.5], "texture": "#0"},
				"west": {"uv": [13, 8.75, 14.5, 9.5], "rotation": 90, "texture": "#0"},
				"up": {"uv": [8.875, 12.75, 8.125, 12], "rotation": 270, "texture": "#0"},
				"down": {"uv": [8.875, 11.75, 8.125, 11], "rotation": 180, "texture": "#0"}
			}
		},
		{
			"from": [5.68504, 6, 11.06496],
			"to": [10.18504, 9, 18.06496],
			"rotation": {"angle": 0, "axis": "y", "origin": [7.93504, 7.90445, 8]},
			"faces": {
				"north": {"uv": [7.625, 3.25, 6.5, 4], "texture": "#0"},
				"east": {"uv": [6.375, 5.5, 4.625, 6.25], "texture": "#0"},
				"south": {"uv": [7.625, 3.25, 6.5, 4], "texture": "#0"},
				"west": {"uv": [4.625, 5.5, 6.375, 6.25], "texture": "#0"},
				"up": {"uv": [6.375, 7.375, 4.625, 6.25], "rotation": 270, "texture": "#0"},
				"down": {"uv": [4.625, 7.375, 2.875, 6.25], "rotation": 90, "texture": "#0"}
			}
		},
		{
			"from": [8.93504, 9, 11.06496],
			"to": [9.43504, 10, 20.06496],
			"rotation": {"angle": 0, "axis": "y", "origin": [7.93504, 7.90445, 8]},
			"faces": {
				"north": {"uv": [7.5, 0.75, 7.375, 1], "texture": "#0"},
				"east": {"uv": [7.25, 3.25, 7.5, 1], "rotation": 90, "texture": "#0"},
				"south": {"uv": [7.5, 0.75, 7.375, 1], "texture": "#0"},
				"west": {"uv": [7.25, 3.25, 7.5, 1], "rotation": 90, "texture": "#0"},
				"up": {"uv": [7.25, 3.25, 7.125, 1], "texture": "#0"},
				"down": {"uv": [7.25, 3.25, 7.125, 1], "rotation": 180, "texture": "#0"}
			}
		},
		{
			"from": [7.18504, 8, 0.06496],
			"to": [8.68504, 9, 11.06496],
			"rotation": {"angle": 0, "axis": "y", "origin": [7.93504, 7.90445, 8]},
			"faces": {
				"north": {"uv": [16, 2.75, 15.625, 3], "texture": "#0"},
				"east": {"uv": [15.375, 2.75, 15.625, 0], "rotation": 90, "texture": "#0"},
				"south": {"uv": [16, 2.75, 15.625, 3], "texture": "#0"},
				"west": {"uv": [15.375, 2.75, 15.625, 0], "rotation": 90, "texture": "#0"},
				"up": {"uv": [16, 0, 15.625, 2.75], "texture": "#0"},
				"down": {"uv": [16, 0, 15.625, 2.75], "rotation": 180, "texture": "#0"}
			}
		},
		{
			"from": [9.43504, -2.52295, 12.62674],
			"to": [10.43504, 2.47705, 17.62674],
			"rotation": {"angle": -45, "axis": "x", "origin": [7.93504, 7.90445, 8]},
			"faces": {
				"north": {"uv": [5.25, 0.75, 5, 2], "texture": "#0"},
				"east": {"uv": [5.25, 2, 6.5, 0.75], "rotation": 180, "texture": "#0"},
				"south": {"uv": [5, 0.75, 6.25, 0.5], "rotation": 270, "texture": "#0"},
				"west": {"uv": [5.25, 2, 6.5, 0.75], "rotation": 180, "texture": "#0"},
				"up": {"uv": [5, 2, 5.25, 0.75], "texture": "#0"},
				"down": {"uv": [6.25, 0.5, 5, 0.75], "rotation": 270, "texture": "#0"}
			}
		},
		{
			"from": [5.43504, -2.52295, 12.62674],
			"to": [6.43504, 2.47705, 17.62674],
			"rotation": {"angle": -45, "axis": "x", "origin": [7.93504, 7.90445, 8]},
			"faces": {
				"north": {"uv": [5, 0.75, 5.25, 2], "texture": "#0"},
				"east": {"uv": [6.5, 2, 5.25, 0.75], "rotation": 180, "texture": "#0"},
				"south": {"uv": [5, 0.5, 6.25, 0.75], "rotation": 270, "texture": "#0"},
				"west": {"uv": [6.5, 2, 5.25, 0.75], "rotation": 180, "texture": "#0"},
				"up": {"uv": [5.25, 2, 5, 0.75], "texture": "#0"},
				"down": {"uv": [6.25, 0.75, 5, 0.5], "rotation": 270, "texture": "#0"}
			}
		},
		{
			"from": [6.43504, 9, 11.06496],
			"to": [6.93504, 10, 20.06496],
			"rotation": {"angle": 0, "axis": "y", "origin": [7.93504, 7.90445, 8]},
			"faces": {
				"north": {"uv": [7.375, 0.75, 7.5, 1], "texture": "#0"},
				"east": {"uv": [7.25, 1, 7.5, 3.25], "rotation": 90, "texture": "#0"},
				"south": {"uv": [7.375, 0.75, 7.5, 1], "texture": "#0"},
				"west": {"uv": [7.25, 1, 7.5, 3.25], "rotation": 90, "texture": "#0"},
				"up": {"uv": [7.125, 3.25, 7.25, 1], "texture": "#0"},
				"down": {"uv": [7.125, 3.25, 7.25, 1], "rotation": 180, "texture": "#0"}
			}
		},
		{
			"from": [14.01043, 9.5, 5.92461],
			"to": [14.01043, 13.5, 11.92461],
			"rotation": {"angle": 45, "axis": "y", "origin": [7.93504, 7.90445, 8]},
			"faces": {
				"north": {"uv": [0, 0, 0, 1.25], "texture": "#0"},
				"east": {"uv": [12.25, 4.75, 10.75, 5.75], "texture": "#0"},
				"south": {"uv": [0, 0, 0, 1.25], "texture": "#0"},
				"west": {"uv": [10.75, 4.75, 12.25, 5.75], "texture": "#0"},
				"up": {"uv": [0, 0, 2.5, 0], "rotation": 270, "texture": "#0"},
				"down": {"uv": [0, 0, 2.5, 0], "rotation": 90, "texture": "#0"}
			}
		},
		{
			"from": [7.93504, 9, 11.06496],
			"to": [7.93504, 13, 17.06496],
			"rotation": {"angle": 0, "axis": "y", "origin": [7.93504, 7.90445, 8]},
			"faces": {
				"north": {"uv": [0, 0, 0, 1.25], "texture": "#0"},
				"east": {"uv": [13.875, 4.75, 12.375, 5.75], "texture": "#0"},
				"south": {"uv": [0, 0, 0, 1.25], "texture": "#0"},
				"west": {"uv": [12.375, 4.75, 13.875, 5.75], "texture": "#0"},
				"up": {"uv": [0, 0, 2.5, 0], "rotation": 270, "texture": "#0"},
				"down": {"uv": [0, 0, 2.5, 0], "rotation": 90, "texture": "#0"}
			}
		},
		{
			"from": [1.85965, 9.5, 5.92461],
			"to": [1.85965, 13.5, 11.92461],
			"rotation": {"angle": -45, "axis": "y", "origin": [7.93504, 7.90445, 8]},
			"faces": {
				"north": {"uv": [0, 0, 0, 1.25], "texture": "#0"},
				"east": {"uv": [12.25, 4.75, 10.75, 5.75], "texture": "#0"},
				"south": {"uv": [0, 0, 0, 1.25], "texture": "#0"},
				"west": {"uv": [10.75, 4.75, 12.25, 5.75], "texture": "#0"},
				"up": {"uv": [0, 0, 2.5, 0], "rotation": 270, "texture": "#0"},
				"down": {"uv": [0, 0, 2.5, 0], "rotation": 90, "texture": "#0"}
			}
		},
		{
			"from": [7.93504, 3, 13.06496],
			"to": [7.93504, 7, 18.06496],
			"rotation": {"angle": 0, "axis": "y", "origin": [7.93504, 7.90445, 8]},
			"faces": {
				"north": {"uv": [0, 0, 0, 1], "texture": "#0"},
				"east": {"uv": [12.75, 1.5, 11.5, 2.5], "texture": "#0"},
				"south": {"uv": [0, 0, 0, 1], "texture": "#0"},
				"west": {"uv": [11.5, 1.5, 12.75, 2.5], "texture": "#0"},
				"up": {"uv": [0, 0, 1.25, 0], "rotation": 270, "texture": "#0"},
				"down": {"uv": [0, 0, 1.25, 0], "rotation": 90, "texture": "#0"}
			}
		},
		{
			"from": [2.21249, 6.25685, 1.77745],
			"to": [19.21249, 20.25685, 1.77745],
			"rotation": {"angle": -45, "axis": "y", "origin": [7.93504, 7.90445, 8]},
			"faces": {
				"north": {"uv": [0, 0, 16, 14], "texture": "#1"},
				"east": {"uv": [8.125, 2, 8.125, 16], "texture": "#1"},
				"south": {"uv": [16, 0, 0, 14], "texture": "#1"},
				"west": {"uv": [8.125, 2, 8.125, 16], "texture": "#1"},
				"up": {"uv": [6.875, 0, 6.875, 16], "rotation": 90, "texture": "#1"},
				"down": {"uv": [7.5, 0, 7.5, 16], "rotation": 270, "texture": "#1"}
			}
		},
		{
			"from": [-3.34241, 6.25685, 1.77745],
			"to": [13.65759, 20.25685, 1.77745],
			"rotation": {"angle": 45, "axis": "y", "origin": [7.93504, 7.90445, 8]},
			"faces": {
				"north": {"uv": [16, 0, 0, 14], "texture": "#1"},
				"east": {"uv": [8.125, 2, 8.125, 16], "texture": "#1"},
				"south": {"uv": [0, 0, 16, 14], "texture": "#1"},
				"west": {"uv": [8.125, 2, 8.125, 16], "texture": "#1"},
				"up": {"uv": [6.875, 16, 6.875, 0], "rotation": 90, "texture": "#1"},
				"down": {"uv": [7.5, 16, 7.5, 0], "rotation": 270, "texture": "#1"}
			}
		},
		{
			"from": [8.98504, 0, 15.06496],
			"to": [8.98504, 14, 26.06496],
			"rotation": {"angle": 0, "axis": "y", "origin": [7.93504, 7.90445, 8]},
			"faces": {
				"north": {"uv": [7.5, 10.5, 7.5, 14], "rotation": 180, "texture": "#0"},
				"east": {"uv": [2.75, 10.25, 6.25, 7.5], "rotation": 90, "texture": "#0"},
				"south": {"uv": [6.875, 10.5, 6.875, 14], "texture": "#0"},
				"west": {"uv": [6.25, 10.25, 2.75, 7.5], "rotation": 270, "texture": "#0"},
				"up": {"uv": [8.125, 11.5, 8.125, 14.25], "rotation": 180, "texture": "#0"},
				"down": {"uv": [8.125, 11.5, 8.125, 14.25], "texture": "#0"}
			}
		},
		{
			"from": [6.88504, 0, 15.06496],
			"to": [6.88504, 14, 26.06496],
			"rotation": {"angle": 0, "axis": "y", "origin": [7.93504, 7.90445, 8]},
			"faces": {
				"north": {"uv": [7.5, 10.5, 7.5, 14], "rotation": 180, "texture": "#0"},
				"east": {"uv": [6.25, 7.5, 2.75, 10.25], "rotation": 270, "texture": "#0"},
				"south": {"uv": [6.875, 10.5, 6.875, 14], "texture": "#0"},
				"west": {"uv": [2.75, 7.5, 6.25, 10.25], "rotation": 90, "texture": "#0"},
				"up": {"uv": [8.125, 11.5, 8.125, 14.25], "rotation": 180, "texture": "#0"},
				"down": {"uv": [8.125, 11.5, 8.125, 14.25], "texture": "#0"}
			}
		}
	],
	"gui_light": "front",
	"display": {
		"thirdperson_righthand": {
			"translation": [0, 1.5, 2],
			"scale": [0.55, 0.55, 0.55]
		},
		"thirdperson_lefthand": {
			"translation": [0, 1.5, 2],
			"scale": [0.55, 0.55, 0.55]
		},
		"firstperson_righthand": {
			"rotation": [10, 13, 0],
			"translation": [7.75, -6, -9.5]
		},
		"firstperson_lefthand": {
			"rotation": [10, 13, 0],
			"translation": [7.75, -6, -9.5]
		},
		"ground": {
			"translation": [0, 3, 0],
			"scale": [0.57, 0.57, 0.57]
		},
		"gui": {
			"rotation": [48, 128, 0],
			"translation": [-0.5, -1.5, 0],
			"scale": [0.5, 0.5, 0.5]
		},
		"head": {
			"translation": [0, 14, 0]
		},
		"fixed": {
			"rotation": [-84, 0, 0],
			"translation": [0, 0, -8.25],
			"scale": [1.3, 1.3, 1.3]
		}
	},
	"groups": [
		{
			"name": "group",
			"origin": [13.20812, 15.45685, 8],
			"color": 0,
			"boneType": "",
			"children": [
				0,
				1,
				2,
				3,
				4,
				5,
				6,
				7,
				8,
				9,
				10,
				11,
				12,
				13,
				14,
				15,
				16,
				17,
				18,
				19,
				20,
				21,
				22,
				23,
				24,
				25,
				26,
				27,
				28,
				29,
				30,
				31,
				32,
				33,
				34,
				35,
				36,
				37,
				38,
				39,
				40,
				41,
				42,
				43,
				44,
				45,
				46,
				47,
				48
			]
		}
	]
}