{
	"credit": "Made with Blockbench",
	"texture_size": [64, 64],
	"textures": {
		"0": "item/abyss/tex1",
		"1": "item/abyss/fire",
		"2": "item/abyss/hornfire",
		"particle": "item/abyss/tex1"
	},
	"elements": [
		{
			"from": [-1.25, 13, 3],
			"to": [1.25, 15, 11],
			"rotation": {"angle": -45, "axis": "x", "origin": [0, 14, 4]},
			"faces": {
				"north": {"uv": [0, 1.5, 0.625, 2], "texture": "#0"},
				"east": {"uv": [2.625, 1.5, 0.625, 2], "texture": "#0"},
				"south": {"uv": [0, 1.5, 0.625, 2], "texture": "#0"},
				"west": {"uv": [0.625, 1.5, 2.625, 2], "texture": "#0"},
				"up": {"uv": [0.625, 2, 1.25, 4], "texture": "#0"},
				"down": {"uv": [0, 2, 0.625, 4], "texture": "#0"}
			}
		},
		{
			"from": [-1.5, 17.21005, 8.22893],
			"to": [1.5, 19.71005, 15.22893],
			"rotation": {"angle": 0, "axis": "y", "origin": [0, 19.7, 8.3]},
			"faces": {
				"north": {"uv": [1.75, 2.75, 2.5, 3.375], "texture": "#0"},
				"east": {"uv": [3.625, 4.75, 5.375, 5.375], "texture": "#0"},
				"south": {"uv": [2.75, 3.375, 3.5, 4], "texture": "#0"},
				"west": {"uv": [2.5, 2.75, 4.25, 3.375], "texture": "#0"},
				"up": {"uv": [1.25, 3.375, 2, 5.125], "texture": "#0"},
				"down": {"uv": [2, 3.375, 2.75, 5.125], "texture": "#0"}
			}
		},
		{
			"from": [-1, 12.4, -1.5],
			"to": [1, 14.9, 17.5],
			"rotation": {"angle": -22.5, "axis": "x", "origin": [0, 14, 4]},
			"faces": {
				"north": {"uv": [1.25, 2, 1.75, 2.625], "texture": "#0"},
				"east": {"uv": [6.5, 2, 1.75, 2.625], "texture": "#0"},
				"south": {"uv": [1.25, 2.625, 1.75, 3.25], "texture": "#0"},
				"west": {"uv": [1.75, 2, 6.5, 2.625], "texture": "#0"},
				"up": {"uv": [0, 4, 0.5, 8.75], "texture": "#0"},
				"down": {"uv": [0.5, 4, 1, 8.75], "texture": "#0"}
			}
		},
		{
			"from": [-0.75, 10.48455, -3.41356],
			"to": [0.75, 12.48455, -1.41356],
			"rotation": {"angle": -45, "axis": "x", "origin": [0, 12.7, -1.4]},
			"faces": {
				"north": {"uv": [5.125, 4.25, 5.5, 4.75], "texture": "#0"},
				"east": {"uv": [5.625, 3.75, 5.125, 4.25], "texture": "#0"},
				"south": {"uv": [5.125, 4.25, 5.5, 4.75], "texture": "#0"},
				"west": {"uv": [5.125, 3.75, 5.625, 4.25], "texture": "#0"},
				"up": {"uv": [4.75, 3.75, 5.125, 4.25], "texture": "#0"},
				"down": {"uv": [4.75, 4.25, 5.125, 4.75], "texture": "#0"}
			}
		},
		{
			"from": [-0.5, 9.13098, -2.36133],
			"to": [0.5, 11.13098, -0.86133],
			"rotation": {"angle": 22.5, "axis": "x", "origin": [0, 11.2, -2.65]},
			"faces": {
				"north": {"uv": [2.5, 5.875, 2.75, 6.375], "rotation": 180, "texture": "#0"},
				"east": {"uv": [2, 5.75, 1.5, 6.125], "rotation": 90, "texture": "#0"},
				"south": {"uv": [2, 5.75, 2.25, 6.25], "rotation": 180, "texture": "#0"},
				"west": {"uv": [1.5, 5.75, 2, 6.125], "rotation": 270, "texture": "#0"},
				"up": {"uv": [1.25, 5.75, 1.5, 6.125], "texture": "#0"},
				"down": {"uv": [1.25, 5.75, 1.5, 6.125], "rotation": 180, "texture": "#0"}
			}
		},
		{
			"from": [-0.25, 7.17008, -3.16476],
			"to": [0.25, 9.17008, -2.16476],
			"rotation": {"angle": 0, "axis": "y", "origin": [0, 9.2, -3.15]},
			"faces": {
				"north": {"uv": [2.25, 5.75, 2.375, 6.25], "rotation": 180, "texture": "#0"},
				"east": {"uv": [2, 6.125, 1.5, 6.375], "rotation": 90, "texture": "#0"},
				"south": {"uv": [2.375, 6.125, 2.5, 6.625], "texture": "#0"},
				"west": {"uv": [1.5, 6.125, 2, 6.375], "rotation": 270, "texture": "#0"},
				"up": {"uv": [2.375, 5.875, 2.5, 6.125], "texture": "#0"},
				"down": {"uv": [2.375, 5.875, 2.5, 6.125], "rotation": 180, "texture": "#0"}
			}
		},
		{
			"from": [-1, 13.4, 17.5],
			"to": [1, 15.9, 20.5],
			"rotation": {"angle": -22.5, "axis": "x", "origin": [0, 14, 4]},
			"faces": {
				"north": {"uv": [2.75, 4, 3.25, 4.625], "texture": "#0"},
				"east": {"uv": [4, 4, 3.25, 4.625], "texture": "#0"},
				"south": {"uv": [3.5, 3.375, 4, 4], "texture": "#0"},
				"west": {"uv": [3.25, 4, 4, 4.625], "texture": "#0"},
				"up": {"uv": [2.75, 4.625, 3.25, 5.375], "texture": "#0"},
				"down": {"uv": [3.25, 4.625, 3.75, 5.375], "texture": "#0"}
			}
		},
		{
			"from": [-0.75, 19.73482, 19.45269],
			"to": [0.75, 21.73482, 22.45269],
			"rotation": {"angle": -45, "axis": "x", "origin": [0, 19.8, 19.4]},
			"faces": {
				"north": {"uv": [1.25, 5.125, 1.625, 5.625], "texture": "#0"},
				"east": {"uv": [2.375, 5.125, 1.625, 5.625], "texture": "#0"},
				"south": {"uv": [1.25, 5.125, 1.625, 5.625], "texture": "#0"},
				"west": {"uv": [1.625, 5.125, 2.375, 5.625], "texture": "#0"},
				"up": {"uv": [2.375, 5.125, 2.75, 5.875], "texture": "#0"},
				"down": {"uv": [2.75, 5.375, 3.125, 6.125], "texture": "#0"}
			}
		},
		{
			"from": [-0.5, 21.91213, 20.09447],
			"to": [0.5, 25.91213, 21.59447],
			"rotation": {"angle": 22.5, "axis": "x", "origin": [0, 21.9, 21.6]},
			"faces": {
				"north": {"uv": [4, 3.375, 4.25, 4.375], "rotation": 180, "texture": "#0"},
				"east": {"uv": [5.5, 2.75, 4.5, 3.125], "rotation": 90, "texture": "#0"},
				"south": {"uv": [4.25, 3.5, 4.5, 4.5], "texture": "#0"},
				"west": {"uv": [4.5, 2.75, 5.5, 3.125], "rotation": 270, "texture": "#0"},
				"up": {"uv": [4.25, 2.75, 4.5, 3.125], "texture": "#0"},
				"down": {"uv": [4.25, 3.125, 4.5, 3.5], "rotation": 180, "texture": "#0"}
			}
		},
		{
			"from": [-0.25, 26.19357, 21.70935],
			"to": [0.25, 30.19357, 23.20935],
			"rotation": {"angle": 45, "axis": "x", "origin": [0, 26.1, 21.7]},
			"faces": {
				"north": {"uv": [4.5, 3.625, 4.625, 4.625], "rotation": 180, "texture": "#0"},
				"east": {"uv": [5.625, 3.25, 4.625, 3.625], "rotation": 90, "texture": "#0"},
				"south": {"uv": [4.625, 3.625, 4.75, 4.625], "texture": "#0"},
				"west": {"uv": [4.625, 3.25, 5.625, 3.625], "rotation": 270, "texture": "#0"},
				"up": {"uv": [4.5, 3.25, 4.625, 3.625], "texture": "#0"},
				"down": {"uv": [4.5, 3.25, 4.625, 3.625], "rotation": 180, "texture": "#0"}
			}
		},
		{
			"from": [-0.5, 6.9, 3],
			"to": [-0.5, 12.4, 19],
			"rotation": {"angle": -22.5, "axis": "x", "origin": [0.25, 14, 4]},
			"faces": {
				"north": {"uv": [0, 0, 0, 5.5], "texture": "#0"},
				"east": {"uv": [4, 0, 0, 1.375], "texture": "#0"},
				"south": {"uv": [0, 0, 0, 5.5], "texture": "#0"},
				"west": {"uv": [0, 0, 4, 1.375], "texture": "#0"},
				"up": {"uv": [0, 16, 0, 0], "texture": "#0"},
				"down": {"uv": [0, 0, 0, 16], "texture": "#0"}
			}
		},
		{
			"from": [2, 15, 1],
			"to": [6, 18, 10],
			"rotation": {"angle": -22.5, "axis": "y", "origin": [5, 17, 5]},
			"faces": {
				"north": {"uv": [12.75, 15.25, 13.75, 16], "texture": "#0"},
				"east": {"uv": [13.75, 15.25, 16, 16], "texture": "#0"},
				"south": {"uv": [14, 13.75, 15, 14.5], "texture": "#0"},
				"west": {"uv": [12.75, 14.5, 15, 15.25], "texture": "#0"},
				"up": {"uv": [15, 13, 16, 15.25], "texture": "#0"},
				"down": {"uv": [15, 13, 16, 15.25], "texture": "#0"}
			}
		},
		{
			"from": [3, 11, 0],
			"to": [13, 16, 4],
			"rotation": {"angle": 0, "axis": "y", "origin": [11, 17, 5]},
			"faces": {
				"north": {"uv": [3, 12.75, 5.5, 14], "texture": "#0"},
				"east": {"uv": [2, 13.75, 3, 15], "texture": "#0"},
				"south": {"uv": [3, 12.75, 5.5, 14], "texture": "#0"},
				"west": {"uv": [2, 13.75, 3, 15], "texture": "#0"},
				"up": {"uv": [3, 11.75, 5.5, 12.75], "texture": "#0"},
				"down": {"uv": [3, 14, 5.5, 15], "texture": "#0"}
			}
		},
		{
			"from": [4, 11, -6],
			"to": [12, 15, 0],
			"rotation": {"angle": -22.5, "axis": "x", "origin": [8, 16, 0]},
			"faces": {
				"north": {"uv": [1.5, 15, 3.5, 16], "texture": "#0"},
				"east": {"uv": [1.5, 15, 0, 16], "texture": "#0"},
				"south": {"uv": [1.5, 15, 3.5, 16], "texture": "#0"},
				"west": {"uv": [0, 15, 1.5, 16], "texture": "#0"},
				"up": {"uv": [0, 13.5, 2, 15], "texture": "#0"},
				"down": {"uv": [0, 12, 2, 13.5], "texture": "#0"}
			}
		},
		{
			"from": [6, 15, 2],
			"to": [10, 17, 16],
			"faces": {
				"north": {"uv": [13, 12.25, 14, 12.75], "texture": "#0"},
				"east": {"uv": [10.5, 11.75, 14, 12.25], "texture": "#0"},
				"south": {"uv": [13, 12.25, 14, 12.75], "texture": "#0"},
				"west": {"uv": [10.5, 11.25, 14, 11.75], "texture": "#0"},
				"up": {"uv": [15, 9.5, 16, 13], "texture": "#0"},
				"down": {"uv": [14, 10.25, 15, 13.75], "texture": "#0"}
			}
		},
		{
			"from": [6.5, 13, 16],
			"to": [9.5, 17, 22],
			"rotation": {"angle": 45, "axis": "x", "origin": [8, 17, 16]},
			"faces": {
				"north": {"uv": [11.75, 10.25, 12.5, 11.25], "texture": "#0"},
				"east": {"uv": [12.5, 13.5, 14, 14.5], "texture": "#0"},
				"south": {"uv": [11.75, 10.25, 12.5, 11.25], "texture": "#0"},
				"west": {"uv": [12.5, 13.5, 14, 14.5], "texture": "#0"},
				"up": {"uv": [12.5, 9.75, 13.25, 11.25], "texture": "#0"},
				"down": {"uv": [13.25, 9.75, 14, 11.25], "texture": "#0"}
			}
		},
		{
			"from": [6.75, 5.7397, 17.2],
			"to": [9.25, 12.7397, 20.2],
			"rotation": {"angle": 0, "axis": "y", "origin": [8, 12.8, 20.2]},
			"faces": {
				"north": {"uv": [7.5, 10.5, 8.125, 12.25], "rotation": 180, "texture": "#0"},
				"east": {"uv": [8.75, 11.5, 10.5, 12.25], "rotation": 270, "texture": "#0"},
				"south": {"uv": [6.875, 10.5, 7.5, 12.25], "texture": "#0"},
				"west": {"uv": [8.75, 11.5, 10.5, 12.25], "rotation": 90, "texture": "#0"},
				"up": {"uv": [8.125, 11.5, 8.75, 12.25], "rotation": 180, "texture": "#0"},
				"down": {"uv": [8.125, 11.5, 8.75, 12.25], "texture": "#0"}
			}
		},
		{
			"from": [1.5, 3.32992, -2.26476],
			"to": [2, 5.32992, -1.26476],
			"rotation": {"angle": 0, "axis": "y", "origin": [1.75, 3.3, -2.25]},
			"faces": {
				"north": {"uv": [2.25, 6.25, 2.375, 5.75], "rotation": 180, "texture": "#0"},
				"east": {"uv": [2, 6.125, 1.5, 6.375], "rotation": 90, "texture": "#0"},
				"south": {"uv": [2.25, 6.25, 2.375, 5.75], "texture": "#0"},
				"west": {"uv": [2, 6.125, 1.5, 6.375], "rotation": 270, "texture": "#0"},
				"up": {"uv": [2.375, 6.125, 2.5, 5.875], "rotation": 180, "texture": "#0"},
				"down": {"uv": [2.375, 6.125, 2.5, 5.875], "texture": "#0"}
			}
		},
		{
			"from": [1.25, 1.36902, -1.46133],
			"to": [2.25, 3.36902, 0.03867],
			"rotation": {"angle": -22.5, "axis": "x", "origin": [1.75, 1.3, -1.75]},
			"faces": {
				"north": {"uv": [2.5, 6.375, 2.75, 5.875], "rotation": 180, "texture": "#0"},
				"east": {"uv": [2, 5.75, 1.5, 6.125], "rotation": 90, "texture": "#0"},
				"south": {"uv": [2, 6.25, 2.25, 5.75], "rotation": 180, "texture": "#0"},
				"west": {"uv": [2, 5.75, 1.5, 6.125], "rotation": 270, "texture": "#0"},
				"up": {"uv": [1.25, 6.125, 1.5, 5.75], "rotation": 180, "texture": "#0"},
				"down": {"uv": [1.25, 6.125, 1.5, 5.75], "texture": "#0"}
			}
		},
		{
			"from": [1, 0.01545, -2.51356],
			"to": [2.5, 2.01545, -0.51356],
			"rotation": {"angle": 45, "axis": "x", "origin": [1.75, -0.2, -0.5]},
			"faces": {
				"north": {"uv": [5.125, 4.75, 5.5, 4.25], "texture": "#0"},
				"east": {"uv": [5.125, 4.25, 5.625, 3.75], "texture": "#0"},
				"south": {"uv": [5.125, 4.75, 5.5, 4.25], "texture": "#0"},
				"west": {"uv": [5.125, 4.25, 5.625, 3.75], "texture": "#0"},
				"up": {"uv": [4.75, 4.75, 5.125, 4.25], "texture": "#0"},
				"down": {"uv": [4.75, 4.25, 5.125, 3.75], "texture": "#0"}
			}
		},
		{
			"from": [1, 13, 2],
			"to": [15, 15, 15],
			"faces": {
				"north": {"uv": [5.5, 12.25, 9, 12.75], "texture": "#0"},
				"east": {"uv": [9, 12.25, 12.25, 12.75], "texture": "#0"},
				"south": {"uv": [5.5, 12.25, 9, 12.75], "texture": "#0"},
				"west": {"uv": [9, 12.25, 12.25, 12.75], "texture": "#0"},
				"up": {"uv": [5.5, 12.75, 9, 16], "texture": "#0"},
				"down": {"uv": [9, 12.75, 12.5, 16], "texture": "#0"}
			}
		},
		{
			"from": [10, 15, 1],
			"to": [14, 18, 10],
			"rotation": {"angle": 22.5, "axis": "y", "origin": [11, 17, 5]},
			"faces": {
				"north": {"uv": [13.75, 15.25, 12.75, 16], "texture": "#0"},
				"east": {"uv": [15, 14.5, 12.75, 15.25], "texture": "#0"},
				"south": {"uv": [15, 13.75, 14, 14.5], "texture": "#0"},
				"west": {"uv": [16, 15.25, 13.75, 16], "texture": "#0"},
				"up": {"uv": [16, 13, 15, 15.25], "texture": "#0"},
				"down": {"uv": [16, 13, 15, 15.25], "texture": "#0"}
			}
		},
		{
			"from": [-0.25, -1, 0],
			"to": [0.75, 5, 2],
			"rotation": {"angle": 45, "axis": "x", "origin": [0.5, 0, 1]},
			"faces": {
				"north": {"uv": [2.75, 12.25, 3, 13.75], "texture": "#0"},
				"east": {"uv": [2, 10.5, 1.5, 12], "texture": "#0"},
				"south": {"uv": [2.5, 12.25, 2.75, 13.75], "texture": "#0"},
				"west": {"uv": [1.5, 10.5, 2, 12], "texture": "#0"},
				"up": {"uv": [2.75, 11.75, 3, 12.25], "texture": "#0"},
				"down": {"uv": [2.75, 11.75, 3, 12.25], "texture": "#0"}
			}
		},
		{
			"from": [-0.5, 1.21005, 3.85025],
			"to": [1, 4.21005, 14.85025],
			"rotation": {"angle": 0, "axis": "y", "origin": [0.5, 4.2, 3.8]},
			"faces": {
				"north": {"uv": [2, 12, 2.375, 12.75], "rotation": 180, "texture": "#0"},
				"east": {"uv": [1.125, 9.25, 0.375, 12], "rotation": 270, "texture": "#0"},
				"south": {"uv": [2, 12.75, 2.375, 13.5], "texture": "#0"},
				"west": {"uv": [0.375, 9.25, 1.125, 12], "rotation": 90, "texture": "#0"},
				"up": {"uv": [0, 9.25, 0.375, 12], "rotation": 180, "texture": "#0"},
				"down": {"uv": [1.125, 9.25, 1.5, 12], "texture": "#0"}
			}
		},
		{
			"from": [1, 1.01005, 14.15025],
			"to": [8, 4.01005, 17.15025],
			"rotation": {"angle": -45, "axis": "x", "origin": [0.5, 2, 14.2]},
			"faces": {
				"north": {"uv": [3.75, 10.25, 5.5, 11], "rotation": 180, "texture": "#0"},
				"east": {"uv": [3, 11, 3.75, 11.75], "rotation": 270, "texture": "#0"},
				"south": {"uv": [3.75, 11, 5.5, 11.75], "texture": "#0"},
				"west": {"uv": [3, 11, 3.75, 11.75], "rotation": 90, "texture": "#0"},
				"up": {"uv": [3.75, 11, 5.5, 11.75], "rotation": 180, "texture": "#0"},
				"down": {"uv": [3.75, 10.25, 5.5, 11], "rotation": 180, "texture": "#0"}
			}
		},
		{
			"from": [2, 4.0804, 14.28995],
			"to": [8, 10.0804, 16.28995],
			"rotation": {"angle": 22.5, "axis": "x", "origin": [0.5, 4.1, 16.3]},
			"faces": {
				"north": {"uv": [8.125, 10, 9.625, 11.5], "texture": "#0"},
				"east": {"uv": [9.625, 10, 10.125, 11.5], "texture": "#0"},
				"south": {"uv": [8.125, 8.5, 9.625, 10], "texture": "#0"},
				"west": {"uv": [9.625, 10, 10.125, 11.5], "texture": "#0"},
				"up": {"uv": [6.625, 10, 8.125, 10.5], "texture": "#0"},
				"down": {"uv": [6.625, 10, 8.125, 10.5], "texture": "#0"}
			}
		},
		{
			"from": [0.75, -1, 0],
			"to": [3.75, 1, 2],
			"rotation": {"angle": -45, "axis": "x", "origin": [9.75, 0, 1]},
			"faces": {
				"north": {"uv": [1, 7.75, 1.75, 8.25], "texture": "#0"},
				"east": {"uv": [1, 7.25, 1.5, 7.75], "texture": "#0"},
				"south": {"uv": [1, 8.25, 1.75, 8.75], "texture": "#0"},
				"west": {"uv": [1, 7.25, 1.5, 7.75], "texture": "#0"},
				"up": {"uv": [0, 8.75, 0.75, 9.25], "texture": "#0"},
				"down": {"uv": [0.75, 8.75, 1.5, 9.25], "texture": "#0"}
			}
		},
		{
			"from": [8, 1.01005, 14.15025],
			"to": [15, 4.01005, 17.15025],
			"rotation": {"angle": -45, "axis": "x", "origin": [15.5, 2, 14.2]},
			"faces": {
				"north": {"uv": [5.5, 10.25, 3.75, 11], "rotation": 180, "texture": "#0"},
				"east": {"uv": [3, 11.75, 3.75, 11], "rotation": 90, "texture": "#0"},
				"south": {"uv": [5.5, 11, 3.75, 11.75], "texture": "#0"},
				"west": {"uv": [3, 11.75, 3.75, 11], "rotation": 270, "texture": "#0"},
				"up": {"uv": [5.5, 11, 3.75, 11.75], "rotation": 180, "texture": "#0"},
				"down": {"uv": [5.5, 10.25, 3.75, 11], "rotation": 180, "texture": "#0"}
			}
		},
		{
			"from": [8, 4.0804, 14.28995],
			"to": [14, 10.0804, 16.28995],
			"rotation": {"angle": 22.5, "axis": "x", "origin": [15.5, 4.1, 16.3]},
			"faces": {
				"north": {"uv": [9.625, 10, 8.125, 11.5], "texture": "#0"},
				"east": {"uv": [10.125, 10, 9.625, 11.5], "texture": "#0"},
				"south": {"uv": [9.625, 8.5, 8.125, 10], "texture": "#0"},
				"west": {"uv": [10.125, 10, 9.625, 11.5], "texture": "#0"},
				"up": {"uv": [8.125, 10, 6.625, 10.5], "texture": "#0"},
				"down": {"uv": [8.125, 10, 6.625, 10.5], "texture": "#0"}
			}
		},
		{
			"from": [12.25, -1, 0],
			"to": [15.25, 1, 2],
			"rotation": {"angle": -45, "axis": "x", "origin": [6.25, 0, 1]},
			"faces": {
				"north": {"uv": [1.75, 7.75, 1, 8.25], "texture": "#0"},
				"east": {"uv": [1.5, 7.25, 1, 7.75], "texture": "#0"},
				"south": {"uv": [1.75, 8.25, 1, 8.75], "texture": "#0"},
				"west": {"uv": [1.5, 7.25, 1, 7.75], "texture": "#0"},
				"up": {"uv": [0.75, 8.75, 0, 9.25], "texture": "#0"},
				"down": {"uv": [1.5, 8.75, 0.75, 9.25], "texture": "#0"}
			}
		},
		{
			"from": [15, 1.21005, 3.85025],
			"to": [16.5, 4.21005, 14.85025],
			"rotation": {"angle": 0, "axis": "y", "origin": [15.5, 4.2, 3.8]},
			"faces": {
				"north": {"uv": [2.375, 12, 2, 12.75], "rotation": 180, "texture": "#0"},
				"east": {"uv": [0.375, 12, 1.125, 9.25], "rotation": 90, "texture": "#0"},
				"south": {"uv": [2.375, 12.75, 2, 13.5], "texture": "#0"},
				"west": {"uv": [0.375, 12, 1.125, 9.25], "rotation": 270, "texture": "#0"},
				"up": {"uv": [0.375, 9.25, 0, 12], "rotation": 180, "texture": "#0"},
				"down": {"uv": [1.5, 9.25, 1.125, 12], "texture": "#0"}
			}
		},
		{
			"from": [15.25, -1, 0],
			"to": [16.25, 5, 2],
			"rotation": {"angle": 45, "axis": "x", "origin": [15.5, 0, 1]},
			"faces": {
				"north": {"uv": [3, 12.25, 2.75, 13.75], "texture": "#0"},
				"east": {"uv": [2, 10.5, 1.5, 12], "texture": "#0"},
				"south": {"uv": [2.75, 12.25, 2.5, 13.75], "texture": "#0"},
				"west": {"uv": [1.5, 10.5, 2, 12], "texture": "#0"},
				"up": {"uv": [3, 11.75, 2.75, 12.25], "texture": "#0"},
				"down": {"uv": [3, 11.75, 2.75, 12.25], "texture": "#0"}
			}
		},
		{
			"from": [13.5, 0.11545, -2.51356],
			"to": [15, 2.11545, -0.51356],
			"rotation": {"angle": 45, "axis": "x", "origin": [14.25, -0.1, -0.5]},
			"faces": {
				"north": {"uv": [5.5, 4.75, 5.125, 4.25], "texture": "#0"},
				"east": {"uv": [5.625, 4.25, 5.125, 3.75], "texture": "#0"},
				"south": {"uv": [5.5, 4.75, 5.125, 4.25], "texture": "#0"},
				"west": {"uv": [5.625, 4.25, 5.125, 3.75], "texture": "#0"},
				"up": {"uv": [5.125, 4.75, 4.75, 4.25], "texture": "#0"},
				"down": {"uv": [5.125, 4.25, 4.75, 3.75], "texture": "#0"}
			}
		},
		{
			"from": [13.75, 1.46902, -1.46133],
			"to": [14.75, 3.46902, 0.03867],
			"rotation": {"angle": -22.5, "axis": "x", "origin": [14.25, 1.4, -1.75]},
			"faces": {
				"north": {"uv": [2.75, 6.375, 2.5, 5.875], "rotation": 180, "texture": "#0"},
				"east": {"uv": [2, 6.125, 1.5, 5.75], "rotation": 270, "texture": "#0"},
				"south": {"uv": [2.25, 6.25, 2, 5.75], "rotation": 180, "texture": "#0"},
				"west": {"uv": [2, 6.125, 1.5, 5.75], "rotation": 90, "texture": "#0"},
				"up": {"uv": [1.5, 6.125, 1.25, 5.75], "rotation": 180, "texture": "#0"},
				"down": {"uv": [1.5, 6.125, 1.25, 5.75], "texture": "#0"}
			}
		},
		{
			"from": [14, 3.42992, -2.26476],
			"to": [14.5, 5.42992, -1.26476],
			"rotation": {"angle": 0, "axis": "y", "origin": [14.25, 3.4, -2.25]},
			"faces": {
				"north": {"uv": [2.375, 6.25, 2.25, 5.75], "rotation": 180, "texture": "#0"},
				"east": {"uv": [2, 6.375, 1.5, 6.125], "rotation": 270, "texture": "#0"},
				"south": {"uv": [2.375, 6.25, 2.25, 5.75], "texture": "#0"},
				"west": {"uv": [2, 6.375, 1.5, 6.125], "rotation": 90, "texture": "#0"},
				"up": {"uv": [2.5, 6.125, 2.375, 5.875], "rotation": 180, "texture": "#0"},
				"down": {"uv": [2.5, 6.125, 2.375, 5.875], "texture": "#0"}
			}
		},
		{
			"from": [8, 17, 2],
			"to": [8, 21, 16],
			"faces": {
				"north": {"uv": [13, 12.25, 13, 13.25], "texture": "#0"},
				"east": {"uv": [16, 0, 12.5, 1], "texture": "#0"},
				"south": {"uv": [13, 12.25, 13, 13.25], "texture": "#0"},
				"west": {"uv": [12.5, 0, 16, 1], "texture": "#0"},
				"up": {"uv": [15, 9.5, 15, 13], "texture": "#0"},
				"down": {"uv": [14, 10.25, 14, 13.75], "texture": "#0"}
			}
		},
		{
			"from": [-0.5, 8.9, 0],
			"to": [1, 12.4, 3],
			"rotation": {"angle": -22.5, "axis": "x", "origin": [0.25, 13.9, 4]},
			"faces": {
				"north": {"uv": [6.875, 9.125, 7.375, 10], "texture": "#0"},
				"east": {"uv": [8.125, 9.125, 7.375, 10], "texture": "#0"},
				"south": {"uv": [7.625, 8.25, 8.125, 9.125], "texture": "#0"},
				"west": {"uv": [7.375, 9.125, 8.125, 10], "texture": "#0"},
				"up": {"uv": [0, 4, 0.5, 4.75], "texture": "#0"},
				"down": {"uv": [7.125, 8.375, 7.625, 9.125], "texture": "#0"}
			}
		},
		{
			"from": [-0.25, 4.14552, 3.52801],
			"to": [0.75, 6.64552, 5.02801],
			"rotation": {"angle": 45, "axis": "x", "origin": [0.25, 8.7, 4.5]},
			"faces": {
				"north": {"uv": [2.5, 11, 2.75, 11.625], "texture": "#0"},
				"east": {"uv": [2, 11.375, 2.375, 12], "texture": "#0"},
				"south": {"uv": [2.5, 11.625, 2.75, 12.25], "texture": "#0"},
				"west": {"uv": [2, 11.375, 2.375, 12], "texture": "#0"},
				"up": {"uv": [2.75, 11.375, 3, 11.75], "texture": "#0"},
				"down": {"uv": [2.75, 11, 3, 11.375], "texture": "#0"}
			}
		},
		{
			"from": [-0.5, 6.67199, 2.04552],
			"to": [1, 8.67199, 5.54552],
			"rotation": {"angle": -22.5, "axis": "x", "origin": [0.25, 8.7, 4.5]},
			"faces": {
				"north": {"uv": [6, 11.75, 6.375, 12.25], "rotation": 180, "texture": "#0"},
				"east": {"uv": [6.875, 11.375, 6.375, 12.25], "rotation": 270, "texture": "#0"},
				"south": {"uv": [5.625, 11.75, 6, 12.25], "texture": "#0"},
				"west": {"uv": [6.375, 11.375, 6.875, 12.25], "rotation": 90, "texture": "#0"},
				"up": {"uv": [5.625, 10.875, 6, 11.75], "rotation": 180, "texture": "#0"},
				"down": {"uv": [6, 10.875, 6.375, 11.75], "texture": "#0"}
			}
		},
		{
			"from": [8, 5.7397, 16.2],
			"to": [8, 19.7397, 27.2],
			"rotation": {"angle": 0, "axis": "y", "origin": [8, 12.8, 20.2]},
			"faces": {
				"north": {"uv": [7.5, 10.5, 7.5, 14], "rotation": 180, "texture": "#0"},
				"east": {"uv": [6.25, 7.5, 2.75, 10.25], "rotation": 270, "texture": "#0"},
				"south": {"uv": [6.875, 10.5, 6.875, 14], "texture": "#0"},
				"west": {"uv": [2.75, 7.5, 6.25, 10.25], "rotation": 90, "texture": "#0"},
				"up": {"uv": [8.125, 11.5, 8.125, 14.25], "rotation": 180, "texture": "#0"},
				"down": {"uv": [8.125, 11.5, 8.125, 14.25], "texture": "#0"}
			}
		},
		{
			"from": [15.75, -1.78995, 0.85025],
			"to": [15.75, 4.21005, 18.85025],
			"rotation": {"angle": 0, "axis": "y", "origin": [15.5, 4.2, 3.8]},
			"faces": {
				"north": {"uv": [2, 12, 2, 13.5], "rotation": 180, "texture": "#0"},
				"east": {"uv": [11, 10.25, 12.5, 5.75], "rotation": 90, "texture": "#0"},
				"south": {"uv": [2, 12.75, 2, 14.25], "texture": "#0"},
				"west": {"uv": [12.5, 10.25, 11, 5.75], "rotation": 270, "texture": "#0"},
				"up": {"uv": [0, 9.25, 0, 13.75], "rotation": 180, "texture": "#0"},
				"down": {"uv": [1.125, 9.25, 1.125, 13.75], "texture": "#0"}
			}
		},
		{
			"from": [4, 8, -6],
			"to": [4, 11, 0],
			"rotation": {"angle": -22.5, "axis": "x", "origin": [8, 16, 0]},
			"faces": {
				"north": {"uv": [5, 15.25, 5, 16], "texture": "#0"},
				"east": {"uv": [5, 15.25, 3.5, 16], "texture": "#0"},
				"south": {"uv": [5, 15.25, 5, 16], "texture": "#0"},
				"west": {"uv": [3.5, 15.25, 5, 16], "texture": "#0"},
				"up": {"uv": [0, 13.5, 0, 15], "texture": "#0"},
				"down": {"uv": [0, 12, 0, 13.5], "texture": "#0"}
			}
		},
		{
			"from": [12, 8, -6],
			"to": [12, 11, 0],
			"rotation": {"angle": -22.5, "axis": "x", "origin": [8, 16, 0]},
			"faces": {
				"north": {"uv": [5, 15.25, 5, 16], "texture": "#0"},
				"east": {"uv": [5, 15.25, 3.5, 16], "texture": "#0"},
				"south": {"uv": [5, 15.25, 5, 16], "texture": "#0"},
				"west": {"uv": [3.5, 15.25, 5, 16], "texture": "#0"},
				"up": {"uv": [0, 13.5, 0, 15], "texture": "#0"},
				"down": {"uv": [0, 12, 0, 13.5], "texture": "#0"}
			}
		},
		{
			"from": [15.75, -1.78995, 0.85025],
			"to": [15.75, 4.21005, 18.85025],
			"rotation": {"angle": 0, "axis": "y", "origin": [15.5, 4.2, 3.8]},
			"faces": {
				"north": {"uv": [2, 12, 2, 13.5], "rotation": 180, "texture": "#0"},
				"east": {"uv": [11, 10.25, 12.5, 5.75], "rotation": 90, "texture": "#0"},
				"south": {"uv": [2, 12.75, 2, 14.25], "texture": "#0"},
				"west": {"uv": [12.5, 10.25, 11, 5.75], "rotation": 270, "texture": "#0"},
				"up": {"uv": [0, 9.25, 0, 13.75], "rotation": 180, "texture": "#0"},
				"down": {"uv": [1.125, 9.25, 1.125, 13.75], "texture": "#0"}
			}
		},
		{
			"from": [15, 6.67199, 2.04552],
			"to": [16.5, 8.67199, 5.54552],
			"rotation": {"angle": -22.5, "axis": "x", "origin": [15.75, 8.7, 4.5]},
			"faces": {
				"north": {"uv": [6.375, 11.75, 6, 12.25], "rotation": 180, "texture": "#0"},
				"east": {"uv": [6.375, 12.25, 6.875, 11.375], "rotation": 90, "texture": "#0"},
				"south": {"uv": [6, 11.75, 5.625, 12.25], "texture": "#0"},
				"west": {"uv": [6.875, 12.25, 6.375, 11.375], "rotation": 270, "texture": "#0"},
				"up": {"uv": [6, 10.875, 5.625, 11.75], "rotation": 180, "texture": "#0"},
				"down": {"uv": [6.375, 10.875, 6, 11.75], "texture": "#0"}
			}
		},
		{
			"from": [15.5, 2, 2.5],
			"to": [16, 8.5, 4.5],
			"rotation": {"angle": 0, "axis": "y", "origin": [16, 8.7, 4.5]},
			"faces": {
				"north": {"uv": [2.75, 9.375, 2.625, 11], "texture": "#0"},
				"east": {"uv": [2.5, 9.75, 2, 11.375], "texture": "#0"},
				"south": {"uv": [2.625, 9.375, 2.5, 11], "texture": "#0"},
				"west": {"uv": [2, 9.75, 2.5, 11.375], "texture": "#0"},
				"up": {"uv": [3.75, 10.5, 3.625, 11], "texture": "#0"},
				"down": {"uv": [3.75, 10.5, 3.625, 11], "texture": "#0"}
			}
		},
		{
			"from": [15.25, 4.14552, 3.52801],
			"to": [16.25, 6.64552, 5.02801],
			"rotation": {"angle": 45, "axis": "x", "origin": [15.75, 8.7, 4.5]},
			"faces": {
				"north": {"uv": [2.75, 11, 2.5, 11.625], "texture": "#0"},
				"east": {"uv": [2.375, 11.375, 2, 12], "texture": "#0"},
				"south": {"uv": [2.75, 11.625, 2.5, 12.25], "texture": "#0"},
				"west": {"uv": [2.375, 11.375, 2, 12], "texture": "#0"},
				"up": {"uv": [3, 11.375, 2.75, 11.75], "texture": "#0"},
				"down": {"uv": [3, 11, 2.75, 11.375], "texture": "#0"}
			}
		},
		{
			"from": [15, 8.9, 0],
			"to": [16.5, 12.4, 3],
			"rotation": {"angle": -22.5, "axis": "x", "origin": [15.75, 13.9, 4]},
			"faces": {
				"north": {"uv": [7.375, 9.125, 6.875, 10], "texture": "#0"},
				"east": {"uv": [8.125, 9.125, 7.375, 10], "texture": "#0"},
				"south": {"uv": [8.125, 8.25, 7.625, 9.125], "texture": "#0"},
				"west": {"uv": [7.375, 9.125, 8.125, 10], "texture": "#0"},
				"up": {"uv": [0.5, 4, 0, 4.75], "texture": "#0"},
				"down": {"uv": [7.625, 8.375, 7.125, 9.125], "texture": "#0"}
			}
		},
		{
			"from": [15.75, 26.19357, 21.70935],
			"to": [16.25, 30.19357, 23.20935],
			"rotation": {"angle": 45, "axis": "x", "origin": [16, 26.1, 21.7]},
			"faces": {
				"north": {"uv": [4.625, 3.625, 4.5, 4.625], "rotation": 180, "texture": "#0"},
				"east": {"uv": [4.625, 3.625, 5.625, 3.25], "rotation": 270, "texture": "#0"},
				"south": {"uv": [4.75, 3.625, 4.625, 4.625], "texture": "#0"},
				"west": {"uv": [5.625, 3.625, 4.625, 3.25], "rotation": 90, "texture": "#0"},
				"up": {"uv": [4.625, 3.25, 4.5, 3.625], "texture": "#0"},
				"down": {"uv": [4.625, 3.25, 4.5, 3.625], "rotation": 180, "texture": "#0"}
			}
		},
		{
			"from": [15.5, 21.91213, 20.09447],
			"to": [16.5, 25.91213, 21.59447],
			"rotation": {"angle": 22.5, "axis": "x", "origin": [16, 21.9, 21.6]},
			"faces": {
				"north": {"uv": [4.25, 3.375, 4, 4.375], "rotation": 180, "texture": "#0"},
				"east": {"uv": [4.5, 3.125, 5.5, 2.75], "rotation": 270, "texture": "#0"},
				"south": {"uv": [4.5, 3.5, 4.25, 4.5], "texture": "#0"},
				"west": {"uv": [5.5, 3.125, 4.5, 2.75], "rotation": 90, "texture": "#0"},
				"up": {"uv": [4.5, 2.75, 4.25, 3.125], "texture": "#0"},
				"down": {"uv": [4.5, 3.125, 4.25, 3.5], "rotation": 180, "texture": "#0"}
			}
		},
		{
			"from": [15.25, 19.73482, 19.45269],
			"to": [16.75, 21.73482, 22.45269],
			"rotation": {"angle": -45, "axis": "x", "origin": [16, 19.8, 19.4]},
			"faces": {
				"north": {"uv": [1.625, 5.125, 1.25, 5.625], "texture": "#0"},
				"east": {"uv": [2.375, 5.125, 1.625, 5.625], "texture": "#0"},
				"south": {"uv": [1.625, 5.125, 1.25, 5.625], "texture": "#0"},
				"west": {"uv": [1.625, 5.125, 2.375, 5.625], "texture": "#0"},
				"up": {"uv": [2.75, 5.125, 2.375, 5.875], "texture": "#0"},
				"down": {"uv": [3.125, 5.375, 2.75, 6.125], "texture": "#0"}
			}
		},
		{
			"from": [15, 13.4, 17.5],
			"to": [17, 15.9, 20.5],
			"rotation": {"angle": -22.5, "axis": "x", "origin": [16, 14, 4]},
			"faces": {
				"north": {"uv": [3.25, 4, 2.75, 4.625], "texture": "#0"},
				"east": {"uv": [4, 4, 3.25, 4.625], "texture": "#0"},
				"south": {"uv": [4, 3.375, 3.5, 4], "texture": "#0"},
				"west": {"uv": [3.25, 4, 4, 4.625], "texture": "#0"},
				"up": {"uv": [3.25, 4.625, 2.75, 5.375], "texture": "#0"},
				"down": {"uv": [3.75, 4.625, 3.25, 5.375], "texture": "#0"}
			}
		},
		{
			"from": [15.75, 7.17008, -3.16476],
			"to": [16.25, 9.17008, -2.16476],
			"rotation": {"angle": 0, "axis": "y", "origin": [16, 9.2, -3.15]},
			"faces": {
				"north": {"uv": [2.375, 5.75, 2.25, 6.25], "rotation": 180, "texture": "#0"},
				"east": {"uv": [1.5, 6.375, 2, 6.125], "rotation": 270, "texture": "#0"},
				"south": {"uv": [2.5, 6.125, 2.375, 6.625], "texture": "#0"},
				"west": {"uv": [2, 6.375, 1.5, 6.125], "rotation": 90, "texture": "#0"},
				"up": {"uv": [2.5, 5.875, 2.375, 6.125], "texture": "#0"},
				"down": {"uv": [2.5, 5.875, 2.375, 6.125], "rotation": 180, "texture": "#0"}
			}
		},
		{
			"from": [15.5, 9.13098, -2.36133],
			"to": [16.5, 11.13098, -0.86133],
			"rotation": {"angle": 22.5, "axis": "x", "origin": [16, 11.2, -2.65]},
			"faces": {
				"north": {"uv": [2.75, 5.875, 2.5, 6.375], "rotation": 180, "texture": "#0"},
				"east": {"uv": [1.5, 6.125, 2, 5.75], "rotation": 270, "texture": "#0"},
				"south": {"uv": [2.25, 5.75, 2, 6.25], "rotation": 180, "texture": "#0"},
				"west": {"uv": [2, 6.125, 1.5, 5.75], "rotation": 90, "texture": "#0"},
				"up": {"uv": [1.5, 5.75, 1.25, 6.125], "texture": "#0"},
				"down": {"uv": [1.5, 5.75, 1.25, 6.125], "rotation": 180, "texture": "#0"}
			}
		},
		{
			"from": [15.25, 10.48455, -3.41356],
			"to": [16.75, 12.48455, -1.41356],
			"rotation": {"angle": -45, "axis": "x", "origin": [16, 12.7, -1.4]},
			"faces": {
				"north": {"uv": [5.5, 4.25, 5.125, 4.75], "texture": "#0"},
				"east": {"uv": [5.625, 3.75, 5.125, 4.25], "texture": "#0"},
				"south": {"uv": [5.5, 4.25, 5.125, 4.75], "texture": "#0"},
				"west": {"uv": [5.125, 3.75, 5.625, 4.25], "texture": "#0"},
				"up": {"uv": [5.125, 3.75, 4.75, 4.25], "texture": "#0"},
				"down": {"uv": [5.125, 4.25, 4.75, 4.75], "texture": "#0"}
			}
		},
		{
			"from": [15, 12.4, -1.5],
			"to": [17, 14.9, 17.5],
			"rotation": {"angle": -22.5, "axis": "x", "origin": [16, 14, 4]},
			"faces": {
				"north": {"uv": [1.75, 2, 1.25, 2.625], "texture": "#0"},
				"east": {"uv": [6.5, 2, 1.75, 2.625], "texture": "#0"},
				"south": {"uv": [1.75, 2.625, 1.25, 3.25], "texture": "#0"},
				"west": {"uv": [1.75, 2, 6.5, 2.625], "texture": "#0"},
				"up": {"uv": [0.5, 4, 0, 8.75], "texture": "#0"},
				"down": {"uv": [1, 4, 0.5, 8.75], "texture": "#0"}
			}
		},
		{
			"from": [14.5, 17.21005, 8.22893],
			"to": [17.5, 19.71005, 15.22893],
			"rotation": {"angle": 0, "axis": "y", "origin": [16, 19.7, 8.3]},
			"faces": {
				"north": {"uv": [2.5, 2.75, 1.75, 3.375], "texture": "#0"},
				"east": {"uv": [4.25, 2.75, 2.5, 3.375], "texture": "#0"},
				"south": {"uv": [3.5, 3.375, 2.75, 4], "texture": "#0"},
				"west": {"uv": [5.375, 4.75, 3.625, 5.375], "texture": "#0"},
				"up": {"uv": [2, 3.375, 1.25, 5.125], "texture": "#0"},
				"down": {"uv": [2.75, 3.375, 2, 5.125], "texture": "#0"}
			}
		},
		{
			"from": [14.75, 13, 3],
			"to": [17.25, 15, 11],
			"rotation": {"angle": -45, "axis": "x", "origin": [16, 14, 4]},
			"faces": {
				"north": {"uv": [0.625, 1.5, 0, 2], "texture": "#0"},
				"east": {"uv": [2.625, 1.5, 0.625, 2], "texture": "#0"},
				"south": {"uv": [0.625, 1.5, 0, 2], "texture": "#0"},
				"west": {"uv": [0.625, 1.5, 2.625, 2], "texture": "#0"},
				"up": {"uv": [1.25, 2, 0.625, 4], "texture": "#0"},
				"down": {"uv": [0.625, 2, 0, 4], "texture": "#0"}
			}
		},
		{
			"from": [0.25, 4.2, 3.5],
			"to": [0.25, 17.2, 13.5],
			"faces": {
				"north": {"uv": [10.75, 8.75, 10.75, 12], "texture": "#0"},
				"east": {"uv": [15, 6.5, 12.5, 9.75], "texture": "#0"},
				"south": {"uv": [10.75, 8.75, 10.75, 12], "texture": "#0"},
				"west": {"uv": [12.5, 6.5, 15, 9.75], "texture": "#0"},
				"up": {"uv": [10.75, 8.75, 10.75, 11.25], "texture": "#0"},
				"down": {"uv": [10.75, 8.75, 10.75, 11.25], "texture": "#0"}
			}
		},
		{
			"from": [16, 0, -2.5],
			"to": [16, 11, 2.5],
			"rotation": {"angle": 0, "axis": "y", "origin": [16, 0, 0]},
			"faces": {
				"north": {"uv": [10.75, 8.75, 10.75, 11.5], "texture": "#0"},
				"east": {"uv": [11.375, 8.5, 10.125, 11.25], "texture": "#0"},
				"south": {"uv": [10.75, 8.75, 10.75, 11.5], "texture": "#0"},
				"west": {"uv": [10.125, 8.5, 11.375, 11.25], "texture": "#0"},
				"up": {"uv": [10.75, 8.75, 10.75, 10], "texture": "#0"},
				"down": {"uv": [10.75, 8.75, 10.75, 10], "texture": "#0"}
			}
		},
		{
			"from": [0, 0, -2.5],
			"to": [0, 11, 2.5],
			"faces": {
				"north": {"uv": [10.75, 8.75, 10.75, 11.5], "texture": "#0"},
				"east": {"uv": [11.375, 8.5, 10.125, 11.25], "texture": "#0"},
				"south": {"uv": [10.75, 8.75, 10.75, 11.5], "texture": "#0"},
				"west": {"uv": [10.125, 8.5, 11.375, 11.25], "texture": "#0"},
				"up": {"uv": [10.75, 8.75, 10.75, 10], "texture": "#0"},
				"down": {"uv": [10.75, 8.75, 10.75, 10], "texture": "#0"}
			}
		},
		{
			"from": [15.75, 4.2, 3.5],
			"to": [15.75, 17.2, 13.5],
			"rotation": {"angle": 0, "axis": "y", "origin": [16, 0, 0]},
			"faces": {
				"north": {"uv": [10.75, 8.75, 10.75, 12], "texture": "#0"},
				"east": {"uv": [15, 6.5, 12.5, 9.75], "texture": "#0"},
				"south": {"uv": [10.75, 8.75, 10.75, 12], "texture": "#0"},
				"west": {"uv": [12.5, 6.5, 15, 9.75], "texture": "#0"},
				"up": {"uv": [10.75, 8.75, 10.75, 11.25], "texture": "#0"},
				"down": {"uv": [10.75, 8.75, 10.75, 11.25], "texture": "#0"}
			}
		},
		{
			"from": [16.5, 6.9, 3],
			"to": [16.5, 12.4, 19],
			"rotation": {"angle": -22.5, "axis": "x", "origin": [15.75, 14, 4]},
			"faces": {
				"north": {"uv": [0, 0, 0, 5.5], "texture": "#0"},
				"east": {"uv": [4, 0, 0, 1.375], "texture": "#0"},
				"south": {"uv": [0, 0, 0, 5.5], "texture": "#0"},
				"west": {"uv": [0, 0, 4, 1.375], "texture": "#0"},
				"up": {"uv": [0, 16, 0, 0], "texture": "#0"},
				"down": {"uv": [0, 0, 0, 16], "texture": "#0"}
			}
		},
		{
			"from": [0, 2, 2.5],
			"to": [0.5, 8.5, 4.5],
			"rotation": {"angle": 0, "axis": "y", "origin": [0, 8.7, 4.5]},
			"faces": {
				"north": {"uv": [2.625, 9.375, 2.75, 11], "texture": "#0"},
				"east": {"uv": [2.5, 9.75, 2, 11.375], "texture": "#0"},
				"south": {"uv": [2.5, 9.375, 2.625, 11], "texture": "#0"},
				"west": {"uv": [2, 9.75, 2.5, 11.375], "texture": "#0"},
				"up": {"uv": [3.625, 10.5, 3.75, 11], "texture": "#0"},
				"down": {"uv": [3.625, 10.5, 3.75, 11], "texture": "#0"}
			}
		},
		{
			"from": [14, 14, 9],
			"to": [14, 30, 24],
			"rotation": {"angle": 0, "axis": "y", "origin": [16, 0, 16]},
			"faces": {
				"north": {"uv": [0, 0, 0, 16], "texture": "#1"},
				"east": {"uv": [15.5, 0, 0.5, 16], "texture": "#1"},
				"south": {"uv": [0, 0, 0, 16], "texture": "#1"},
				"west": {"uv": [0.5, 0, 15.5, 16], "texture": "#1"},
				"up": {"uv": [0, 16, 0, 0], "rotation": 180, "texture": "#1"},
				"down": {"uv": [0, 16, 0, 0], "rotation": 180, "texture": "#1"}
			}
		},
		{
			"from": [2, 14, 9],
			"to": [2, 30, 24],
			"rotation": {"angle": 0, "axis": "y", "origin": [0, 0, 16]},
			"faces": {
				"north": {"uv": [0, 0, 0, 16], "texture": "#1"},
				"east": {"uv": [15.5, 0, 0.5, 16], "texture": "#1"},
				"south": {"uv": [0, 0, 0, 16], "texture": "#1"},
				"west": {"uv": [0.5, 0, 15.5, 16], "texture": "#1"},
				"up": {"uv": [0, 16, 0, 0], "rotation": 180, "texture": "#1"},
				"down": {"uv": [0, 16, 0, 0], "rotation": 180, "texture": "#1"}
			}
		},
		{
			"from": [0.5, -9, 2.5],
			"to": [0.5, 5, 19.5],
			"rotation": {"angle": 0, "axis": "y", "origin": [-4.98249, -4.92965, 17.28955]},
			"faces": {
				"north": {"uv": [8.125, 16, 8.125, 2], "texture": "#2"},
				"east": {"uv": [0, 14, 16, 0], "texture": "#2"},
				"south": {"uv": [8.125, 16, 8.125, 2], "texture": "#2"},
				"west": {"uv": [16, 14, 0, 0], "texture": "#2"},
				"up": {"uv": [7.5, 0, 7.5, 16], "texture": "#2"},
				"down": {"uv": [6.875, 0, 6.875, 16], "texture": "#2"}
			}
		},
		{
			"from": [15.5, -9, 2.5],
			"to": [15.5, 5, 19.5],
			"rotation": {"angle": 0, "axis": "y", "origin": [20.98249, -4.92965, 17.28955]},
			"faces": {
				"north": {"uv": [8.125, 16, 8.125, 2], "texture": "#2"},
				"east": {"uv": [0, 14, 16, 0], "texture": "#2"},
				"south": {"uv": [8.125, 16, 8.125, 2], "texture": "#2"},
				"west": {"uv": [16, 14, 0, 0], "texture": "#2"},
				"up": {"uv": [7.5, 0, 7.5, 16], "texture": "#2"},
				"down": {"uv": [6.875, 0, 6.875, 16], "texture": "#2"}
			}
		}
	],
	"gui_light": "front",
	"display": {
		"thirdperson_righthand": {
			"rotation": [58.76, 3.25, 7.85],
			"translation": [0, -1.25, 0],
			"scale": [0.3, 0.3, 0.3]
		},
		"thirdperson_lefthand": {
			"rotation": [58.76, 3.25, 7.85],
			"translation": [0, -1.25, 0],
			"scale": [0.3, 0.3, 0.3]
		},
		"firstperson_righthand": {
			"rotation": [-180, 65, -180],
			"translation": [0.5, 2.5, -3.75],
			"scale": [0.54297, 0.54297, 0.54297]
		},
		"firstperson_lefthand": {
			"rotation": [-180, 65, -180],
			"translation": [0.5, 2.5, -3.75],
			"scale": [0.54297, 0.54297, 0.54297]
		},
		"ground": {
			"rotation": [54, 49, -19],
			"translation": [0, 3.25, 0],
			"scale": [0.5, 0.5, 0.5]
		},
		"gui": {
			"rotation": [23, 140, -0.85],
			"translation": [0, -1.75, -2],
			"scale": [0.42656, 0.42656, 0.42656]
		},
		"head": {
			"rotation": [-5, 0, 0],
			"translation": [0, 0.25, -1],
			"scale": [0.94, 0.94, 0.94]
		},
		"fixed": {
			"rotation": [-15, -72.75, 0],
			"translation": [0, -0.5, -8.75],
			"scale": [1.26578, 1.26578, 1.26578]
		}
	},
	"groups": [
		{
			"name": "group",
			"origin": [20.98249, -4.92965, 17.28955],
			"color": 0,
			"boneType": "",
			"children": [
				0,
				1,
				2,
				3,
				4,
				5,
				6,
				7,
				8,
				9,
				10,
				11,
				12,
				13,
				14,
				15,
				16,
				17,
				18,
				19,
				20,
				21,
				22,
				23,
				24,
				25,
				26,
				27,
				28,
				29,
				30,
				31,
				32,
				33,
				34,
				35,
				36,
				37,
				38,
				39,
				40,
				41,
				42,
				43,
				44,
				45,
				46,
				47,
				48,
				49,
				50,
				51,
				52,
				53,
				54,
				55,
				56,
				57,
				58,
				59,
				60,
				61,
				62,
				63,
				64,
				65,
				66,
				67
			]
		}
	]
}