{
	"credit": "Made with Blockbench",
	"texture_size": [64, 64],
	"textures": {
		"0": "item/abyss/tex4",
		"1": "item/abyss/hornfire",
		"particle": "item/abyss/tex4"
	},
	"elements": [
		{
			"from": [5.8, 6, 5.85],
			"to": [9.8, 15, 9.85],
			"rotation": {"angle": 45, "axis": "y", "origin": [8.1, 18.5, 7.5]},
			"faces": {
				"north": {"uv": [6.5, 2.25, 7.5, 0], "texture": "#0"},
				"east": {"uv": [7.5, 2.25, 6.5, 0], "texture": "#0"},
				"south": {"uv": [6.5, 2.25, 7.5, 0], "texture": "#0"},
				"west": {"uv": [7.5, 2.25, 6.5, 0], "texture": "#0"},
				"up": {"uv": [10.25, 4.25, 9.25, 5.25], "rotation": 270, "texture": "#0"},
				"down": {"uv": [10.25, 4.25, 9.25, 5.25], "rotation": 90, "texture": "#0"}
			}
		},
		{
			"from": [5.2, 15, 5.35],
			"to": [10.2, 17, 10.35],
			"rotation": {"angle": 45, "axis": "y", "origin": [8, 18.5, 7.5]},
			"faces": {
				"north": {"uv": [7.5, 3, 8.75, 2.5], "texture": "#0"},
				"east": {"uv": [8.75, 3, 7.5, 2.5], "texture": "#0"},
				"south": {"uv": [7.5, 3, 8.75, 2.5], "texture": "#0"},
				"west": {"uv": [8.75, 3, 7.5, 2.5], "texture": "#0"},
				"up": {"uv": [8.75, 0, 7.5, 1.25], "rotation": 270, "texture": "#0"},
				"down": {"uv": [8.75, 1.25, 7.5, 2.5], "rotation": 90, "texture": "#0"}
			}
		},
		{
			"from": [3.74651, 5.82175, 7.5],
			"to": [5.24651, 9.82175, 8.5],
			"rotation": {"angle": 22.5, "axis": "z", "origin": [5.29211, 8.53662, 8]},
			"faces": {
				"north": {"uv": [4.5, 3.125, 5.5, 2.75], "rotation": 90, "texture": "#0"},
				"east": {"uv": [4.25, 3.375, 4, 4.375], "texture": "#0"},
				"south": {"uv": [5.5, 3.125, 4.5, 2.75], "rotation": 270, "texture": "#0"},
				"west": {"uv": [4.5, 3.5, 4.25, 4.5], "rotation": 180, "texture": "#0"},
				"up": {"uv": [4.25, 3.5, 4.5, 3.125], "rotation": 270, "texture": "#0"},
				"down": {"uv": [4.25, 3.125, 4.5, 2.75], "rotation": 270, "texture": "#0"}
			}
		},
		{
			"from": [4.7524, 2.00741, 7.75],
			"to": [6.2524, 6.00741, 8.25],
			"rotation": {"angle": 0, "axis": "y", "origin": [5.29211, 8.53662, 8]},
			"faces": {
				"north": {"uv": [4.625, 3.625, 5.625, 3.25], "rotation": 90, "texture": "#0"},
				"east": {"uv": [4.625, 3.625, 4.5, 4.625], "texture": "#0"},
				"south": {"uv": [5.625, 3.625, 4.625, 3.25], "rotation": 270, "texture": "#0"},
				"west": {"uv": [4.75, 3.625, 4.625, 4.625], "rotation": 180, "texture": "#0"},
				"up": {"uv": [4.5, 3.625, 4.625, 3.25], "rotation": 270, "texture": "#0"},
				"down": {"uv": [4.5, 3.625, 4.625, 3.25], "rotation": 270, "texture": "#0"}
			}
		},
		{
			"from": [3.36814, 9.12941, 7.25],
			"to": [5.36814, 12.12941, 8.75],
			"rotation": {"angle": 0, "axis": "y", "origin": [5.29211, 8.53662, 8]},
			"faces": {
				"north": {"uv": [1.625, 5.625, 2.375, 5.125], "rotation": 90, "texture": "#0"},
				"east": {"uv": [2.75, 5.125, 2.375, 5.875], "texture": "#0"},
				"south": {"uv": [2.375, 5.625, 1.625, 5.125], "rotation": 270, "texture": "#0"},
				"west": {"uv": [3.125, 5.375, 2.75, 6.125], "rotation": 180, "texture": "#0"},
				"up": {"uv": [1.25, 5.625, 1.625, 5.125], "rotation": 270, "texture": "#0"},
				"down": {"uv": [1.25, 5.625, 1.625, 5.125], "rotation": 270, "texture": "#0"}
			}
		},
		{
			"from": [-0.05, 3, 8],
			"to": [5.45, 16, 8],
			"rotation": {"angle": 0, "axis": "y", "origin": [15.05, 15, 4]},
			"faces": {
				"north": {"uv": [1, 1.375, 4.25, 0], "rotation": 90, "texture": "#0"},
				"east": {"uv": [1, 3.25, 1, 0], "texture": "#0"},
				"south": {"uv": [4.25, 1.375, 1, 0], "rotation": 270, "texture": "#0"},
				"west": {"uv": [1, 0, 1, 3.25], "rotation": 180, "texture": "#0"},
				"up": {"uv": [1, 1.375, 1, 0], "rotation": 270, "texture": "#0"},
				"down": {"uv": [1, 1.375, 1, 0], "rotation": 270, "texture": "#0"}
			}
		},
		{
			"from": [2.11457, 11.14058, 7],
			"to": [4.61457, 14.14058, 9],
			"rotation": {"angle": -22.5, "axis": "z", "origin": [5.29211, 8.53662, 8]},
			"faces": {
				"north": {"uv": [3.25, 4.625, 4, 4], "rotation": 90, "texture": "#0"},
				"east": {"uv": [3.25, 4.625, 2.75, 5.375], "texture": "#0"},
				"south": {"uv": [4, 4.625, 3.25, 4], "rotation": 270, "texture": "#0"},
				"west": {"uv": [3.75, 4.625, 3.25, 5.375], "rotation": 180, "texture": "#0"},
				"up": {"uv": [2.75, 4.625, 3.25, 4], "rotation": 270, "texture": "#0"},
				"down": {"uv": [3.5, 4, 4, 3.375], "rotation": 270, "texture": "#0"}
			}
		},
		{
			"from": [9.9976, 2.00741, 7.75],
			"to": [11.4976, 6.00741, 8.25],
			"rotation": {"angle": 0, "axis": "y", "origin": [10.95789, 8.53662, 8]},
			"faces": {
				"north": {"uv": [4.625, 3.25, 5.625, 3.625], "rotation": 90, "texture": "#0"},
				"east": {"uv": [4.625, 3.625, 4.75, 4.625], "rotation": 180, "texture": "#0"},
				"south": {"uv": [5.625, 3.25, 4.625, 3.625], "rotation": 270, "texture": "#0"},
				"west": {"uv": [4.5, 3.625, 4.625, 4.625], "texture": "#0"},
				"up": {"uv": [4.5, 3.25, 4.625, 3.625], "rotation": 270, "texture": "#0"},
				"down": {"uv": [4.5, 3.25, 4.625, 3.625], "rotation": 270, "texture": "#0"}
			}
		},
		{
			"from": [11.00349, 5.82175, 7.5],
			"to": [12.50349, 9.82175, 8.5],
			"rotation": {"angle": -22.5, "axis": "z", "origin": [10.95789, 8.53662, 8]},
			"faces": {
				"north": {"uv": [4.5, 2.75, 5.5, 3.125], "rotation": 90, "texture": "#0"},
				"east": {"uv": [4.25, 3.5, 4.5, 4.5], "rotation": 180, "texture": "#0"},
				"south": {"uv": [5.5, 2.75, 4.5, 3.125], "rotation": 270, "texture": "#0"},
				"west": {"uv": [4, 3.375, 4.25, 4.375], "texture": "#0"},
				"up": {"uv": [4.25, 3.125, 4.5, 3.5], "rotation": 270, "texture": "#0"},
				"down": {"uv": [4.25, 2.75, 4.5, 3.125], "rotation": 270, "texture": "#0"}
			}
		},
		{
			"from": [10.88186, 9.12941, 7.25],
			"to": [12.88186, 12.12941, 8.75],
			"rotation": {"angle": 0, "axis": "y", "origin": [10.95789, 8.53662, 8]},
			"faces": {
				"north": {"uv": [1.625, 5.125, 2.375, 5.625], "rotation": 90, "texture": "#0"},
				"east": {"uv": [2.75, 5.375, 3.125, 6.125], "rotation": 180, "texture": "#0"},
				"south": {"uv": [2.375, 5.125, 1.625, 5.625], "rotation": 270, "texture": "#0"},
				"west": {"uv": [2.375, 5.125, 2.75, 5.875], "texture": "#0"},
				"up": {"uv": [1.25, 5.125, 1.625, 5.625], "rotation": 270, "texture": "#0"},
				"down": {"uv": [1.25, 5.125, 1.625, 5.625], "rotation": 270, "texture": "#0"}
			}
		},
		{
			"from": [11.63543, 11.14058, 7],
			"to": [14.13543, 14.14058, 9],
			"rotation": {"angle": 22.5, "axis": "z", "origin": [10.95789, 8.53662, 8]},
			"faces": {
				"north": {"uv": [3.25, 4, 4, 4.625], "rotation": 90, "texture": "#0"},
				"east": {"uv": [3.25, 4.625, 3.75, 5.375], "rotation": 180, "texture": "#0"},
				"south": {"uv": [4, 4, 3.25, 4.625], "rotation": 270, "texture": "#0"},
				"west": {"uv": [2.75, 4.625, 3.25, 5.375], "texture": "#0"},
				"up": {"uv": [2.75, 4, 3.25, 4.625], "rotation": 270, "texture": "#0"},
				"down": {"uv": [3.5, 3.375, 4, 4], "rotation": 270, "texture": "#0"}
			}
		},
		{
			"from": [7.4, 12.76545, 10.61356],
			"to": [8.9, 14.76545, 12.61356],
			"rotation": {"angle": -45, "axis": "x", "origin": [8.15, 12.55, 10.6]},
			"faces": {
				"north": {"uv": [5.125, 4.75, 5.5, 4.25], "texture": "#0"},
				"east": {"uv": [5.125, 4.25, 5.625, 3.75], "texture": "#0"},
				"south": {"uv": [5.125, 4.75, 5.5, 4.25], "texture": "#0"},
				"west": {"uv": [5.625, 4.25, 5.125, 3.75], "texture": "#0"},
				"up": {"uv": [5.125, 4.25, 4.75, 4.75], "texture": "#0"},
				"down": {"uv": [5.125, 3.75, 4.75, 4.25], "texture": "#0"}
			}
		},
		{
			"from": [7.65, 14.11902, 10.06133],
			"to": [8.65, 16.11902, 11.56133],
			"rotation": {"angle": 22.5, "axis": "x", "origin": [8.15, 14.05, 11.85]},
			"faces": {
				"north": {"uv": [2, 6.25, 2.25, 5.75], "rotation": 180, "texture": "#0"},
				"east": {"uv": [2, 5.75, 1.5, 6.125], "rotation": 270, "texture": "#0"},
				"south": {"uv": [2.5, 6.375, 2.75, 5.875], "rotation": 180, "texture": "#0"},
				"west": {"uv": [1.5, 5.75, 2, 6.125], "rotation": 90, "texture": "#0"},
				"up": {"uv": [1.5, 5.75, 1.25, 6.125], "rotation": 180, "texture": "#0"},
				"down": {"uv": [1.5, 5.75, 1.25, 6.125], "texture": "#0"}
			}
		},
		{
			"from": [7.9, 16.07992, 11.36476],
			"to": [8.4, 18.07992, 12.36476],
			"rotation": {"angle": 0, "axis": "y", "origin": [8.15, 16.05, 12.35]},
			"faces": {
				"north": {"uv": [2.375, 6.625, 2.5, 6.125], "texture": "#0"},
				"east": {"uv": [2, 6.125, 1.5, 6.375], "rotation": 270, "texture": "#0"},
				"south": {"uv": [2.25, 6.25, 2.375, 5.75], "rotation": 180, "texture": "#0"},
				"west": {"uv": [1.5, 6.125, 2, 6.375], "rotation": 90, "texture": "#0"},
				"up": {"uv": [2.5, 5.875, 2.375, 6.125], "rotation": 180, "texture": "#0"},
				"down": {"uv": [2.5, 5.875, 2.375, 6.125], "texture": "#0"}
			}
		},
		{
			"from": [7.75, 15.82992, 3.63524],
			"to": [8.25, 17.82992, 4.63524],
			"rotation": {"angle": 0, "axis": "y", "origin": [8, 15.8, 3.65]},
			"faces": {
				"north": {"uv": [2.375, 6.25, 2.25, 5.75], "rotation": 180, "texture": "#0"},
				"east": {"uv": [2, 6.375, 1.5, 6.125], "rotation": 270, "texture": "#0"},
				"south": {"uv": [2.5, 6.625, 2.375, 6.125], "texture": "#0"},
				"west": {"uv": [1.5, 6.375, 2, 6.125], "rotation": 90, "texture": "#0"},
				"up": {"uv": [2.5, 6.125, 2.375, 5.875], "rotation": 180, "texture": "#0"},
				"down": {"uv": [2.5, 6.125, 2.375, 5.875], "texture": "#0"}
			}
		},
		{
			"from": [7.5, 13.86902, 4.43867],
			"to": [8.5, 15.86902, 5.93867],
			"rotation": {"angle": -22.5, "axis": "x", "origin": [8, 13.8, 4.15]},
			"faces": {
				"north": {"uv": [2.75, 6.375, 2.5, 5.875], "rotation": 180, "texture": "#0"},
				"east": {"uv": [2, 6.125, 1.5, 5.75], "rotation": 270, "texture": "#0"},
				"south": {"uv": [2.25, 6.25, 2, 5.75], "rotation": 180, "texture": "#0"},
				"west": {"uv": [1.5, 6.125, 2, 5.75], "rotation": 90, "texture": "#0"},
				"up": {"uv": [1.5, 6.125, 1.25, 5.75], "rotation": 180, "texture": "#0"},
				"down": {"uv": [1.5, 6.125, 1.25, 5.75], "texture": "#0"}
			}
		},
		{
			"from": [7.25, 12.51545, 3.38644],
			"to": [8.75, 14.51545, 5.38644],
			"rotation": {"angle": 45, "axis": "x", "origin": [8, 12.3, 5.4]},
			"faces": {
				"north": {"uv": [5.5, 4.75, 5.125, 4.25], "texture": "#0"},
				"east": {"uv": [5.625, 4.25, 5.125, 3.75], "texture": "#0"},
				"south": {"uv": [5.5, 4.75, 5.125, 4.25], "texture": "#0"},
				"west": {"uv": [5.125, 4.25, 5.625, 3.75], "texture": "#0"},
				"up": {"uv": [5.125, 4.75, 4.75, 4.25], "texture": "#0"},
				"down": {"uv": [5.125, 4.25, 4.75, 3.75], "texture": "#0"}
			}
		},
		{
			"from": [5.15, 3, 5],
			"to": [11.15, 6, 11],
			"rotation": {"angle": 0, "axis": "y", "origin": [0, 0, 16]},
			"faces": {
				"north": {"uv": [14.5, 7.75, 15.25, 9.25], "rotation": 90, "texture": "#0"},
				"east": {"uv": [10.75, 7.75, 11.5, 9.25], "rotation": 270, "texture": "#0"},
				"south": {"uv": [14.5, 7.75, 15.25, 9.25], "rotation": 270, "texture": "#0"},
				"west": {"uv": [15.25, 7.75, 16, 9.25], "rotation": 270, "texture": "#0"},
				"up": {"uv": [13, 7.75, 14.5, 9.25], "rotation": 270, "texture": "#0"},
				"down": {"uv": [11.5, 7.75, 13, 9.25], "rotation": 270, "texture": "#0"}
			}
		},
		{
			"from": [3.5, 16, 7],
			"to": [10.5, 25, 7],
			"faces": {
				"north": {"uv": [7.875, 3.625, 9.625, 5.875], "rotation": 180, "texture": "#0"},
				"east": {"uv": [9.75, 8.375, 9.75, 10.625], "texture": "#0"},
				"south": {"uv": [7.875, 5.875, 9.625, 3.625], "texture": "#0"},
				"west": {"uv": [9.5, 8.375, 9.5, 10.625], "texture": "#0"},
				"up": {"uv": [6.875, 8.875, 6.875, 11.125], "rotation": 270, "texture": "#0"},
				"down": {"uv": [6.875, 8.875, 6.875, 11.125], "rotation": 270, "texture": "#0"}
			}
		},
		{
			"from": [6.5, 14, 6.5],
			"to": [7.5, 20, 7.5],
			"faces": {
				"north": {"uv": [8.875, 10, 9.125, 11.5], "rotation": 180, "texture": "#0"},
				"east": {"uv": [9.375, 10, 9.625, 11.5], "texture": "#0"},
				"south": {"uv": [8.875, 10, 9.125, 11.5], "texture": "#0"},
				"west": {"uv": [9.125, 10, 9.375, 11.5], "texture": "#0"},
				"up": {"uv": [9.375, 9.75, 9.625, 10], "rotation": 270, "texture": "#0"},
				"down": {"uv": [9.375, 9.75, 9.625, 10], "rotation": 270, "texture": "#0"}
			}
		},
		{
			"from": [8.5, 14, 8.5],
			"to": [9.5, 20, 9.5],
			"faces": {
				"north": {"uv": [8.875, 10, 9.125, 11.5], "rotation": 180, "texture": "#0"},
				"east": {"uv": [9.375, 10, 9.625, 11.5], "texture": "#0"},
				"south": {"uv": [8.875, 10, 9.125, 11.5], "texture": "#0"},
				"west": {"uv": [9.125, 10, 9.375, 11.5], "texture": "#0"},
				"up": {"uv": [9.375, 9.75, 9.625, 10], "rotation": 270, "texture": "#0"},
				"down": {"uv": [9.375, 9.75, 9.625, 10], "rotation": 270, "texture": "#0"}
			}
		},
		{
			"from": [5.5, 16, 9],
			"to": [12.5, 25, 9],
			"faces": {
				"north": {"uv": [7.875, 3.625, 9.625, 5.875], "rotation": 180, "texture": "#0"},
				"east": {"uv": [9.75, 8.375, 9.75, 10.625], "texture": "#0"},
				"south": {"uv": [7.875, 5.875, 9.625, 3.625], "texture": "#0"},
				"west": {"uv": [9.5, 8.375, 9.5, 10.625], "texture": "#0"},
				"up": {"uv": [6.875, 8.875, 6.875, 11.125], "rotation": 270, "texture": "#0"},
				"down": {"uv": [6.875, 8.875, 6.875, 11.125], "rotation": 270, "texture": "#0"}
			}
		},
		{
			"from": [7, 4, 8],
			"to": [21, 21, 8],
			"rotation": {"angle": 0, "axis": "y", "origin": [18.91751, 18.37437, 7.95]},
			"faces": {
				"north": {"uv": [0, 14, 16, 0], "rotation": 90, "texture": "#1"},
				"east": {"uv": [6.875, 0, 6.875, 16], "texture": "#1"},
				"south": {"uv": [16, 14, 0, 0], "rotation": 270, "texture": "#1"},
				"west": {"uv": [7.5, 0, 7.5, 16], "rotation": 180, "texture": "#1"},
				"up": {"uv": [8.125, 16, 8.125, 2], "rotation": 270, "texture": "#1"},
				"down": {"uv": [8.125, 16, 8.125, 2], "rotation": 270, "texture": "#1"}
			}
		}
	],
	"gui_light": "front",
	"display": {
		"thirdperson_righthand": {
			"rotation": [70.94, 4.66, -40.14],
			"translation": [-1, 1.25, 0.75],
			"scale": [0.60766, 0.60766, 0.60766]
		},
		"thirdperson_lefthand": {
			"rotation": [70.94, 180, -40.14],
			"translation": [-5, -7.25, 7.25],
			"scale": [1.01, 1.01, 1.01]
		},
		"firstperson_righthand": {
			"rotation": [-175.56, 80, 170],
			"translation": [0.5, 2.75, 1.5],
			"scale": [0.5, 0.5, 0.5]
		},
		"firstperson_lefthand": {
			"rotation": [-175.56, 80, 173],
			"translation": [0.5, 2.75, 1.5],
			"scale": [0, 0, 0]
		},
		"ground": {
			"rotation": [76, 52, 0],
			"translation": [0, 0.5, 0],
			"scale": [0.75977, 0.75977, 0.75977]
		},
		"gui": {
			"rotation": [20, -165, -41],
			"translation": [1.75, -2, -2],
			"scale": [0.66984, 0.66984, 0.66984]
		},
		"head": {
			"rotation": [90, -168, 90],
			"translation": [-3.25, 10.75, 0],
			"scale": [0.96625, 0.96625, 0.96625]
		},
		"fixed": {
			"rotation": [0, 0, -45],
			"translation": [-4.75, -5.75, -1.25],
			"scale": [1.98906, 1.98906, 1.98906]
		}
	},
	"groups": [
		{
			"name": "group",
			"origin": [18.91751, 18.37437, 7.95],
			"color": 0,
			"boneType": "",
			"children": [0, 1, 2, 3, 4, 5, 6, 7, 8, 9, 10, 11, 12, 13, 14, 15, 16, 17, 18, 19, 20, 21, 22]
		}
	]
}