{
	"credit": "Made with Blockbench",
	"texture_size": [64, 64],
	"textures": {
		"0": "item/abyss/tex3",
		"1": "item/abyss/hornfire",
		"2": "item/abyss/fire",
		"particle": "item/abyss/tex3"
	},
	"elements": [
		{
			"from": [2.37011, -1.77231, 6.25],
			"to": [4.37011, 1.72769, 7.75],
			"rotation": {"angle": 0, "axis": "y", "origin": [-3.26204, 9.52628, 7.125]},
			"faces": {
				"north": {"uv": [6.875, 11.375, 6.375, 12.25], "texture": "#0"},
				"east": {"uv": [6.375, 10.875, 6, 11.75], "texture": "#0"},
				"south": {"uv": [6.375, 11.375, 6.875, 12.25], "texture": "#0"},
				"west": {"uv": [6, 10.875, 5.625, 11.75], "texture": "#0"},
				"up": {"uv": [5.625, 12.25, 6, 11.75], "rotation": 90, "texture": "#0"},
				"down": {"uv": [6, 12.25, 6.375, 11.75], "rotation": 270, "texture": "#0"}
			}
		},
		{
			"from": [-1.15342, -1.78981, 6.25],
			"to": [2.34658, 1.21019, 7.75],
			"rotation": {"angle": 0, "axis": "y", "origin": [-3.26204, 9.52628, 7.125]},
			"faces": {
				"north": {"uv": [7.375, 10, 8.125, 9.125], "rotation": 270, "texture": "#0"},
				"east": {"uv": [7.625, 8.375, 7.125, 9.125], "texture": "#0"},
				"south": {"uv": [8.125, 10, 7.375, 9.125], "rotation": 90, "texture": "#0"},
				"west": {"uv": [0.5, 4, 0, 4.75], "rotation": 180, "texture": "#0"},
				"up": {"uv": [7.625, 9.125, 8.125, 8.25], "rotation": 90, "texture": "#0"},
				"down": {"uv": [6.875, 10, 7.375, 9.125], "rotation": 90, "texture": "#0"}
			}
		},
		{
			"from": [-0.14581, 12.24845, 7],
			"to": [5.35419, 28.24845, 7],
			"rotation": {"angle": 22.5, "axis": "z", "origin": [-3.26204, 9.52628, 7.125]},
			"faces": {
				"north": {"uv": [0, 1.375, 4, 0], "rotation": 270, "texture": "#0"},
				"east": {"uv": [0, 0, 0, 16], "texture": "#0"},
				"south": {"uv": [4, 1.375, 0, 0], "rotation": 90, "texture": "#0"},
				"west": {"uv": [0, 16, 0, 0], "rotation": 180, "texture": "#0"},
				"up": {"uv": [0, 5.5, 0, 0], "rotation": 90, "texture": "#0"},
				"down": {"uv": [0, 5.5, 0, 0], "rotation": 90, "texture": "#0"}
			}
		},
		{
			"from": [-1.60106, 23.77024, 6.75],
			"to": [-0.10106, 27.77024, 7.25],
			"rotation": {"angle": 22.5, "axis": "z", "origin": [-3.26204, 9.52628, 7.125]},
			"faces": {
				"north": {"uv": [5.625, 3.25, 4.625, 3.625], "rotation": 90, "texture": "#0"},
				"east": {"uv": [4.625, 4.625, 4.75, 3.625], "rotation": 180, "texture": "#0"},
				"south": {"uv": [4.625, 3.25, 5.625, 3.625], "rotation": 270, "texture": "#0"},
				"west": {"uv": [4.5, 4.625, 4.625, 3.625], "texture": "#0"},
				"up": {"uv": [4.625, 3.25, 4.5, 3.625], "rotation": 270, "texture": "#0"},
				"down": {"uv": [4.625, 3.25, 4.5, 3.625], "rotation": 270, "texture": "#0"}
			}
		},
		{
			"from": [-15.79682, 16.47666, 6.5],
			"to": [-11.79682, 17.97666, 7.5],
			"rotation": {"angle": -45, "axis": "z", "origin": [-3.26204, 9.52628, 7.125]},
			"faces": {
				"north": {"uv": [5.5, 2.75, 4.5, 3.125], "rotation": 180, "texture": "#0"},
				"east": {"uv": [4.5, 3.125, 4.25, 3.5], "rotation": 180, "texture": "#0"},
				"south": {"uv": [4.5, 2.75, 5.5, 3.125], "rotation": 180, "texture": "#0"},
				"west": {"uv": [4.5, 2.75, 4.25, 3.125], "rotation": 180, "texture": "#0"},
				"up": {"uv": [4.25, 4.5, 4.5, 3.5], "rotation": 90, "texture": "#0"},
				"down": {"uv": [4, 4.375, 4.25, 3.375], "rotation": 270, "texture": "#0"}
			}
		},
		{
			"from": [-0.71681, 17.64825, 6.25],
			"to": [1.28319, 20.64825, 7.75],
			"rotation": {"angle": 22.5, "axis": "z", "origin": [-3.26204, 9.52628, 7.125]},
			"faces": {
				"north": {"uv": [1.625, 5.625, 2.375, 5.125], "rotation": 270, "texture": "#0"},
				"east": {"uv": [3.125, 5.375, 2.75, 6.125], "texture": "#0"},
				"south": {"uv": [2.375, 5.625, 1.625, 5.125], "rotation": 90, "texture": "#0"},
				"west": {"uv": [2.75, 5.125, 2.375, 5.875], "rotation": 180, "texture": "#0"},
				"up": {"uv": [1.25, 5.625, 1.625, 5.125], "rotation": 90, "texture": "#0"},
				"down": {"uv": [1.25, 5.625, 1.625, 5.125], "rotation": 90, "texture": "#0"}
			}
		},
		{
			"from": [-4.64581, 15.74845, 6],
			"to": [-2.14581, 18.74845, 8],
			"rotation": {"angle": 0, "axis": "y", "origin": [-3.26204, 9.52628, 7.125]},
			"faces": {
				"north": {"uv": [3.25, 4.625, 4, 4], "rotation": 270, "texture": "#0"},
				"east": {"uv": [3.75, 4.625, 3.25, 5.375], "texture": "#0"},
				"south": {"uv": [4, 4.625, 3.25, 4], "rotation": 90, "texture": "#0"},
				"west": {"uv": [3.25, 4.625, 2.75, 5.375], "rotation": 180, "texture": "#0"},
				"up": {"uv": [3.5, 4, 4, 3.375], "rotation": 90, "texture": "#0"},
				"down": {"uv": [2.75, 4.625, 3.25, 4], "rotation": 90, "texture": "#0"}
			}
		},
		{
			"from": [4.82992, -4.16476, 6.75],
			"to": [6.82992, -3.16476, 7.25],
			"rotation": {"angle": -22.5, "axis": "z", "origin": [-3.26204, 9.52628, 7.125]},
			"faces": {
				"north": {"uv": [2, 6.125, 1.5, 6.375], "rotation": 180, "texture": "#0"},
				"east": {"uv": [2.5, 5.875, 2.375, 6.125], "rotation": 180, "texture": "#0"},
				"south": {"uv": [1.5, 6.125, 2, 6.375], "rotation": 180, "texture": "#0"},
				"west": {"uv": [2.5, 5.875, 2.375, 6.125], "rotation": 180, "texture": "#0"},
				"up": {"uv": [2.375, 6.625, 2.5, 6.125], "rotation": 90, "texture": "#0"},
				"down": {"uv": [2.25, 6.25, 2.375, 5.75], "rotation": 270, "texture": "#0"}
			}
		},
		{
			"from": [7.44992, -0.0385, 6.5],
			"to": [9.44992, 1.4615, 7.5],
			"rotation": {"angle": -45, "axis": "z", "origin": [-3.26204, 9.52628, 7.125]},
			"faces": {
				"north": {"uv": [2, 5.75, 1.5, 6.125], "rotation": 180, "texture": "#0"},
				"east": {"uv": [1.5, 5.75, 1.25, 6.125], "rotation": 180, "texture": "#0"},
				"south": {"uv": [1.5, 5.75, 2, 6.125], "rotation": 180, "texture": "#0"},
				"west": {"uv": [1.5, 5.75, 1.25, 6.125], "rotation": 180, "texture": "#0"},
				"up": {"uv": [2, 6.25, 2.25, 5.75], "rotation": 270, "texture": "#0"},
				"down": {"uv": [2.5, 6.375, 2.75, 5.875], "rotation": 270, "texture": "#0"}
			}
		},
		{
			"from": [-8.2539, -4.14629, 6.25],
			"to": [-6.2539, -2.14629, 7.75],
			"rotation": {"angle": 22.5, "axis": "z", "origin": [-3.26204, 9.52628, 7.125]},
			"faces": {
				"north": {"uv": [5.125, 4.25, 5.625, 3.75], "rotation": 270, "texture": "#0"},
				"east": {"uv": [5.125, 4.25, 4.75, 4.75], "texture": "#0"},
				"south": {"uv": [5.625, 4.25, 5.125, 3.75], "rotation": 90, "texture": "#0"},
				"west": {"uv": [5.125, 3.75, 4.75, 4.25], "rotation": 180, "texture": "#0"},
				"up": {"uv": [5.125, 4.75, 5.5, 4.25], "rotation": 90, "texture": "#0"},
				"down": {"uv": [5.125, 4.75, 5.5, 4.25], "rotation": 90, "texture": "#0"}
			}
		},
		{
			"from": [-3.64581, -3.25155, 6],
			"to": [-1.14581, 15.74845, 8],
			"rotation": {"angle": 0, "axis": "y", "origin": [-3.26204, 9.52628, 7.125]},
			"faces": {
				"north": {"uv": [1.75, 2.625, 6.5, 2], "rotation": 270, "texture": "#0"},
				"east": {"uv": [1, 4, 0.5, 8.75], "texture": "#0"},
				"south": {"uv": [6.5, 2.625, 1.75, 2], "rotation": 90, "texture": "#0"},
				"west": {"uv": [0.5, 4, 0, 8.75], "rotation": 180, "texture": "#0"},
				"up": {"uv": [1.25, 3.25, 1.75, 2.625], "rotation": 90, "texture": "#0"},
				"down": {"uv": [1.25, 2.625, 1.75, 2], "rotation": 90, "texture": "#0"}
			}
		},
		{
			"from": [-5.71005, 7.22893, 5.5],
			"to": [-3.21005, 14.22893, 8.5],
			"rotation": {"angle": -22.5, "axis": "z", "origin": [-3.26204, 9.52628, 7.125]},
			"faces": {
				"north": {"uv": [2.5, 3.375, 4.25, 2.75], "rotation": 270, "texture": "#0"},
				"east": {"uv": [2.75, 3.375, 2, 5.125], "texture": "#0"},
				"south": {"uv": [3.625, 5.375, 5.375, 4.75], "rotation": 90, "texture": "#0"},
				"west": {"uv": [2, 3.375, 1.25, 5.125], "rotation": 180, "texture": "#0"},
				"up": {"uv": [2.75, 4, 3.5, 3.375], "rotation": 90, "texture": "#0"},
				"down": {"uv": [1.75, 3.375, 2.5, 2.75], "rotation": 90, "texture": "#0"}
			}
		},
		{
			"from": [-6.57021, 1.60489, 5.75],
			"to": [-4.57021, 9.60489, 8.25],
			"rotation": {"angle": 22.5, "axis": "z", "origin": [-3.26204, 9.52628, 7.125]},
			"faces": {
				"north": {"uv": [0.625, 2, 2.625, 1.5], "rotation": 270, "texture": "#0"},
				"east": {"uv": [0.625, 2, 0, 4], "texture": "#0"},
				"south": {"uv": [2.625, 2, 0.625, 1.5], "rotation": 90, "texture": "#0"},
				"west": {"uv": [1.25, 2, 0.625, 4], "rotation": 180, "texture": "#0"},
				"up": {"uv": [0, 2, 0.625, 1.5], "rotation": 90, "texture": "#0"},
				"down": {"uv": [0, 2, 0.625, 1.5], "rotation": 90, "texture": "#0"}
			}
		},
		{
			"from": [20.57021, 1.60489, 5.75],
			"to": [22.57021, 9.60489, 8.25],
			"rotation": {"angle": -22.5, "axis": "z", "origin": [19.26204, 9.52628, 7.125]},
			"faces": {
				"north": {"uv": [0.625, 1.5, 2.625, 2], "rotation": 270, "texture": "#0"},
				"east": {"uv": [0.625, 2, 1.25, 4], "rotation": 180, "texture": "#0"},
				"south": {"uv": [2.625, 1.5, 0.625, 2], "rotation": 90, "texture": "#0"},
				"west": {"uv": [0, 2, 0.625, 4], "texture": "#0"},
				"up": {"uv": [0, 1.5, 0.625, 2], "rotation": 90, "texture": "#0"},
				"down": {"uv": [0, 1.5, 0.625, 2], "rotation": 90, "texture": "#0"}
			}
		},
		{
			"from": [19.21005, 7.22893, 5.5],
			"to": [21.71005, 14.22893, 8.5],
			"rotation": {"angle": 22.5, "axis": "z", "origin": [19.26204, 9.52628, 7.125]},
			"faces": {
				"north": {"uv": [2.5, 2.75, 4.25, 3.375], "rotation": 270, "texture": "#0"},
				"east": {"uv": [1.25, 3.375, 2, 5.125], "rotation": 180, "texture": "#0"},
				"south": {"uv": [3.625, 4.75, 5.375, 5.375], "rotation": 90, "texture": "#0"},
				"west": {"uv": [2, 3.375, 2.75, 5.125], "texture": "#0"},
				"up": {"uv": [2.75, 3.375, 3.5, 4], "rotation": 90, "texture": "#0"},
				"down": {"uv": [1.75, 2.75, 2.5, 3.375], "rotation": 90, "texture": "#0"}
			}
		},
		{
			"from": [17.14581, -3.25155, 6],
			"to": [19.64581, 15.74845, 8],
			"rotation": {"angle": 0, "axis": "y", "origin": [19.26204, 9.52628, 7.125]},
			"faces": {
				"north": {"uv": [1.75, 2, 6.5, 2.625], "rotation": 270, "texture": "#0"},
				"east": {"uv": [0, 4, 0.5, 8.75], "rotation": 180, "texture": "#0"},
				"south": {"uv": [6.5, 2, 1.75, 2.625], "rotation": 90, "texture": "#0"},
				"west": {"uv": [0.5, 4, 1, 8.75], "texture": "#0"},
				"up": {"uv": [1.25, 2.625, 1.75, 3.25], "rotation": 90, "texture": "#0"},
				"down": {"uv": [1.25, 2, 1.75, 2.625], "rotation": 90, "texture": "#0"}
			}
		},
		{
			"from": [22.2539, -4.14629, 6.25],
			"to": [24.2539, -2.14629, 7.75],
			"rotation": {"angle": -22.5, "axis": "z", "origin": [19.26204, 9.52628, 7.125]},
			"faces": {
				"north": {"uv": [5.125, 3.75, 5.625, 4.25], "rotation": 270, "texture": "#0"},
				"east": {"uv": [4.75, 3.75, 5.125, 4.25], "rotation": 180, "texture": "#0"},
				"south": {"uv": [5.625, 3.75, 5.125, 4.25], "rotation": 90, "texture": "#0"},
				"west": {"uv": [4.75, 4.25, 5.125, 4.75], "texture": "#0"},
				"up": {"uv": [5.125, 4.25, 5.5, 4.75], "rotation": 90, "texture": "#0"},
				"down": {"uv": [5.125, 4.25, 5.5, 4.75], "rotation": 90, "texture": "#0"}
			}
		},
		{
			"from": [6.55008, -0.0385, 6.5],
			"to": [8.55008, 1.4615, 7.5],
			"rotation": {"angle": 45, "axis": "z", "origin": [19.26204, 9.52628, 7.125]},
			"faces": {
				"north": {"uv": [1.5, 5.75, 2, 6.125], "rotation": 180, "texture": "#0"},
				"east": {"uv": [1.25, 5.75, 1.5, 6.125], "rotation": 180, "texture": "#0"},
				"south": {"uv": [2, 5.75, 1.5, 6.125], "rotation": 180, "texture": "#0"},
				"west": {"uv": [1.25, 5.75, 1.5, 6.125], "rotation": 180, "texture": "#0"},
				"up": {"uv": [2, 5.75, 2.25, 6.25], "rotation": 270, "texture": "#0"},
				"down": {"uv": [2.5, 5.875, 2.75, 6.375], "rotation": 270, "texture": "#0"}
			}
		},
		{
			"from": [9.17008, -4.16476, 6.75],
			"to": [11.17008, -3.16476, 7.25],
			"rotation": {"angle": 22.5, "axis": "z", "origin": [19.26204, 9.52628, 7.125]},
			"faces": {
				"north": {"uv": [1.5, 6.125, 2, 6.375], "rotation": 180, "texture": "#0"},
				"east": {"uv": [2.375, 5.875, 2.5, 6.125], "rotation": 180, "texture": "#0"},
				"south": {"uv": [2, 6.125, 1.5, 6.375], "rotation": 180, "texture": "#0"},
				"west": {"uv": [2.375, 5.875, 2.5, 6.125], "rotation": 180, "texture": "#0"},
				"up": {"uv": [2.375, 6.125, 2.5, 6.625], "rotation": 90, "texture": "#0"},
				"down": {"uv": [2.25, 5.75, 2.375, 6.25], "rotation": 270, "texture": "#0"}
			}
		},
		{
			"from": [18.14581, 15.74845, 6],
			"to": [20.64581, 18.74845, 8],
			"rotation": {"angle": 0, "axis": "y", "origin": [19.26204, 9.52628, 7.125]},
			"faces": {
				"north": {"uv": [3.25, 4, 4, 4.625], "rotation": 270, "texture": "#0"},
				"east": {"uv": [2.75, 4.625, 3.25, 5.375], "rotation": 180, "texture": "#0"},
				"south": {"uv": [4, 4, 3.25, 4.625], "rotation": 90, "texture": "#0"},
				"west": {"uv": [3.25, 4.625, 3.75, 5.375], "texture": "#0"},
				"up": {"uv": [3.5, 3.375, 4, 4], "rotation": 90, "texture": "#0"},
				"down": {"uv": [2.75, 4, 3.25, 4.625], "rotation": 90, "texture": "#0"}
			}
		},
		{
			"from": [14.71681, 17.64825, 6.25],
			"to": [16.71681, 20.64825, 7.75],
			"rotation": {"angle": -22.5, "axis": "z", "origin": [19.26204, 9.52628, 7.125]},
			"faces": {
				"north": {"uv": [1.625, 5.125, 2.375, 5.625], "rotation": 270, "texture": "#0"},
				"east": {"uv": [2.375, 5.125, 2.75, 5.875], "rotation": 180, "texture": "#0"},
				"south": {"uv": [2.375, 5.125, 1.625, 5.625], "rotation": 90, "texture": "#0"},
				"west": {"uv": [2.75, 5.375, 3.125, 6.125], "texture": "#0"},
				"up": {"uv": [1.25, 5.125, 1.625, 5.625], "rotation": 90, "texture": "#0"},
				"down": {"uv": [1.25, 5.125, 1.625, 5.625], "rotation": 90, "texture": "#0"}
			}
		},
		{
			"from": [27.79682, 16.47666, 6.5],
			"to": [31.79682, 17.97666, 7.5],
			"rotation": {"angle": 45, "axis": "z", "origin": [19.26204, 9.52628, 7.125]},
			"faces": {
				"north": {"uv": [4.5, 2.75, 5.5, 3.125], "rotation": 180, "texture": "#0"},
				"east": {"uv": [4.25, 2.75, 4.5, 3.125], "rotation": 180, "texture": "#0"},
				"south": {"uv": [5.5, 2.75, 4.5, 3.125], "rotation": 180, "texture": "#0"},
				"west": {"uv": [4.25, 3.125, 4.5, 3.5], "rotation": 180, "texture": "#0"},
				"up": {"uv": [4.25, 3.5, 4.5, 4.5], "rotation": 90, "texture": "#0"},
				"down": {"uv": [4, 3.375, 4.25, 4.375], "rotation": 270, "texture": "#0"}
			}
		},
		{
			"from": [16.10106, 23.77024, 6.75],
			"to": [17.60106, 27.77024, 7.25],
			"rotation": {"angle": -22.5, "axis": "z", "origin": [19.26204, 9.52628, 7.125]},
			"faces": {
				"north": {"uv": [5.625, 3.625, 4.625, 3.25], "rotation": 90, "texture": "#0"},
				"east": {"uv": [4.625, 4.625, 4.5, 3.625], "texture": "#0"},
				"south": {"uv": [4.625, 3.625, 5.625, 3.25], "rotation": 270, "texture": "#0"},
				"west": {"uv": [4.75, 4.625, 4.625, 3.625], "rotation": 180, "texture": "#0"},
				"up": {"uv": [4.625, 3.625, 4.5, 3.25], "rotation": 270, "texture": "#0"},
				"down": {"uv": [4.625, 3.625, 4.5, 3.25], "rotation": 270, "texture": "#0"}
			}
		},
		{
			"from": [13.65342, -1.78981, 6.25],
			"to": [17.15342, 1.21019, 7.75],
			"rotation": {"angle": 0, "axis": "y", "origin": [19.26204, 9.52628, 7.125]},
			"faces": {
				"north": {"uv": [7.375, 9.125, 8.125, 10], "rotation": 270, "texture": "#0"},
				"east": {"uv": [0, 4, 0.5, 4.75], "rotation": 180, "texture": "#0"},
				"south": {"uv": [8.125, 9.125, 7.375, 10], "rotation": 90, "texture": "#0"},
				"west": {"uv": [7.125, 8.375, 7.625, 9.125], "texture": "#0"},
				"up": {"uv": [7.625, 8.25, 8.125, 9.125], "rotation": 90, "texture": "#0"},
				"down": {"uv": [6.875, 9.125, 7.375, 10], "rotation": 90, "texture": "#0"}
			}
		},
		{
			"from": [11.62989, -1.77231, 6.25],
			"to": [13.62989, 1.72769, 7.75],
			"rotation": {"angle": 0, "axis": "y", "origin": [19.26204, 9.52628, 7.125]},
			"faces": {
				"north": {"uv": [6.375, 11.375, 6.875, 12.25], "texture": "#0"},
				"east": {"uv": [5.625, 10.875, 6, 11.75], "texture": "#0"},
				"south": {"uv": [6.875, 11.375, 6.375, 12.25], "texture": "#0"},
				"west": {"uv": [6, 10.875, 6.375, 11.75], "texture": "#0"},
				"up": {"uv": [5.625, 11.75, 6, 12.25], "rotation": 90, "texture": "#0"},
				"down": {"uv": [6, 11.75, 6.375, 12.25], "rotation": 270, "texture": "#0"}
			}
		},
		{
			"from": [2, 0, 5.5],
			"to": [14, 16, 8.5],
			"rotation": {"angle": 0, "axis": "y", "origin": [0, 0, 6]},
			"faces": {
				"north": {"uv": [8.5, 0, 11.5, 4], "texture": "#0"},
				"east": {"uv": [7.75, 0, 8.5, 4], "texture": "#0"},
				"south": {"uv": [8.5, 0, 11.5, 4], "texture": "#0"},
				"west": {"uv": [7.75, 0, 8.5, 4], "texture": "#0"},
				"up": {"uv": [8.5, 4, 11.5, 4.75], "texture": "#0"},
				"down": {"uv": [8.5, 4, 11.5, 4.75], "texture": "#0"}
			}
		},
		{
			"from": [1.5, -5.1, 5],
			"to": [10, 3.4, 9],
			"rotation": {"angle": -45, "axis": "z", "origin": [8, -3.1, 7]},
			"faces": {
				"north": {"uv": [13.875, 3.25, 16, 5.375], "rotation": 90, "texture": "#0"},
				"east": {"uv": [11.5, 2.625, 12.5, 4.75], "rotation": 180, "texture": "#0"},
				"south": {"uv": [13.875, 3.25, 16, 5.375], "rotation": 270, "texture": "#0"},
				"west": {"uv": [12.5, 2.625, 13.5, 4.75], "rotation": 180, "texture": "#0"},
				"up": {"uv": [12.5, 2.625, 13.5, 4.75], "rotation": 270, "texture": "#0"},
				"down": {"uv": [11.5, 4.75, 12.5, 2.625], "rotation": 270, "texture": "#0"}
			}
		},
		{
			"from": [-3, 10, 5.75],
			"to": [2, 16, 8.25],
			"rotation": {"angle": 45, "axis": "z", "origin": [2, 16, 7]},
			"faces": {
				"north": {"uv": [14, 0.625, 12.75, 2.125], "texture": "#0"},
				"east": {"uv": [12.125, 0, 12.75, 1.5], "texture": "#0"},
				"south": {"uv": [12.75, 0.625, 14, 2.125], "texture": "#0"},
				"west": {"uv": [11.5, 0, 12.125, 1.5], "texture": "#0"},
				"up": {"uv": [12.75, 0, 14, 0.625], "texture": "#0"},
				"down": {"uv": [12.75, 0, 14, 0.625], "texture": "#0"}
			}
		},
		{
			"from": [8.25, -1.25, 4],
			"to": [13.25, 3.75, 5],
			"rotation": {"angle": -45, "axis": "z", "origin": [8, 4, 7]},
			"faces": {
				"north": {"uv": [5.25, 0.75, 6.5, 2], "rotation": 90, "texture": "#0"},
				"east": {"uv": [5, 0.5, 6.25, 0.75], "rotation": 270, "texture": "#0"},
				"south": {"uv": [5.25, 0.75, 6.5, 2], "rotation": 270, "texture": "#0"},
				"west": {"uv": [5, 0.75, 5.25, 2], "rotation": 180, "texture": "#0"},
				"up": {"uv": [5, 0.75, 5.25, 2], "rotation": 270, "texture": "#0"},
				"down": {"uv": [5, 0.5, 6.25, 0.75], "rotation": 180, "texture": "#0"}
			}
		},
		{
			"from": [8.25, -1.25, 9],
			"to": [13.25, 3.75, 10],
			"rotation": {"angle": -45, "axis": "z", "origin": [8, 4, 9]},
			"faces": {
				"north": {"uv": [5.25, 2, 6.5, 0.75], "rotation": 270, "texture": "#0"},
				"east": {"uv": [5, 0.75, 6.25, 0.5], "rotation": 270, "texture": "#0"},
				"south": {"uv": [5.25, 2, 6.5, 0.75], "rotation": 90, "texture": "#0"},
				"west": {"uv": [5.25, 0.75, 5, 2], "rotation": 180, "texture": "#0"},
				"up": {"uv": [5.25, 0.75, 5, 2], "rotation": 270, "texture": "#0"},
				"down": {"uv": [5, 0.75, 6.25, 0.5], "rotation": 180, "texture": "#0"}
			}
		},
		{
			"from": [-9.3, 4.5, 5.925],
			"to": [-3, 16, 8.075],
			"rotation": {"angle": 45, "axis": "z", "origin": [2, 16, 7]},
			"faces": {
				"north": {"uv": [8.5, 4.5, 6.875, 7.375], "texture": "#0"},
				"east": {"uv": [6.375, 4.5, 6.875, 7.375], "texture": "#0"},
				"south": {"uv": [6.875, 4.5, 8.5, 7.375], "texture": "#0"},
				"west": {"uv": [6.375, 4.5, 6.875, 7.375], "texture": "#0"},
				"up": {"uv": [6.875, 4, 8.5, 4.5], "texture": "#0"},
				"down": {"uv": [6.875, 4, 8.5, 4.5], "texture": "#0"}
			}
		},
		{
			"from": [19, 4.5, 6.25],
			"to": [25.3, 16, 7.75],
			"rotation": {"angle": -45, "axis": "z", "origin": [14, 16, 7]},
			"faces": {
				"north": {"uv": [16, 0.375, 14.375, 3.25], "texture": "#0"},
				"east": {"uv": [14.375, 0, 14, 2.875], "texture": "#0"},
				"south": {"uv": [16, 0.375, 14.375, 3.25], "texture": "#0"},
				"west": {"uv": [14.375, 0, 14, 2.875], "texture": "#0"},
				"up": {"uv": [16, 0, 14.375, 0.375], "texture": "#0"},
				"down": {"uv": [16, 0, 14.375, 0.375], "texture": "#0"}
			}
		},
		{
			"from": [14, 10, 5.75],
			"to": [19, 16, 8.25],
			"rotation": {"angle": -45, "axis": "z", "origin": [14, 16, 7]},
			"faces": {
				"north": {"uv": [12.75, 0.625, 14, 2.125], "texture": "#0"},
				"east": {"uv": [12.125, 0, 11.5, 1.5], "texture": "#0"},
				"south": {"uv": [14, 0.625, 12.75, 2.125], "texture": "#0"},
				"west": {"uv": [12.75, 0, 12.125, 1.5], "texture": "#0"},
				"up": {"uv": [14, 0, 12.75, 0.625], "texture": "#0"},
				"down": {"uv": [14, 0, 12.75, 0.625], "texture": "#0"}
			}
		},
		{
			"from": [10.64581, 12.24845, 7],
			"to": [16.14581, 28.24845, 7],
			"rotation": {"angle": -22.5, "axis": "z", "origin": [19.26204, 9.52628, 7.125]},
			"faces": {
				"north": {"uv": [0, 0, 4, 1.375], "rotation": 270, "texture": "#0"},
				"east": {"uv": [0, 16, 0, 0], "rotation": 180, "texture": "#0"},
				"south": {"uv": [4, 0, 0, 1.375], "rotation": 90, "texture": "#0"},
				"west": {"uv": [0, 0, 0, 16], "texture": "#0"},
				"up": {"uv": [0, 0, 0, 5.5], "rotation": 90, "texture": "#0"},
				"down": {"uv": [0, 0, 0, 5.5], "rotation": 90, "texture": "#0"}
			}
		},
		{
			"from": [19, 4.5, 5.925],
			"to": [25.3, 16, 8.075],
			"rotation": {"angle": -45, "axis": "z", "origin": [14, 16, 7]},
			"faces": {
				"north": {"uv": [6.875, 4.5, 8.5, 7.375], "texture": "#0"},
				"east": {"uv": [6.875, 4.5, 6.375, 7.375], "texture": "#0"},
				"south": {"uv": [8.5, 4.5, 6.875, 7.375], "texture": "#0"},
				"west": {"uv": [6.875, 4.5, 6.375, 7.375], "texture": "#0"},
				"up": {"uv": [8.5, 4, 6.875, 4.5], "texture": "#0"},
				"down": {"uv": [8.5, 4, 6.875, 4.5], "texture": "#0"}
			}
		},
		{
			"from": [3.7461, 15.94629, 6.25],
			"to": [5.7461, 17.94629, 7.75],
			"rotation": {"angle": 0, "axis": "y", "origin": [8.73796, 4.27372, 7.125]},
			"faces": {
				"north": {"uv": [5.625, 4.25, 5.125, 3.75], "rotation": 270, "texture": "#0"},
				"east": {"uv": [5.125, 4.75, 4.75, 4.25], "texture": "#0"},
				"south": {"uv": [5.125, 4.25, 5.625, 3.75], "rotation": 90, "texture": "#0"},
				"west": {"uv": [5.125, 4.25, 4.75, 3.75], "rotation": 180, "texture": "#0"},
				"up": {"uv": [5.5, 4.75, 5.125, 4.25], "rotation": 90, "texture": "#0"},
				"down": {"uv": [5.5, 4.75, 5.125, 4.25], "rotation": 90, "texture": "#0"}
			}
		},
		{
			"from": [-0.82682, 14.98568, 6.5],
			"to": [0.67318, 16.98568, 7.5],
			"rotation": {"angle": -22.5, "axis": "z", "origin": [8.73796, 4.27372, 7.125]},
			"faces": {
				"north": {"uv": [2, 6.125, 1.5, 5.75], "rotation": 270, "texture": "#0"},
				"east": {"uv": [2.25, 6.25, 2, 5.75], "rotation": 180, "texture": "#0"},
				"south": {"uv": [1.5, 6.125, 2, 5.75], "rotation": 90, "texture": "#0"},
				"west": {"uv": [2.75, 6.375, 2.5, 5.875], "rotation": 180, "texture": "#0"},
				"up": {"uv": [1.5, 6.125, 1.25, 5.75], "rotation": 90, "texture": "#0"},
				"down": {"uv": [1.5, 6.125, 1.25, 5.75], "rotation": 90, "texture": "#0"}
			}
		},
		{
			"from": [16.82992, 16.96476, 6.75],
			"to": [18.82992, 17.96476, 7.25],
			"rotation": {"angle": 45, "axis": "z", "origin": [8.73796, 4.27372, 7.125]},
			"faces": {
				"north": {"uv": [2, 6.375, 1.5, 6.125], "rotation": 180, "texture": "#0"},
				"east": {"uv": [2.5, 6.125, 2.375, 5.875], "rotation": 180, "texture": "#0"},
				"south": {"uv": [1.5, 6.375, 2, 6.125], "rotation": 180, "texture": "#0"},
				"west": {"uv": [2.5, 6.125, 2.375, 5.875], "rotation": 180, "texture": "#0"},
				"up": {"uv": [2.375, 6.25, 2.25, 5.75], "rotation": 270, "texture": "#0"},
				"down": {"uv": [2.5, 6.625, 2.375, 6.125], "rotation": 90, "texture": "#0"}
			}
		},
		{
			"from": [10.2539, 15.94629, 6.25],
			"to": [12.2539, 17.94629, 7.75],
			"rotation": {"angle": 0, "axis": "y", "origin": [7.26204, 4.27372, 7.125]},
			"faces": {
				"north": {"uv": [5.625, 3.75, 5.125, 4.25], "rotation": 270, "texture": "#0"},
				"east": {"uv": [4.75, 4.25, 5.125, 3.75], "rotation": 180, "texture": "#0"},
				"south": {"uv": [5.125, 3.75, 5.625, 4.25], "rotation": 90, "texture": "#0"},
				"west": {"uv": [4.75, 4.75, 5.125, 4.25], "texture": "#0"},
				"up": {"uv": [5.5, 4.25, 5.125, 4.75], "rotation": 90, "texture": "#0"},
				"down": {"uv": [5.5, 4.25, 5.125, 4.75], "rotation": 90, "texture": "#0"}
			}
		},
		{
			"from": [15.32682, 14.98568, 6.5],
			"to": [16.82682, 16.98568, 7.5],
			"rotation": {"angle": 22.5, "axis": "z", "origin": [7.26204, 4.27372, 7.125]},
			"faces": {
				"north": {"uv": [2, 5.75, 1.5, 6.125], "rotation": 270, "texture": "#0"},
				"east": {"uv": [2.5, 6.375, 2.75, 5.875], "rotation": 180, "texture": "#0"},
				"south": {"uv": [1.5, 5.75, 2, 6.125], "rotation": 90, "texture": "#0"},
				"west": {"uv": [2, 6.25, 2.25, 5.75], "rotation": 180, "texture": "#0"},
				"up": {"uv": [1.5, 5.75, 1.25, 6.125], "rotation": 90, "texture": "#0"},
				"down": {"uv": [1.5, 5.75, 1.25, 6.125], "rotation": 90, "texture": "#0"}
			}
		},
		{
			"from": [-2.82992, 16.96476, 6.75],
			"to": [-0.82992, 17.96476, 7.25],
			"rotation": {"angle": -45, "axis": "z", "origin": [7.26204, 4.27372, 7.125]},
			"faces": {
				"north": {"uv": [1.5, 6.375, 2, 6.125], "rotation": 180, "texture": "#0"},
				"east": {"uv": [2.375, 6.125, 2.5, 5.875], "rotation": 180, "texture": "#0"},
				"south": {"uv": [2, 6.375, 1.5, 6.125], "rotation": 180, "texture": "#0"},
				"west": {"uv": [2.375, 6.125, 2.5, 5.875], "rotation": 180, "texture": "#0"},
				"up": {"uv": [2.375, 5.75, 2.25, 6.25], "rotation": 270, "texture": "#0"},
				"down": {"uv": [2.5, 6.125, 2.375, 6.625], "rotation": 90, "texture": "#0"}
			}
		},
		{
			"from": [17, 4, 7],
			"to": [31, 21, 7],
			"rotation": {"angle": 0, "axis": "y", "origin": [18.91751, 18.37437, 7.95]},
			"faces": {
				"north": {"uv": [0, 14, 16, 0], "rotation": 90, "texture": "#1"},
				"east": {"uv": [6.875, 0, 6.875, 16], "texture": "#1"},
				"south": {"uv": [16, 14, 0, 0], "rotation": 270, "texture": "#1"},
				"west": {"uv": [7.5, 0, 7.5, 16], "rotation": 180, "texture": "#1"},
				"up": {"uv": [8.125, 16, 8.125, 2], "rotation": 270, "texture": "#1"},
				"down": {"uv": [8.125, 16, 8.125, 2], "rotation": 270, "texture": "#1"}
			}
		},
		{
			"from": [-15, 4, 7],
			"to": [-1, 21, 7],
			"rotation": {"angle": 0, "axis": "y", "origin": [-2.91751, 18.37437, 7.95]},
			"faces": {
				"north": {"uv": [0, 0, 16, 14], "rotation": 90, "texture": "#1"},
				"east": {"uv": [7.5, 0, 7.5, 16], "rotation": 180, "texture": "#1"},
				"south": {"uv": [16, 0, 0, 14], "rotation": 270, "texture": "#1"},
				"west": {"uv": [6.875, 0, 6.875, 16], "texture": "#1"},
				"up": {"uv": [8.125, 2, 8.125, 16], "rotation": 270, "texture": "#1"},
				"down": {"uv": [8.125, 2, 8.125, 16], "rotation": 270, "texture": "#1"}
			}
		},
		{
			"from": [-7, 14, 8],
			"to": [8, 30, 8],
			"rotation": {"angle": 0, "axis": "y", "origin": [0, 0, 16]},
			"faces": {
				"north": {"uv": [0.5, 0, 15.5, 16], "texture": "#2"},
				"east": {"uv": [0, 0, 0, 16], "texture": "#2"},
				"south": {"uv": [15.5, 0, 0.5, 16], "texture": "#2"},
				"west": {"uv": [0, 0, 0, 16], "texture": "#2"},
				"up": {"uv": [0, 16, 0, 0], "rotation": 270, "texture": "#2"},
				"down": {"uv": [0, 16, 0, 0], "rotation": 90, "texture": "#2"}
			}
		},
		{
			"from": [8, 14, 8],
			"to": [23, 30, 8],
			"rotation": {"angle": 0, "axis": "y", "origin": [16, 0, 16]},
			"faces": {
				"north": {"uv": [15.5, 0, 0.5, 16], "texture": "#2"},
				"east": {"uv": [0, 0, 0, 16], "texture": "#2"},
				"south": {"uv": [0.5, 0, 15.5, 16], "texture": "#2"},
				"west": {"uv": [0, 0, 0, 16], "texture": "#2"},
				"up": {"uv": [0, 0, 0, 16], "rotation": 270, "texture": "#2"},
				"down": {"uv": [0, 0, 0, 16], "rotation": 90, "texture": "#2"}
			}
		}
	],
	"gui_light": "front",
	"display": {
		"thirdperson_righthand": {
			"rotation": [90, -90, 0],
			"translation": [2.75, -2.25, 3.25],
			"scale": [0.5, 0.5, 0.5]
		},
		"thirdperson_lefthand": {
			"rotation": [90, -90, 0],
			"translation": [2.75, -2.25, 3.25],
			"scale": [0.5, 0.5, 0.5]
		},
		"firstperson_righthand": {
			"rotation": [0, -20, 0],
			"translation": [2, -1.75, 0.5],
			"scale": [0.5, 0.5, 0.5]
		},
		"firstperson_lefthand": {
			"rotation": [0, -20, 0],
			"translation": [2, -1.75, 0.5],
			"scale": [0.5, 0.5, 0.5]
		},
		"ground": {
			"rotation": [64, 0, 0],
			"translation": [0, 1.75, 0],
			"scale": [0.5, 0.5, 0.5]
		},
		"gui": {
			"rotation": [0, 180, 0],
			"translation": [0.125, -0.75, -2],
			"scale": [0.4, 0.4, 0.4]
		},
		"head": {
			"rotation": [90, -168, 90],
			"translation": [-0.5, 7.75, 0],
			"scale": [0.56, 0.56, 0.56]
		},
		"fixed": {
			"rotation": [1, 0, 0],
			"translation": [0, 0.25, 0.5],
			"scale": [1.16992, 1.16992, 1.16992]
		}
	},
	"groups": [
		{
			"name": "group",
			"origin": [16, 0, 16],
			"color": 0,
			"boneType": "",
			"children": [0, 1, 2, 3, 4, 5, 6, 7, 8, 9, 10, 11, 12, 13, 14, 15, 16, 17, 18, 19, 20, 21, 22, 23, 24, 25, 26, 27, 28, 29, 30, 31, 32, 33, 34, 35, 36, 37, 38, 39, 40, 41, 42, 43, 44]
		}
	]
}