{
	"credit": "Made with Blockbench",
	"texture_size": [64, 64],
	"textures": {
		"0": "item/abyss/tex1",
		"1": "item/abyss/hornfire",
		"particle": "item/abyss/tex1"
	},
	"elements": [
		{
			"from": [7, -11, 7],
			"to": [9, 2, 9],
			"rotation": {"angle": 0, "axis": "y", "origin": [8, 4.25, 8]},
			"faces": {
				"north": {"uv": [10.125, 3.5, 9.625, 6.75], "texture": "#0"},
				"east": {"uv": [10.125, 6.75, 9.625, 10], "texture": "#0"},
				"south": {"uv": [10.625, 5.25, 10.125, 8.5], "texture": "#0"},
				"west": {"uv": [10.625, 2, 10.125, 5.25], "texture": "#0"},
				"up": {"uv": [9.125, 8.5, 9.625, 8], "rotation": 270, "texture": "#0"},
				"down": {"uv": [9.125, 8.5, 9.625, 8], "rotation": 90, "texture": "#0"}
			}
		},
		{
			"from": [6.55, -9.24049, 17.49049],
			"to": [9.55, -5.24049, 21.49049],
			"rotation": {"angle": 45, "axis": "x", "origin": [8, 4.25, 8]},
			"faces": {
				"north": {"uv": [8.625, 7, 7.875, 8], "texture": "#0"},
				"east": {"uv": [8.625, 8, 9.625, 7], "rotation": 270, "texture": "#0"},
				"south": {"uv": [7.875, 8, 6.875, 7.25], "rotation": 90, "texture": "#0"},
				"west": {"uv": [9.625, 7, 8.625, 8], "texture": "#0"},
				"up": {"uv": [8.625, 7, 7.875, 8], "texture": "#0"},
				"down": {"uv": [6.875, 8, 7.875, 7.25], "rotation": 90, "texture": "#0"}
			}
		},
		{
			"from": [6.5, -1, 6.5],
			"to": [9.5, 0, 9.5],
			"rotation": {"angle": 0, "axis": "y", "origin": [8, 4.25, 8]},
			"faces": {
				"north": {"uv": [5.625, 3.75, 6.375, 4], "texture": "#0"},
				"east": {"uv": [5.625, 2.75, 6.375, 3], "texture": "#0"},
				"south": {"uv": [5.625, 3.75, 6.375, 4], "texture": "#0"},
				"west": {"uv": [5.625, 2.75, 6.375, 3], "texture": "#0"},
				"up": {"uv": [5.625, 3, 6.375, 3.75], "rotation": 90, "texture": "#0"},
				"down": {"uv": [5.625, 4, 6.375, 4.75], "rotation": 270, "texture": "#0"}
			}
		},
		{
			"from": [6.5, -7, 6.5],
			"to": [9.5, -6, 9.5],
			"rotation": {"angle": 0, "axis": "y", "origin": [8, 4.25, 8]},
			"faces": {
				"north": {"uv": [5.625, 3.75, 6.375, 4], "texture": "#0"},
				"east": {"uv": [5.625, 2.75, 6.375, 3], "texture": "#0"},
				"south": {"uv": [5.625, 3.75, 6.375, 4], "texture": "#0"},
				"west": {"uv": [5.625, 2.75, 6.375, 3], "texture": "#0"},
				"up": {"uv": [5.625, 3, 6.375, 3.75], "rotation": 90, "texture": "#0"},
				"down": {"uv": [5.625, 4, 6.375, 4.75], "rotation": 270, "texture": "#0"}
			}
		},
		{
			"from": [7, 2, 7],
			"to": [9, 15, 9],
			"rotation": {"angle": 0, "axis": "y", "origin": [8, 4.25, 8]},
			"faces": {
				"north": {"uv": [10.125, 6.75, 9.625, 3.5], "texture": "#0"},
				"east": {"uv": [10.125, 10, 9.625, 6.75], "texture": "#0"},
				"south": {"uv": [10.625, 8.5, 10.125, 5.25], "texture": "#0"},
				"west": {"uv": [10.625, 5.25, 10.125, 2], "texture": "#0"},
				"up": {"uv": [9.125, 8, 9.625, 8.5], "rotation": 270, "texture": "#0"},
				"down": {"uv": [9.125, 8, 9.625, 8.5], "rotation": 90, "texture": "#0"}
			}
		},
		{
			"from": [6.5, 10, 6.5],
			"to": [9.5, 11, 9.5],
			"rotation": {"angle": 0, "axis": "y", "origin": [8, 4.25, 8]},
			"faces": {
				"north": {"uv": [5.625, 3.75, 6.375, 4], "texture": "#0"},
				"east": {"uv": [5.625, 2.75, 6.375, 3], "texture": "#0"},
				"south": {"uv": [5.625, 3.75, 6.375, 4], "texture": "#0"},
				"west": {"uv": [5.625, 2.75, 6.375, 3], "texture": "#0"},
				"up": {"uv": [5.625, 3, 6.375, 3.75], "rotation": 90, "texture": "#0"},
				"down": {"uv": [5.625, 4, 6.375, 4.75], "rotation": 270, "texture": "#0"}
			}
		},
		{
			"from": [6.5, 4, 6.5],
			"to": [9.5, 5, 9.5],
			"rotation": {"angle": 0, "axis": "y", "origin": [8, 4.25, 8]},
			"faces": {
				"north": {"uv": [5.625, 3.75, 6.375, 4], "texture": "#0"},
				"east": {"uv": [5.625, 2.75, 6.375, 3], "texture": "#0"},
				"south": {"uv": [5.625, 3.75, 6.375, 4], "texture": "#0"},
				"west": {"uv": [5.625, 2.75, 6.375, 3], "texture": "#0"},
				"up": {"uv": [5.625, 3, 6.375, 3.75], "rotation": 90, "texture": "#0"},
				"down": {"uv": [5.625, 4, 6.375, 4.75], "rotation": 270, "texture": "#0"}
			}
		},
		{
			"from": [6.95, 9.76561, -2.51561],
			"to": [8, 14.76561, 2.48439],
			"rotation": {"angle": 45, "axis": "x", "origin": [8, 4.25, 8]},
			"faces": {
				"north": {"uv": [5.25, 0.75, 5, 2], "rotation": 180, "texture": "#0"},
				"east": {"uv": [6.5, 0.75, 5.25, 2], "rotation": 180, "texture": "#0"},
				"south": {"uv": [5, 0.5, 6.25, 0.75], "rotation": 270, "texture": "#0"},
				"west": {"uv": [5.25, 2, 6.5, 0.75], "rotation": 90, "texture": "#0"},
				"up": {"uv": [5.25, 0.75, 5, 2], "texture": "#0"},
				"down": {"uv": [5, 0.75, 6.25, 0.5], "rotation": 90, "texture": "#0"}
			}
		},
		{
			"from": [8, 9.76561, -2.51561],
			"to": [9.05, 14.76561, 2.48439],
			"rotation": {"angle": 45, "axis": "x", "origin": [8, 4.25, 8]},
			"faces": {
				"north": {"uv": [5, 0.75, 5.25, 2], "rotation": 180, "texture": "#0"},
				"east": {"uv": [5.25, 0.75, 6.5, 2], "rotation": 90, "texture": "#0"},
				"south": {"uv": [5, 0.75, 6.25, 0.5], "rotation": 270, "texture": "#0"},
				"west": {"uv": [5.25, 0.75, 6.5, 2], "rotation": 180, "texture": "#0"},
				"up": {"uv": [5, 0.75, 5.25, 2], "texture": "#0"},
				"down": {"uv": [5, 0.5, 6.25, 0.75], "rotation": 90, "texture": "#0"}
			}
		},
		{
			"from": [7.25, 9.12941, 9.93186],
			"to": [8.75, 12.12941, 11.93186],
			"rotation": {"angle": 0, "axis": "y", "origin": [8, 4.25, 8]},
			"faces": {
				"north": {"uv": [2.375, 5.125, 2.75, 5.875], "texture": "#0"},
				"east": {"uv": [1.625, 5.125, 2.375, 5.625], "rotation": 90, "texture": "#0"},
				"south": {"uv": [2.75, 5.375, 3.125, 6.125], "rotation": 180, "texture": "#0"},
				"west": {"uv": [2.375, 5.125, 1.625, 5.625], "rotation": 270, "texture": "#0"},
				"up": {"uv": [1.25, 5.125, 1.625, 5.625], "texture": "#0"},
				"down": {"uv": [1.25, 5.125, 1.625, 5.625], "rotation": 180, "texture": "#0"}
			}
		},
		{
			"from": [7.5, 6.26384, 8.26023],
			"to": [8.5, 10.26384, 9.76023],
			"rotation": {"angle": 22.5, "axis": "x", "origin": [8, 4.25, 8]},
			"faces": {
				"north": {"uv": [4, 3.375, 4.25, 4.375], "texture": "#0"},
				"east": {"uv": [4.5, 2.75, 5.5, 3.125], "rotation": 90, "texture": "#0"},
				"south": {"uv": [4.25, 3.5, 4.5, 4.5], "rotation": 180, "texture": "#0"},
				"west": {"uv": [5.5, 2.75, 4.5, 3.125], "rotation": 270, "texture": "#0"},
				"up": {"uv": [4.25, 3.125, 4.5, 3.5], "texture": "#0"},
				"down": {"uv": [4.25, 2.75, 4.5, 3.125], "rotation": 180, "texture": "#0"}
			}
		},
		{
			"from": [7.75, 2.00741, 9.0476],
			"to": [8.25, 6.00741, 10.5476],
			"rotation": {"angle": 0, "axis": "y", "origin": [8, 4.25, 8]},
			"faces": {
				"north": {"uv": [4.5, 3.625, 4.625, 4.625], "texture": "#0"},
				"east": {"uv": [4.625, 3.25, 5.625, 3.625], "rotation": 90, "texture": "#0"},
				"south": {"uv": [4.625, 3.625, 4.75, 4.625], "rotation": 180, "texture": "#0"},
				"west": {"uv": [5.625, 3.25, 4.625, 3.625], "rotation": 270, "texture": "#0"},
				"up": {"uv": [4.5, 3.25, 4.625, 3.625], "texture": "#0"},
				"down": {"uv": [4.5, 3.25, 4.625, 3.625], "rotation": 180, "texture": "#0"}
			}
		},
		{
			"from": [7, 10.0459, 12.17301],
			"to": [9, 13.0459, 14.67301],
			"rotation": {"angle": -22.5, "axis": "x", "origin": [8, 4.25, 8]},
			"faces": {
				"north": {"uv": [2.75, 4.625, 3.25, 5.375], "texture": "#0"},
				"east": {"uv": [3.25, 4, 4, 4.625], "rotation": 90, "texture": "#0"},
				"south": {"uv": [3.25, 4.625, 3.75, 5.375], "rotation": 180, "texture": "#0"},
				"west": {"uv": [4, 4, 3.25, 4.625], "rotation": 270, "texture": "#0"},
				"up": {"uv": [2.75, 4, 3.25, 4.625], "texture": "#0"},
				"down": {"uv": [3.5, 3.375, 4, 4], "rotation": 180, "texture": "#0"}
			}
		},
		{
			"from": [7, 10.0459, 1.32699],
			"to": [9, 13.0459, 3.82699],
			"rotation": {"angle": 22.5, "axis": "x", "origin": [8, 4.25, 8]},
			"faces": {
				"north": {"uv": [3.75, 4.625, 3.25, 5.375], "rotation": 180, "texture": "#0"},
				"east": {"uv": [3.25, 4.625, 4, 4], "rotation": 90, "texture": "#0"},
				"south": {"uv": [3.25, 4.625, 2.75, 5.375], "texture": "#0"},
				"west": {"uv": [4, 4.625, 3.25, 4], "rotation": 270, "texture": "#0"},
				"up": {"uv": [2.75, 4.625, 3.25, 4], "texture": "#0"},
				"down": {"uv": [3.5, 4, 4, 3.375], "rotation": 180, "texture": "#0"}
			}
		},
		{
			"from": [7.75, 2.00741, 5.4524],
			"to": [8.25, 6.00741, 6.9524],
			"rotation": {"angle": 0, "axis": "y", "origin": [8, 4.25, 8]},
			"faces": {
				"north": {"uv": [4.75, 3.625, 4.625, 4.625], "rotation": 180, "texture": "#0"},
				"east": {"uv": [4.625, 3.625, 5.625, 3.25], "rotation": 90, "texture": "#0"},
				"south": {"uv": [4.625, 3.625, 4.5, 4.625], "texture": "#0"},
				"west": {"uv": [5.625, 3.625, 4.625, 3.25], "rotation": 270, "texture": "#0"},
				"up": {"uv": [4.5, 3.625, 4.625, 3.25], "texture": "#0"},
				"down": {"uv": [4.5, 3.625, 4.625, 3.25], "rotation": 180, "texture": "#0"}
			}
		},
		{
			"from": [7.5, 6.26384, 6.23977],
			"to": [8.5, 10.26384, 7.73977],
			"rotation": {"angle": -22.5, "axis": "x", "origin": [8, 4.25, 8]},
			"faces": {
				"north": {"uv": [4.5, 3.5, 4.25, 4.5], "rotation": 180, "texture": "#0"},
				"east": {"uv": [4.5, 3.125, 5.5, 2.75], "rotation": 90, "texture": "#0"},
				"south": {"uv": [4.25, 3.375, 4, 4.375], "texture": "#0"},
				"west": {"uv": [5.5, 3.125, 4.5, 2.75], "rotation": 270, "texture": "#0"},
				"up": {"uv": [4.25, 3.5, 4.5, 3.125], "texture": "#0"},
				"down": {"uv": [4.25, 3.125, 4.5, 2.75], "rotation": 180, "texture": "#0"}
			}
		},
		{
			"from": [7.25, 9.12941, 4.06814],
			"to": [8.75, 12.12941, 6.06814],
			"rotation": {"angle": 0, "axis": "y", "origin": [8, 4.25, 8]},
			"faces": {
				"north": {"uv": [3.125, 5.375, 2.75, 6.125], "rotation": 180, "texture": "#0"},
				"east": {"uv": [1.625, 5.625, 2.375, 5.125], "rotation": 90, "texture": "#0"},
				"south": {"uv": [2.75, 5.125, 2.375, 5.875], "texture": "#0"},
				"west": {"uv": [2.375, 5.625, 1.625, 5.125], "rotation": 270, "texture": "#0"},
				"up": {"uv": [1.25, 5.625, 1.625, 5.125], "texture": "#0"},
				"down": {"uv": [1.25, 5.625, 1.625, 5.125], "rotation": 180, "texture": "#0"}
			}
		},
		{
			"from": [8, -16, 4],
			"to": [8, -10, 8],
			"rotation": {"angle": 0, "axis": "y", "origin": [8, 4.25, 8]},
			"faces": {
				"north": {"uv": [0, 0, 1.25, 0], "rotation": 270, "texture": "#0"},
				"east": {"uv": [14.125, 0, 15.625, 1], "rotation": 90, "texture": "#0"},
				"south": {"uv": [0, 0, 1.25, 0], "rotation": 270, "texture": "#0"},
				"west": {"uv": [15.625, 0, 14.125, 1], "rotation": 270, "texture": "#0"},
				"up": {"uv": [0, 0, 0, 1], "texture": "#0"},
				"down": {"uv": [0, 0, 0, 1], "rotation": 180, "texture": "#0"}
			}
		},
		{
			"from": [8, -16, 8],
			"to": [8, -10, 12],
			"rotation": {"angle": 0, "axis": "y", "origin": [8, 4.25, 8]},
			"faces": {
				"north": {"uv": [0, 0, 1.25, 0], "rotation": 270, "texture": "#0"},
				"east": {"uv": [14.125, 1, 15.625, 0], "rotation": 90, "texture": "#0"},
				"south": {"uv": [0, 0, 1.25, 0], "rotation": 270, "texture": "#0"},
				"west": {"uv": [15.625, 1, 14.125, 0], "rotation": 270, "texture": "#0"},
				"up": {"uv": [0, 1, 0, 0], "texture": "#0"},
				"down": {"uv": [0, 1, 0, 0], "rotation": 180, "texture": "#0"}
			}
		},
		{
			"from": [8, 16, 8],
			"to": [8, 27, 12],
			"rotation": {"angle": 0, "axis": "y", "origin": [8, 4.25, 8]},
			"faces": {
				"north": {"uv": [7.875, 3.375, 7.875, 6.125], "texture": "#0"},
				"east": {"uv": [10.625, 4.75, 13.375, 5.75], "rotation": 90, "texture": "#0"},
				"south": {"uv": [7.875, 3.375, 7.875, 6.125], "texture": "#0"},
				"west": {"uv": [10.625, 5.75, 13.375, 4.75], "rotation": 90, "texture": "#0"},
				"up": {"uv": [0, 0, 2, 0], "rotation": 90, "texture": "#0"},
				"down": {"uv": [0, 0, 2, 0], "rotation": 270, "texture": "#0"}
			}
		},
		{
			"from": [8, 16, 4],
			"to": [8, 27, 8],
			"rotation": {"angle": 0, "axis": "y", "origin": [8, 4.25, 8]},
			"faces": {
				"north": {"uv": [7.875, 3.375, 7.875, 6.125], "texture": "#0"},
				"east": {"uv": [10.625, 3.75, 13.375, 4.75], "rotation": 90, "texture": "#0"},
				"south": {"uv": [7.875, 3.375, 7.875, 6.125], "texture": "#0"},
				"west": {"uv": [10.625, 4.75, 13.375, 3.75], "rotation": 90, "texture": "#0"},
				"up": {"uv": [2, 0, 0, 0], "rotation": 90, "texture": "#0"},
				"down": {"uv": [2, 0, 0, 0], "rotation": 270, "texture": "#0"}
			}
		},
		{
			"from": [4, 16, 8],
			"to": [8, 27, 8],
			"rotation": {"angle": 0, "axis": "y", "origin": [8, 4.25, 8]},
			"faces": {
				"north": {"uv": [10.625, 5.75, 13.375, 4.75], "rotation": 90, "texture": "#0"},
				"east": {"uv": [7.875, 3.375, 7.875, 6.125], "texture": "#0"},
				"south": {"uv": [10.625, 4.75, 13.375, 5.75], "rotation": 90, "texture": "#0"},
				"west": {"uv": [7.875, 3.375, 7.875, 6.125], "texture": "#0"},
				"up": {"uv": [0, 0, 2, 0], "rotation": 180, "texture": "#0"},
				"down": {"uv": [0, 0, 2, 0], "rotation": 180, "texture": "#0"}
			}
		},
		{
			"from": [8, 16, 8],
			"to": [12, 27, 8],
			"rotation": {"angle": 0, "axis": "y", "origin": [8, 4.25, 8]},
			"faces": {
				"north": {"uv": [10.625, 4.75, 13.375, 3.75], "rotation": 90, "texture": "#0"},
				"east": {"uv": [7.875, 3.375, 7.875, 6.125], "texture": "#0"},
				"south": {"uv": [10.625, 3.75, 13.375, 4.75], "rotation": 90, "texture": "#0"},
				"west": {"uv": [7.875, 3.375, 7.875, 6.125], "texture": "#0"},
				"up": {"uv": [2, 0, 0, 0], "rotation": 180, "texture": "#0"},
				"down": {"uv": [2, 0, 0, 0], "rotation": 180, "texture": "#0"}
			}
		},
		{
			"from": [8, 3, 6],
			"to": [8, 20, 20],
			"rotation": {"angle": 0, "axis": "y", "origin": [8, 4.25, 8]},
			"faces": {
				"north": {"uv": [7.5, 0, 7.5, 16], "rotation": 180, "texture": "#1"},
				"east": {"uv": [0, 14, 16, 0], "rotation": 90, "texture": "#1"},
				"south": {"uv": [6.875, 0, 6.875, 16], "texture": "#1"},
				"west": {"uv": [16, 14, 0, 0], "rotation": 270, "texture": "#1"},
				"up": {"uv": [8.125, 16, 8.125, 2], "texture": "#1"},
				"down": {"uv": [8.125, 16, 8.125, 2], "rotation": 180, "texture": "#1"}
			}
		},
		{
			"from": [8, 3, -4],
			"to": [8, 20, 10],
			"rotation": {"angle": 0, "axis": "y", "origin": [8, 4.25, 8]},
			"faces": {
				"north": {"uv": [6.875, 0, 6.875, 16], "texture": "#1"},
				"east": {"uv": [0, 0, 16, 14], "rotation": 90, "texture": "#1"},
				"south": {"uv": [7.5, 0, 7.5, 16], "rotation": 180, "texture": "#1"},
				"west": {"uv": [16, 0, 0, 14], "rotation": 270, "texture": "#1"},
				"up": {"uv": [8.125, 2, 8.125, 16], "texture": "#1"},
				"down": {"uv": [8.125, 2, 8.125, 16], "rotation": 180, "texture": "#1"}
			}
		}
	],
	"gui_light": "front",
	"display": {
		"thirdperson_righthand": {
			"rotation": [11.72, 22, 10],
			"translation": [-1, 4.5, 2.5],
			"scale": [0.6, 0.6, 0.6]
		},
		"thirdperson_lefthand": {
			"rotation": [11.72, 22, 10],
			"translation": [-1, 4.5, 2.5],
			"scale": [0.6, 0.6, 0.6]
		},
		"firstperson_righthand": {
			"rotation": [-30.77, 31.64, 15.16],
			"translation": [0.25, 4, 0.75],
			"scale": [0.5, 0.5, 0.5]
		},
		"firstperson_lefthand": {
			"rotation": [-30.77, 31.64, 15.16],
			"translation": [0.25, 4, 0.75],
			"scale": [0.5, 0.5, 0.5]
		},
		"ground": {
			"rotation": [0, 0, 90],
			"translation": [-4.75, 0.25, 0],
			"scale": [0.5, 0.5, 0.5]
		},
		"gui": {
			"rotation": [90, 135, -90],
			"translation": [-1.75, 1.5, -1.25],
			"scale": [0.43609, 0.43609, 0.43609]
		},
		"head": {
			"rotation": [90, -168, 90],
			"translation": [-0.5, 11.75, 0],
			"scale": [0.56, 0.56, 0.56]
		},
		"fixed": {
			"rotation": [0, 90, 0],
			"translation": [0, 3, -2.25],
			"scale": [1.07898, 1.07898, 1.07898]
		}
	},
	"groups": [
		{
			"name": "group",
			"origin": [-2.91751, 18.37437, 7.95],
			"color": 0,
			"boneType": "",
			"children": [0, 1, 2, 3, 4, 5, 6, 7, 8, 9, 10, 11, 12, 13, 14, 15, 16, 17, 18, 19, 20, 21, 22, 23, 24]
		}
	]
}