{
    "sources": [
        {
            "type": "paletted_permutations",
            "textures": [

                "trims/models/armor/blood_moon",
                "trims/models/armor/blood_moon_leggings",
                "trims/models/armor/st_patrick",
                "trims/models/armor/st_patrick_leggings",
                "trims/models/armor/nimbus",
                "trims/models/armor/nimbus_leggings",
                "trims/models/armor/aprilfools",
                "trims/models/armor/aprilfools_leggings",
                "trims/models/armor/ditto_armor",
                "trims/models/armor/ditto_armor_leggings",
                "trims/models/armor/snow_cloak_leggings",
                "trims/models/armor/snow_cloak",
                "trims/models/armor/black_frost_leggings",
                "trims/models/armor/black_frost",
                "trims/models/armor/glacial_leggings",
                "trims/models/armor/glacial",
                "trims/models/armor/easter",
                "trims/models/armor/easter_leggings",
                "trims/models/armor/boba_fett",
                "trims/models/armor/boba_fett_leggings",
                "trims/models/armor/c3po",
                "trims/models/armor/c3po_leggings",
                "trims/models/armor/chubaka",
                "trims/models/armor/chubaka_leggings",
                "trims/models/armor/darth_maul",
                "trims/models/armor/darth_maul_leggings",
                "trims/models/armor/darth_vader",
                "trims/models/armor/darth_vader_leggings",
                "trims/models/armor/ewok",
                "trims/models/armor/ewok_leggings",
                "trims/models/armor/jawas",
                "trims/models/armor/jawas_leggings",
                "trims/models/armor/storm_trooper",
                "trims/models/armor/storm_trooper_leggings",
                "trims/models/armor/yoda",
                "trims/models/armor/yoda_leggings",
                "trims/models/armor/captain_america",
                "trims/models/armor/captain_america_leggings",
                "trims/models/armor/hulk",
                "trims/models/armor/hulk_leggings",
                "trims/models/armor/iron_man",
                "trims/models/armor/iron_man_leggings",
                "trims/models/armor/jeff",
                "trims/models/armor/jeff_leggings",
                "trims/models/armor/moon_knight",
                "trims/models/armor/moon_knight_leggings",
                "trims/models/armor/spiderman",
                "trims/models/armor/spiderman_leggings",
                "trims/models/armor/venom",
                "trims/models/armor/venom_leggings",
                "trims/models/armor/beach",
                "trims/models/armor/beach_leggings",
                "trims/models/armor/coast",
                "trims/models/armor/coast_leggings",
                "trims/models/armor/sentry",
                "trims/models/armor/sentry_leggings",
                "trims/models/armor/dune",
                "trims/models/armor/dune_leggings",
                "trims/models/armor/wild",
                "trims/models/armor/wild_leggings",
                "trims/models/armor/ward",
                "trims/models/armor/ward_leggings",
                "trims/models/armor/eye",
                "trims/models/armor/eye_leggings",
                "trims/models/armor/vex",
                "trims/models/armor/vex_leggings",
                "trims/models/armor/tide",
                "trims/models/armor/tide_leggings",
                "trims/models/armor/snout",
                "trims/models/armor/snout_leggings",
                "trims/models/armor/rib",
                "trims/models/armor/rib_leggings",
                "trims/models/armor/spire",
                "trims/models/armor/spire_leggings",
                "trims/models/armor/wayfinder",
                "trims/models/armor/wayfinder_leggings",
                "trims/models/armor/shaper",
                "trims/models/armor/shaper_leggings",
                "trims/models/armor/silence",
                "trims/models/armor/silence_leggings",
                "trims/models/armor/raiser",
                "trims/models/armor/raiser_leggings",
                "trims/models/armor/host",
                "trims/models/armor/host_leggings"
            ],
            "palette_key": "trims/color_palettes/trim_palette",
            "permutations": {

                "blood_moon": "trims/color_palettes/blood_moon",
                "st_patrick": "trims/color_palettes/st_patrick",
                "nimbus": "trims/color_palettes/nimbus",
                "aprilfools": "trims/color_palettes/aprilfools",
                "ditto_armor": "trims/color_palettes/ditto_armor",
                "easter": "trims/color_palettes/easter",
                "snow_cloak": "trims/color_palettes/snow_cloak",
                "black_frost": "trims/color_palettes/black_frost",
                "glacial": "trims/color_palettes/glacial",
                "boba_fett": "trims/color_palettes/boba_fett",
                "c3po": "trims/color_palettes/c3po",
                "chubaka": "trims/color_palettes/chubaka",
                "darth_maul": "trims/color_palettes/darth_maul",
                "darth_vader": "trims/color_palettes/darth_vader",
                "ewok": "trims/color_palettes/ewok",
                "jawas": "trims/color_palettes/jawas",
                "storm_trooper": "trims/color_palettes/storm_trooper",
                "yoda": "trims/color_palettes/yoda",
                "captain_america": "trims/color_palettes/captain_america",
                "hulk": "trims/color_palettes/hulk",
                "iron_man": "trims/color_palettes/iron_man",
                "jeff": "trims/color_palettes/jeff",
                "moon_knight": "trims/color_palettes/moon_knight",
                "spiderman": "trims/color_palettes/spiderman",
                "venom": "trims/color_palettes/venom",
                "beach": "trims/color_palettes/beach",
                "quartz": "trims/color_palettes/quartz",
                "iron": "trims/color_palettes/iron",
                "gold": "trims/color_palettes/gold",
                "diamond": "trims/color_palettes/diamond",
                "netherite": "trims/color_palettes/netherite",
                "redstone": "trims/color_palettes/redstone",
                "copper": "trims/color_palettes/copper",
                "emerald": "trims/color_palettes/emerald",
                "lapis": "trims/color_palettes/lapis",
                "amethyst": "trims/color_palettes/amethyst",
                "iron_darker": "trims/color_palettes/iron_darker",
                "gold_darker": "trims/color_palettes/gold_darker",
                "diamond_darker": "trims/color_palettes/diamond_darker",
                "netherite_darker": "trims/color_palettes/netherite_darker"
            }
        }
    ]
}
