{
  "parent": "minecraft:item/generated",
  "textures": {
      "layer0": "minecraft:item/amethyst_shard"
  },
  "overrides": [
    {
        "model": "item/fragments/abyss",
        "predicate": {
            "custom_model_data": 1
        }
    },
    {
        "model":"genesisforms:item/water_tera_shard",
        "predicate":{
            "custom_model_data":2
            }
    },
    {
        "model":"genesisforms:item/bug_tera_shard",
        "predicate":{
            "custom_model_data":3
            }
    },
    {
        "model":"genesisforms:item/poison_tera_shard",
        "predicate":{
            "custom_model_data":4
            }
    },
    {
        "model":"genesisforms:item/psychic_tera_shard",
        "predicate":{
            "custom_model_data":5
            }
    },
    {
        "model":"genesisforms:item/grass_tera_shard",
        "predicate":{
            "custom_model_data":6
            }
    },
    {
        "model":"genesisforms:item/dark_tera_shard",
        "predicate":{
            "custom_model_data":7
            }
    },
    {
        "model":"genesisforms:item/fighting_tera_shard",
        "predicate":{
            "custom_model_data":8
            }
    },
    {
        "model":"genesisforms:item/rock_tera_shard",
        "predicate":{
            "custom_model_data":9
            }
    },
    {
        "model":"genesisforms:item/ghost_tera_shard",
        "predicate":{
            "custom_model_data":10
            }
    },
    {
        "model":"genesisforms:item/ice_tera_shard",
        "predicate":{
            "custom_model_data":11
            }
    },
    {
        "model":"genesisforms:item/steel_tera_shard",
        "predicate":{
            "custom_model_data":12
            }
    },
    {
        "model":"genesisforms:item/stellar_tera_shard",
        "predicate":{
            "custom_model_data":13
            }
    },
    {
        "model":"genesisforms:item/fire_tera_shard",
        "predicate":{
            "custom_model_data":14
            }
    },
    {
        "model":"genesisforms:item/normal_tera_shard",
        "predicate":{
            "custom_model_data":15
            }
    },
    {
        "model":"genesisforms:item/dragon_tera_shard",
        "predicate":{
            "custom_model_data":16
            }
    },
    {
        "model":"genesisforms:item/electric_tera_shard",
        "predicate":{
            "custom_model_data":17
            }
    },
    {
        "model":"genesisforms:item/flying_tera_shard",
        "predicate":{
            "custom_model_data":18
            }
    },
    {
        "model":"genesisforms:item/fairy_tera_shard",
        "predicate":{
            "custom_model_data":19
            }
    },
    {
        "model":"genesisforms:item/ground_tera_shard",
        "predicate":{
            "custom_model_data":20
            }
    },
    {
        "model": "item/fragments/stpatricks",
        "predicate": {
            "custom_model_data": 21
        }
    },
    {
        "model": "item/fragments/sunburst",
        "predicate": {
            "custom_model_data": 22
        }
    },
    {
        "model": "item/fragments/toxicchain",
        "predicate": {
            "custom_model_data": 23
        }
    },
    {
        "model": "item/fragments/undertale",
        "predicate": {
            "custom_model_data": 24
        }
    },
    {
        "model": "item/fragments/unite",
        "predicate": {
            "custom_model_data": 25
        }
    },
    {
        "model": "item/fragments/valentine",
        "predicate": {
            "custom_model_data": 26
        }
    },
    {
        "model": "item/fragments/zelda",
        "predicate": {
            "custom_model_data": 27
        }
    },
    {
        "model": "item/fragments/ancientruins",
        "predicate": {
            "custom_model_data": 28
        }
    },
    {
        "model": "item/fragments/aprilfools",
        "predicate": {
            "custom_model_data": 29
        }
    },
    {
        "model": "item/fragments/arclight",
        "predicate": {
            "custom_model_data": 30
        }
    },
    {
        "model": "item/fragments/dbz",
        "predicate": {
            "custom_model_data": 31
        }
    },
    {
        "model": "item/fragments/easter",
        "predicate": {
            "custom_model_data": 32
        }
    },
    {
        "model": "item/fragments/fourthofjuly",
        "predicate": {
            "custom_model_data": 33
        }
    },
    {
        "model": "item/fragments/gilded",
        "predicate": {
            "custom_model_data": 34
        }
    },
    {
        "model": "item/fragments/halloween",
        "predicate": {
            "custom_model_data": 35
        }
    },
    {
        "model": "item/fragments/kitsune",
        "predicate": {
            "custom_model_data": 36
        }
    },
    {
        "model": "item/fragments/mario",
        "predicate": {
            "custom_model_data": 37
        }
    },
    {
        "model": "item/fragments/nimbus",
        "predicate": {
            "custom_model_data": 38
        }
    },
    {
        "model": "item/fragments/oni",
        "predicate": {
            "custom_model_data": 39
        }
    },
    {
        "model": "item/fragments/pinkan",
        "predicate": {
            "custom_model_data": 40
        }
    },
    {
        "model": "item/fragments/pride",
        "predicate": {
            "custom_model_data": 41
        }
    },
    {
        "model": "item/fragments/prismatic",
        "predicate": {
            "custom_model_data": 42
        }
    },
    {
        "model": "item/fragments/sakura",
        "predicate": {
            "custom_model_data": 43
        }
    },
    {
        "model": "item/fragments/shadow",
        "predicate": {
            "custom_model_data": 44
        }
    },
    {
        "model": "item/fragments/slayer",
        "predicate": {
            "custom_model_data": 45
        }
    },
    {
        "model": "item/fragments/sonic",
        "predicate": {
            "custom_model_data": 46
        }
    }
  ]
}