{
    "providers": [
        {
			"type": "ttf",
			"file": "minecraft:negative_spaces.ttf",
			"shift": [0.0, 0.0],
			"size": 10.0,
			"oversample": 1.0
		},
        {
            "type": "bitmap",
            "file": "space:font/space_split.png",
            "ascent": -32768,
            "height": -10,
            "chars": [
                "\uF808"
            ]
        },
        {
            "type": "bitmap",
            "file": "space:font/space_split.png",
            "ascent": -32768,
            "height": -3,
            "chars": [
                "\uF801"
            ]
        },
        {
            "type": "bitmap",
            "file": "minecraft:font/server_logo.png",
            "height": 80,
            "ascent": 30,
            "chars": [
                "\uB001"
            ]
        },
		{
            "type": "bitmap",
            "file": "minecraft:font/server_icon.png",
            "height": 80,
            "ascent": 30,
            "chars": [
                "\ue050"
            ]
        },
        {
            "type": "bitmap",
            "file": "minecraft:font/staff_tags/dono.png",
            "height": 8,
            "ascent": 8,
            "chars": [
                "\uE008"
            ]
        },
        {
            "type": "bitmap",
            "file": "minecraft:font/staff_tags/gerente.png",
            "height": 8,
            "ascent": 8,
            "chars": [
                "\uE057"
            ]
        },
        {
            "type": "bitmap",
            "file": "minecraft:font/staff_tags/mod.png",
            "height": 8,
            "ascent": 8,
            "chars": [
                "\uE05C"
            ]
        },
        {
            "type": "bitmap",
            "file": "minecraft:font/staff_tags/mod.png",
            "height": 8,
            "ascent": 8,
            "chars": [
                "\ue080"
            ]
        },
        {
            "type": "bitmap",
            "file": "minecraft:font/staff_tags/ajudante.png",
            "height": 8,
            "ascent": 8,
            "chars": [
                "\ue065"
            ]
        },
        {
            "type": "bitmap",
            "file": "minecraft:font/staff_tags/membro.png",
            "height": 8,
            "ascent": 8,
            "chars": [
                "\ue066"
            ]
        },
        {
            "type": "bitmap",
            "file": "minecraft:font/staff_tags/great.png",
            "height": 8,
            "ascent": 8,
            "chars": [
                "\ue067"
            ]
        },
        {
            "type": "bitmap",
            "file": "minecraft:font/staff_tags/ultra.png",
            "height": 8,
            "ascent": 8,
            "chars": [
                "\uE05D"
            ]
        },
        {
            "type": "bitmap",
            "file": "minecraft:font/staff_tags/premier.png",
            "height": 8,
            "ascent": 8,
            "chars": [
                "\ue06a"
            ]
        },
        {
            "type": "bitmap",
            "file": "minecraft:font/staff_tags/luxury.png",
            "height": 8,
            "ascent": 8,
            "chars": [
                "\uE063"
            ]
        },
        {
            "type": "bitmap",
            "file": "minecraft:font/staff_tags/master.png",
            "height": 8,
            "ascent": 8,
            "chars": [
                "\ue064"
            ]
        },
        {
            "type": "bitmap",
            "file": "minecraft:font/staff_tags/admin.png",
            "height": 8,
            "ascent": 8,
            "chars": [
                "\ub002"
            ]
        },
        {
            "type": "bitmap",
            "file": "minecraft:font/guis/ice_left_button.png",
            "height": 256,
            "ascent": 86,
            "chars": [
                "\uE8C0"
            ]
        },
        {
            "type": "bitmap",
            "file": "minecraft:font/guis/ice_right_button.png",
            "height": 256,
            "ascent": 86,
            "chars": [
                "\uE8C1"
            ]
        }
    ]
}
