{"credit":"Pologony Creation Co.,Ltd.","textures":{"1":"item/aprilfools/animated/confetti_animated","2":"item/aprilfools/weapons_tools","3":"item/aprilfools/animated/haha_animated","4":"item/aprilfools/bow","particle":"item/aprilfools/animated/confetti_animated"},"elements":[{"from":[6.5,11,6.5],"to":[9.5,14,9.5],"rotation":{"angle":0,"axis":"y","origin":[8,12.32318,8]},"faces":{"north":{"uv":[11.1579,8.8421,11.78947,9.47369],"texture":"#2"},"east":{"uv":[11.1579,4,11.78947,4.63158],"texture":"#2"},"south":{"uv":[7.78947,11.1579,8.42105,11.78947],"texture":"#2"},"west":{"uv":[8.63158,11.1579,9.26316,11.78947],"texture":"#2"},"up":{"uv":[11.78947,10.31579,11.1579,9.68421],"rotation":90,"texture":"#2"},"down":{"uv":[0.63158,11.36842,0,12],"rotation":270,"texture":"#2"}}},{"from":[7.81919,13.55533,7],"to":[11.81919,15.55533,9],"rotation":{"angle":-22.5,"axis":"z","origin":[8,12.32318,8]},"faces":{"north":{"uv":[10.94737,5.89474,11.78947,6.31579],"texture":"#2"},"east":{"uv":[10.10526,13.05263,10.52631,13.47369],"texture":"#2"},"south":{"uv":[9.26316,6.10526,10.10526,6.52631],"texture":"#2"},"west":{"uv":[13.05263,10.52631,13.47369,10.94737],"texture":"#2"},"up":{"uv":[4.42105,12.63158,4,11.78947],"rotation":90,"texture":"#2"},"down":{"uv":[5.05263,11.78947,4.63158,12.63158],"rotation":270,"texture":"#2"}}},{"from":[10.06919,12.55533,7],"to":[11.81919,13.55533,9],"rotation":{"angle":-22.5,"axis":"z","origin":[8,12.32318,8]},"faces":{"north":{"uv":[14.52631,9.05263,14.89474,9.26316],"texture":"#2"},"east":{"uv":[14.10526,3.57895,14.52631,3.78947],"texture":"#2"},"south":{"uv":[14.31579,7.57895,14.68421,7.78947],"texture":"#2"},"west":{"uv":[14.10526,7.1579,14.52631,7.36842],"texture":"#2"},"down":{"uv":[13.89474,3.36842,13.47369,3.73684],"rotation":270,"texture":"#2"}}},{"from":[4.18081,13.55533,7],"to":[8.18081,15.55533,9],"rotation":{"angle":22.5,"axis":"z","origin":[8,12.32318,8]},"faces":{"north":{"uv":[11.78947,4.8421,12.63158,5.26316],"texture":"#2"},"east":{"uv":[0,13.26316,0.42105,13.68421],"texture":"#2"},"south":{"uv":[11.36842,7.36842,12.21053,7.78947],"texture":"#2"},"west":{"uv":[13.26316,0.63158,13.68421,1.05263],"texture":"#2"},"up":{"uv":[5.68421,12.63158,5.26316,11.78947],"rotation":90,"texture":"#2"},"down":{"uv":[6.31579,11.78947,5.89474,12.63158],"rotation":270,"texture":"#2"}}},{"from":[4.05917,13.33209,7.5],"to":[5.05917,14.33209,8.5],"rotation":{"angle":45,"axis":"z","origin":[8,12.32318,8]},"faces":{"north":{"uv":[15.1579,10.94737,15.36842,11.1579],"texture":"#2"},"east":{"uv":[15.1579,9.68421,15.36842,9.89474],"texture":"#2"},"south":{"uv":[15.1579,10.10526,15.36842,10.31579],"texture":"#2"},"west":{"uv":[15.1579,10.52631,15.36842,10.73684],"texture":"#2"},"up":{"uv":[12.21053,15.36842,12,15.1579],"rotation":90,"texture":"#2"},"down":{"uv":[12.63158,15.1579,12.42105,15.36842],"rotation":270,"texture":"#2"}}},{"from":[4.18081,12.55533,7],"to":[5.93081,13.55533,9],"rotation":{"angle":22.5,"axis":"z","origin":[8,12.32318,8]},"faces":{"north":{"uv":[14.52631,9.89474,14.89474,10.10526],"texture":"#2"},"east":{"uv":[14.10526,8.63158,14.52631,8.8421],"texture":"#2"},"south":{"uv":[14.52631,9.47369,14.89474,9.68421],"texture":"#2"},"west":{"uv":[12.21053,14.10526,12.63158,14.31579],"texture":"#2"},"down":{"uv":[5.26316,13.47369,4.8421,13.8421],"rotation":270,"texture":"#2"}}},{"from":[5.75,8.47783,6.25],"to":[10.25,11.47783,9.75],"rotation":{"angle":0,"axis":"y","origin":[8,8.23892,8]},"faces":{"north":{"uv":[10.28571,1,12.85714,2.71429],"texture":"#3"},"south":{"uv":[10.28571,1,12.85714,2.71429],"texture":"#3"}}},{"from":[10,13.5,6.625],"to":[14,15.5,9.375],"rotation":{"angle":0,"axis":"y","origin":[8,16.23891,8]},"faces":{"north":{"uv":[8,0,10.28571,1.14286],"texture":"#3"},"south":{"uv":[8,0,10.28571,1.14286],"texture":"#3"}}},{"from":[2,12.25,6.75],"to":[6,14,9.25],"rotation":{"angle":0,"axis":"y","origin":[8,14.23892,8]},"faces":{"north":{"uv":[12.57143,0,14.42857,1],"texture":"#3"},"south":{"uv":[12.57143,0,14.42857,1],"texture":"#3"}}},{"from":[10.94083,13.33209,7.5],"to":[11.94083,14.33209,8.5],"rotation":{"angle":-45,"axis":"z","origin":[8,12.32318,8]},"faces":{"north":{"uv":[15.1579,8.8421,15.36842,9.05263],"texture":"#2"},"east":{"uv":[15.1579,6.94737,15.36842,7.1579],"texture":"#2"},"south":{"uv":[15.1579,8,15.36842,8.21053],"texture":"#2"},"west":{"uv":[15.1579,8.42105,15.36842,8.63158],"texture":"#2"},"up":{"uv":[9.26316,15.36842,9.05263,15.1579],"rotation":90,"texture":"#2"},"down":{"uv":[15.36842,9.26316,15.1579,9.47369],"rotation":270,"texture":"#2"}}},{"from":[8.75,-1.5,10.5],"to":[9.25,-1,13],"rotation":{"angle":-22.5,"axis":"x","origin":[8,-1.25,11.75]},"faces":{"north":{"uv":[5.26316,15.78947,5.36842,15.89474],"rotation":180,"texture":"#2"},"east":{"uv":[14.94737,11.57895,15.47369,11.68421],"rotation":180,"texture":"#2"},"south":{"uv":[4,15.78947,4.10526,15.89474],"rotation":180,"texture":"#2"},"west":{"uv":[14.94737,12,15.47369,12.10526],"rotation":180,"texture":"#2"},"up":{"uv":[13.36842,14.94737,13.26316,15.47369],"texture":"#2"},"down":{"uv":[12.94737,15.47369,12.8421,14.94737],"texture":"#2"}}},{"from":[7.25,-1.5,10.5],"to":[8.75,-1,11],"rotation":{"angle":-22.5,"axis":"x","origin":[8,-1.25,11.75]},"faces":{"north":{"uv":[7.78947,15.57895,8.10526,15.68421],"rotation":180,"texture":"#2"},"south":{"uv":[15.57895,7.57895,15.89474,7.68421],"rotation":180,"texture":"#2"},"up":{"uv":[8.73684,15.57895,8.42105,15.68421],"texture":"#2"},"down":{"uv":[15.89474,8.10526,15.57895,8],"texture":"#2"}}},{"from":[7.25,-1.5,12.5],"to":[8.75,-1,13],"rotation":{"angle":-22.5,"axis":"x","origin":[8,-1.25,11.75]},"faces":{"north":{"uv":[15.57895,8.8421,15.89474,8.94737],"rotation":180,"texture":"#2"},"south":{"uv":[15.57895,8.42105,15.89474,8.52631],"rotation":180,"texture":"#2"},"up":{"uv":[15.89474,9.68421,15.57895,9.78947],"texture":"#2"},"down":{"uv":[15.89474,9.36842,15.57895,9.26316],"texture":"#2"}}},{"from":[6.75,-1.5,10.5],"to":[7.25,-1,13],"rotation":{"angle":-22.5,"axis":"x","origin":[8,-1.25,11.75]},"faces":{"north":{"uv":[6.10526,15.78947,6.21053,15.89474],"rotation":180,"texture":"#2"},"east":{"uv":[14.52631,14.94737,15.05263,15.05263],"rotation":180,"texture":"#2"},"south":{"uv":[5.68421,15.78947,5.78947,15.89474],"rotation":180,"texture":"#2"},"west":{"uv":[0,15.1579,0.52631,15.26316],"rotation":180,"texture":"#2"},"up":{"uv":[0.94737,15.1579,0.8421,15.68421],"texture":"#2"},"down":{"uv":[13.78947,15.47369,13.68421,14.94737],"texture":"#2"}}},{"from":[7,19.1834,7.84297],"to":[9,21.1834,9.84297],"rotation":{"angle":-45,"axis":"x","origin":[8,19.4928,10.43024]},"faces":{"north":{"uv":[5.47369,13.26316,5.05263,12.8421],"rotation":180,"texture":"#2"},"east":{"uv":[13.26316,0,12.8421,0.42105],"rotation":270,"texture":"#2"},"south":{"uv":[13.26316,4.8421,12.8421,5.26316],"texture":"#2"},"west":{"uv":[4.8421,12.8421,4.42105,13.26316],"rotation":90,"texture":"#2"},"up":{"uv":[12.8421,3.78947,13.26316,3.36842],"texture":"#2"},"down":{"uv":[12.63158,9.89474,13.05263,9.47369],"rotation":180,"texture":"#2"}}},{"from":[7.25,19.4334,6.84297],"to":[8.75,20.9334,7.84297],"rotation":{"angle":-45,"axis":"x","origin":[8,19.4928,10.43024]},"faces":{"north":{"uv":[14.21053,12.94737,13.89474,12.63158],"rotation":180,"texture":"#2"},"east":{"uv":[13.78947,14.52631,13.47369,14.73684],"rotation":270,"texture":"#2"},"west":{"uv":[14.8421,14.52631,14.52631,14.73684],"rotation":90,"texture":"#2"},"up":{"uv":[14.52631,14.31579,14.8421,14.10526],"texture":"#2"},"down":{"uv":[12.8421,14.73684,13.1579,14.52631],"rotation":180,"texture":"#2"}}},{"from":[7,-4.07843,7.28921],"to":[9,-2.07843,9.28921],"rotation":{"angle":-45,"axis":"x","origin":[8,-2.32843,8.28921]},"faces":{"north":{"uv":[5.68421,13.26316,6.10526,12.8421],"texture":"#2"},"east":{"uv":[7.78947,13.26316,8.21053,12.8421],"texture":"#2"},"south":{"uv":[8.42105,13.26316,8.8421,12.8421],"texture":"#2"},"west":{"uv":[12.8421,9.05263,13.26316,8.63158],"texture":"#2"},"up":{"uv":[11.78947,13.26316,11.36842,12.8421],"texture":"#2"},"down":{"uv":[9.47369,12.8421,9.05263,13.26316],"texture":"#2"}}},{"from":[7.25,-2.07843,7.53921],"to":[8.75,-1.07843,9.03921],"rotation":{"angle":-45,"axis":"x","origin":[8,-2.32843,8.28921]},"faces":{"north":{"uv":[0.42105,14.94737,0.73684,14.73684],"texture":"#2"},"east":{"uv":[14.73684,0.63158,15.05263,0.42105],"texture":"#2"},"south":{"uv":[14.73684,1.05263,15.05263,0.8421],"texture":"#2"},"west":{"uv":[1.05263,14.94737,1.36842,14.73684],"texture":"#2"},"up":{"uv":[0.73684,14.42105,0.42105,14.10526],"texture":"#2"}}},{"from":[7.995,-9.58078,8.74972],"to":[8.005,-2.58078,15.74972],"rotation":{"angle":-22.5,"axis":"x","origin":[8,-3.4928,10.43024]},"faces":{"east":{"uv":[14,0,0,14],"rotation":180,"texture":"#1"},"west":{"uv":[0,0,14,14],"rotation":180,"texture":"#1"}}},{"from":[7.995,18.10876,9.98376],"to":[8.005,25.10876,16.98376],"rotation":{"angle":22.5,"axis":"x","origin":[7.995,22.35876,12.23376]},"faces":{"east":{"uv":[0,0,14,14],"texture":"#1"},"west":{"uv":[14,0,0,14],"texture":"#1"}}},{"from":[7.25,1.5,6.175],"to":[8.75,4.5,7.675],"rotation":{"angle":22.5,"axis":"x","origin":[8,1.35561,7.17668]},"faces":{"north":{"uv":[3.42857,11.42857,4.28571,13.14286],"texture":"#4"},"east":{"uv":[5.14286,11.42857,6,13.14286],"texture":"#4"},"south":{"uv":[6.85714,11.42857,7.71429,13.14286],"texture":"#4"},"west":{"uv":[8.57143,11.42857,9.42857,13.14286],"texture":"#4"}}},{"from":[7,4,7],"to":[9,5,9],"rotation":{"angle":0,"axis":"y","origin":[8,0.85561,8.25168]},"faces":{"north":{"uv":[9.14286,13.71429,10.28571,14.28571],"texture":"#4"},"east":{"uv":[10.85714,13.71429,12,14.28571],"texture":"#4"},"south":{"uv":[0,14.28571,1.14286,14.85714],"texture":"#4"},"west":{"uv":[1.71429,14.28571,2.85714,14.85714],"texture":"#4"},"up":{"uv":[13.14286,1.14286,12,0],"texture":"#4"},"down":{"uv":[13.14286,1.71429,12,2.85714],"texture":"#4"}}},{"from":[7.125,0.50419,5.03339],"to":[8.875,2.25419,9.03339],"rotation":{"angle":-22.5,"axis":"x","origin":[8,1.35561,7.17668]},"faces":{"north":{"uv":[12,3.42857,13,4.42857],"texture":"#4"},"east":{"uv":[10.28571,8.57143,12.57143,9.57143],"texture":"#4"},"south":{"uv":[12,5.14286,13,6.14286],"texture":"#4"},"west":{"uv":[10.28571,10.28571,12.57143,11.28571],"texture":"#4"},"up":{"uv":[1,13.71429,0,11.42857],"texture":"#4"},"down":{"uv":[2.71429,11.42857,1.71429,13.71429],"texture":"#4"}}},{"from":[7.125,13.74581,5.03339],"to":[8.875,15.49581,9.03339],"rotation":{"angle":22.5,"axis":"x","origin":[8,14.64439,7.17668]},"faces":{"north":{"uv":[12,4.42857,13,3.42857],"texture":"#4"},"east":{"uv":[10.28571,9.57143,12.57143,8.57143],"texture":"#4"},"south":{"uv":[12,6.14286,13,5.14286],"texture":"#4"},"west":{"uv":[10.28571,11.28571,12.57143,10.28571],"texture":"#4"},"up":{"uv":[2.71429,13.71429,1.71429,11.42857],"texture":"#4"},"down":{"uv":[1,11.42857,0,13.71429],"texture":"#4"}}},{"from":[7.25,-0.8173,7.16349],"to":[8.75,0.6827,8.91349],"rotation":{"angle":45,"axis":"x","origin":[8,1.35561,7.17668]},"faces":{"east":{"uv":[13.71429,0,14.71429,0.85714],"texture":"#4"},"south":{"uv":[5.14286,13.71429,6,14.57143],"texture":"#4"},"west":{"uv":[13.71429,1.71429,14.71429,2.57143],"texture":"#4"},"up":{"uv":[4.28571,14.71429,3.42857,13.71429],"texture":"#4"},"down":{"uv":[14.57143,3.42857,13.71429,4.42857],"texture":"#4"}}},{"from":[7.375,-2.24116,7.02813],"to":[8.625,-0.99116,9.27813],"rotation":{"angle":22.5,"axis":"x","origin":[8,-1.40804,9.22236]},"faces":{"east":{"uv":[12,6.85714,13.28571,7.57143],"texture":"#4"},"south":{"uv":[14.28571,6.28571,15,7],"texture":"#4"},"west":{"uv":[10.28571,12,11.57143,12.71429],"texture":"#4"},"up":{"uv":[13.28571,13.28571,12.57143,12],"texture":"#4"},"down":{"uv":[13.85714,8.57143,13.14286,9.85714],"texture":"#4"}}},{"from":[7.5,-2.12494,8.91484],"to":[8.5,-1.12494,11.16484],"rotation":{"angle":0,"axis":"y","origin":[8,-1.40804,9.22236]},"faces":{"east":{"uv":[13.14286,10.85714,14.42857,11.42857],"texture":"#4"},"south":{"uv":[14.28571,12,14.85714,12.57143],"texture":"#4"},"west":{"uv":[13.71429,5.14286,15,5.71429],"texture":"#4"},"up":{"uv":[7.42857,15,6.85714,13.71429],"texture":"#4"},"down":{"uv":[8.57143,13.71429,8,15],"texture":"#4"}}},{"from":[7.25,15.3173,7.16349],"to":[8.75,16.8173,8.91349],"rotation":{"angle":-45,"axis":"x","origin":[8,14.64439,7.17668]},"faces":{"east":{"uv":[13.71429,0.85714,14.71429,0],"texture":"#4"},"south":{"uv":[5.14286,14.57143,6,13.71429],"texture":"#4"},"west":{"uv":[13.71429,2.57143,14.71429,1.71429],"texture":"#4"},"up":{"uv":[14.57143,4.42857,13.71429,3.42857],"texture":"#4"},"down":{"uv":[4.28571,13.71429,3.42857,14.71429],"texture":"#4"}}},{"from":[7.375,16.99116,7.02813],"to":[8.625,18.24116,9.27813],"rotation":{"angle":-22.5,"axis":"x","origin":[8,17.40804,9.22236]},"faces":{"east":{"uv":[12,7.57143,13.28571,6.85714],"texture":"#4"},"south":{"uv":[14.28571,7,15,6.28571],"texture":"#4"},"west":{"uv":[10.28571,12.71429,11.57143,12],"texture":"#4"},"up":{"uv":[13.85714,9.85714,13.14286,8.57143],"texture":"#4"},"down":{"uv":[13.28571,12,12.57143,13.28571],"texture":"#4"}}},{"from":[7.5,17.12494,8.91484],"to":[8.5,18.12494,11.16484],"rotation":{"angle":0,"axis":"y","origin":[8,17.40804,9.22236]},"faces":{"east":{"uv":[13.14286,11.42857,14.42857,10.85714],"texture":"#4"},"south":{"uv":[14.28571,12.57143,14.85714,12],"texture":"#4"},"west":{"uv":[13.71429,5.71429,15,5.14286],"texture":"#4"},"up":{"uv":[8.57143,15,8,13.71429],"texture":"#4"},"down":{"uv":[7.42857,13.71429,6.85714,15],"texture":"#4"}}},{"from":[8.75,17,10.5],"to":[9.25,17.5,13],"rotation":{"angle":22.5,"axis":"x","origin":[8,17.25,11.75]},"faces":{"north":{"uv":[5.26316,15.89474,5.36842,15.78947],"rotation":180,"texture":"#2"},"east":{"uv":[14.94737,11.68421,15.47369,11.57895],"rotation":180,"texture":"#2"},"south":{"uv":[4,15.89474,4.10526,15.78947],"rotation":180,"texture":"#2"},"west":{"uv":[14.94737,12.10526,15.47369,12],"rotation":180,"texture":"#2"},"up":{"uv":[12.94737,14.94737,12.8421,15.47369],"texture":"#2"},"down":{"uv":[13.36842,15.47369,13.26316,14.94737],"texture":"#2"}}},{"from":[7.25,17,10.5],"to":[8.75,17.5,11],"rotation":{"angle":22.5,"axis":"x","origin":[8,17.25,11.75]},"faces":{"north":{"uv":[7.78947,15.68421,8.10526,15.57895],"rotation":180,"texture":"#2"},"south":{"uv":[15.57895,7.68421,15.89474,7.57895],"rotation":180,"texture":"#2"},"up":{"uv":[15.89474,8,15.57895,8.10526],"texture":"#2"},"down":{"uv":[8.73684,15.68421,8.42105,15.57895],"texture":"#2"}}},{"from":[7.25,17,12.5],"to":[8.75,17.5,13],"rotation":{"angle":22.5,"axis":"x","origin":[8,17.25,11.75]},"faces":{"north":{"uv":[15.57895,8.94737,15.89474,8.8421],"rotation":180,"texture":"#2"},"south":{"uv":[15.57895,8.52631,15.89474,8.42105],"rotation":180,"texture":"#2"},"up":{"uv":[15.89474,9.26316,15.57895,9.36842],"texture":"#2"},"down":{"uv":[15.89474,9.78947,15.57895,9.68421],"texture":"#2"}}},{"from":[6.75,17,10.5],"to":[7.25,17.5,13],"rotation":{"angle":22.5,"axis":"x","origin":[8,17.25,11.75]},"faces":{"north":{"uv":[6.10526,15.89474,6.21053,15.78947],"rotation":180,"texture":"#2"},"east":{"uv":[14.52631,15.05263,15.05263,14.94737],"rotation":180,"texture":"#2"},"south":{"uv":[5.68421,15.89474,5.78947,15.78947],"rotation":180,"texture":"#2"},"west":{"uv":[0,15.26316,0.52631,15.1579],"rotation":180,"texture":"#2"},"up":{"uv":[13.78947,14.94737,13.68421,15.47369],"texture":"#2"},"down":{"uv":[0.94737,15.68421,0.8421,15.1579],"texture":"#2"}}},{"from":[7.995,-1.5,12.1],"to":[8.005,17.5,17.1],"rotation":{"angle":0,"axis":"y","origin":[7.995,0.5,12.1]},"faces":{"east":{"uv":[2.85714,0,0,10.85714],"texture":"#4"},"west":{"uv":[0,0,2.85714,10.85714],"texture":"#4"}}},{"from":[7,7.985,-0.4],"to":[9,8.015,12.85],"rotation":{"angle":0,"axis":"y","origin":[8,8,6.225]},"faces":{"up":{"uv":[11.42857,7.57143,10.28571,0],"texture":"#4"},"down":{"uv":[11.42857,0,10.28571,7.57143],"texture":"#4"}}},{"from":[7.985,7,-0.4],"to":[8.015,9,12.85],"rotation":{"angle":0,"axis":"y","origin":[8,8,6.225]},"faces":{"east":{"uv":[11.42857,0,10.28571,7.57143],"rotation":270,"texture":"#4"},"west":{"uv":[11.42857,7.57143,10.28571,0],"rotation":270,"texture":"#4"}}},{"from":[8,5.5,7.11612],"to":[9.25,7,8.36612],"rotation":{"angle":-45,"axis":"y","origin":[8,5.5,7.11612]},"faces":{"north":{"uv":[14.31579,4,14.57895,4.31579],"texture":"#2"},"east":{"uv":[5.47369,14.31579,5.73684,14.63158],"texture":"#2"},"south":{"uv":[6.10526,14.31579,6.36842,14.63158],"texture":"#2"},"west":{"uv":[14.31579,11.78947,14.57895,12.10526],"texture":"#2"},"up":{"uv":[12.47369,14.78947,12.21053,14.52631],"texture":"#2"}}},{"from":[7.75,5,6.86612],"to":[9.5,5.5,8.61612],"rotation":{"angle":-45,"axis":"y","origin":[8,3.5,7.11612]},"faces":{"north":{"uv":[14.10526,15.36842,14.47369,15.47369],"texture":"#2"},"east":{"uv":[14.73684,15.36842,15.10526,15.47369],"texture":"#2"},"south":{"uv":[15.36842,14.94737,15.73684,15.05263],"texture":"#2"},"west":{"uv":[15.36842,15.36842,15.73684,15.47369],"texture":"#2"},"up":{"uv":[13.8421,6.68421,13.47369,6.31579],"texture":"#2"},"down":{"uv":[13.8421,6.94737,13.47369,7.31579],"texture":"#2"}}},{"from":[8.25,7,7.18934],"to":[9.25,9,8.18934],"rotation":{"angle":-45,"axis":"y","origin":[8,7.5,6.93934]},"faces":{"north":{"uv":[9.05263,8,9.26316,8.42105],"texture":"#2"},"east":{"uv":[9.68421,3.36842,9.89474,3.78947],"texture":"#2"},"south":{"uv":[14.10526,9.68421,14.31579,10.10526],"texture":"#2"},"west":{"uv":[14.10526,10.31579,14.31579,10.73684],"texture":"#2"}}},{"from":[8,9,7.11612],"to":[9.25,10.5,8.36612],"rotation":{"angle":-45,"axis":"y","origin":[8,8.5,7.11612]},"faces":{"north":{"uv":[14.52631,1.68421,14.78947,2],"texture":"#2"},"east":{"uv":[2.52631,14.52631,2.78947,14.8421],"texture":"#2"},"south":{"uv":[14.52631,4.63158,14.78947,4.94737],"texture":"#2"},"west":{"uv":[14.52631,5.26316,14.78947,5.57895],"texture":"#2"},"down":{"uv":[14.78947,12.42105,14.52631,12.68421],"texture":"#2"}}},{"from":[7.75,10.5,6.86612],"to":[9.5,11,8.61612],"rotation":{"angle":-45,"axis":"y","origin":[8,9,7.11612]},"faces":{"north":{"uv":[15.57895,2.94737,15.94737,3.05263],"texture":"#2"},"east":{"uv":[15.57895,3.36842,15.94737,3.47369],"texture":"#2"},"south":{"uv":[15.57895,4.42105,15.94737,4.52631],"texture":"#2"},"west":{"uv":[4.63158,15.57895,5,15.68421],"texture":"#2"},"up":{"uv":[13.8421,8.78947,13.47369,8.42105],"texture":"#2"},"down":{"uv":[9.42105,13.47369,9.05263,13.8421],"texture":"#2"}}}],"gui_light":"front","display":{"thirdperson_righthand":{"translation":[0,-2,0.75]},"thirdperson_lefthand":{"translation":[0,-2,0.75]},"firstperson_righthand":{"rotation":[18.71,4.94,-0.89],"translation":[4.25,3.5,-4],"scale":[0.7,0.7,0.7]},"firstperson_lefthand":{"rotation":[19.9,-35.05,-1.43],"translation":[6.75,2.15,-0.35],"scale":[0.7,0.7,0.7]},"ground":{"rotation":[45,0,0],"translation":[0,5,0],"scale":[0.7,0.7,0.7]},"gui":{"rotation":[-90,135,90],"translation":[-1,1,0],"scale":[0.95,0.95,0.95]},"head":{"rotation":[0,-90,0]},"fixed":{"rotation":[0,-90,0],"translation":[0,0,-2.25],"scale":[2,2,2]}},"groups":[{"name":"bow","origin":[7.5,18.25,4.5],"color":0,"children":[0,1,2,3,4,5,6,7,8,9,10,11,12,13,14,15,16,17,18,19,20,21,22,23,24,25,26,27,28,29,30,31,32,33,34,35,36,37,38,39,40,41]}],"USER":"13729","NONCE":"522c47e8fe8dc116f84fd8fdaa610de9","TIMESTAMP":"1743388369","RESOURCE":"13798","MCMODELS":"1","mcmodels":"522c47e8fe8dc116f84fd8fdaa610de9"}