{"credit":"Pologony Creation Co.,Ltd.","texture_size":[84,84],"textures":{"1":"item/aprilfools/animated/confetti_animated","2":"item/aprilfools/weapons_tools","3":"item/aprilfools/animated/haha_animated","6":"item/aprilfools/chest","particle":"item/aprilfools/animated/confetti_animated"},"elements":[{"from":[6.5,0.5,0],"to":[9.5,2,1],"rotation":{"angle":0,"axis":"z","origin":[8,11.4375,6.625]},"faces":{"north":{"uv":[12.57143,12,13.14286,12.28571],"texture":"#6"},"east":{"uv":[12.19048,12.95238,12.38095,13.2381],"texture":"#6"},"south":{"uv":[12.57143,12.57143,13.14286,12.85714],"texture":"#6"},"west":{"uv":[6.85714,13.14286,7.04762,13.42857],"texture":"#6"},"up":{"uv":[12.95238,1.33333,12.38095,1.14286],"texture":"#6"},"down":{"uv":[13.71429,1.14286,13.14286,1.33333],"texture":"#6"}}},{"from":[19,0.5,6.5],"to":[20,2,9.5],"rotation":{"angle":0,"axis":"z","origin":[8,11.4375,6.625]},"faces":{"north":{"uv":[7.2381,13.14286,7.42857,13.42857],"texture":"#6"},"east":{"uv":[12.95238,0,13.52381,0.28571],"texture":"#6"},"south":{"uv":[7.61905,13.14286,7.80952,13.42857],"texture":"#6"},"west":{"uv":[12.95238,0.57143,13.52381,0.85714],"texture":"#6"},"up":{"uv":[4,10.28571,3.80952,9.71429],"texture":"#6"},"down":{"uv":[9.14286,12.57143,9.33333,13.14286],"texture":"#6"}}},{"from":[-3,0.5,1],"to":[19,7.5,15],"rotation":{"angle":0,"axis":"y","origin":[8,11.4375,6.625]},"faces":{"north":{"uv":[4.38095,8.95238,8.57143,10.28571],"texture":"#6"},"east":{"uv":[9.33333,6.09524,12,7.42857],"texture":"#6"},"south":{"uv":[8.7619,8.95238,12.95238,10.28571],"texture":"#6"},"west":{"uv":[9.52381,0,12.19048,1.33333],"texture":"#6"},"up":{"uv":[9.14286,8.7619,4.95238,6.09524],"texture":"#6"},"down":{"uv":[4.19048,6.85714,0,9.52381],"texture":"#6"}}},{"from":[-1.5,0.25,0.5],"to":[17.5,1.5,2],"rotation":{"angle":0,"axis":"y","origin":[8,11.4375,6.625]},"faces":{"north":{"uv":[11.42857,11.04762,15.04762,11.28571],"texture":"#6"},"south":{"uv":[3.42857,11.61905,7.04762,11.85714],"texture":"#6"},"up":{"uv":[13.14286,4.66667,9.52381,4.38095],"texture":"#6"},"down":{"uv":[13.14286,4.95238,9.52381,5.2381],"texture":"#6"}}},{"from":[6.5,0.5,15],"to":[9.5,2,16],"rotation":{"angle":0,"axis":"z","origin":[8,11.4375,6.625]},"faces":{"north":{"uv":[13.14286,12.57143,12.57143,12.85714],"texture":"#6"},"east":{"uv":[12.38095,12.95238,12.19048,13.2381],"texture":"#6"},"south":{"uv":[13.14286,12,12.57143,12.28571],"texture":"#6"},"west":{"uv":[7.04762,13.14286,6.85714,13.42857],"texture":"#6"},"up":{"uv":[12.95238,1.14286,12.38095,1.33333],"texture":"#6"},"down":{"uv":[13.71429,1.33333,13.14286,1.14286],"texture":"#6"}}},{"from":[-1.5,0.25,14],"to":[17.5,1.5,15.5],"rotation":{"angle":0,"axis":"y","origin":[8,11.4375,6.625]},"faces":{"north":{"uv":[7.04762,11.61905,3.42857,11.85714],"texture":"#6"},"south":{"uv":[15.04762,11.04762,11.42857,11.28571],"texture":"#6"},"up":{"uv":[13.14286,4.38095,9.52381,4.66667],"texture":"#6"},"down":{"uv":[13.14286,5.2381,9.52381,4.95238],"texture":"#6"}}},{"from":[-1.5,6.5,0.5],"to":[17.5,8,2],"rotation":{"angle":0,"axis":"y","origin":[8,11.4375,6.625]},"faces":{"north":{"uv":[9.52381,5.52381,13.14286,5.80952],"texture":"#6"},"south":{"uv":[0,9.71429,3.61905,10],"texture":"#6"},"up":{"uv":[3.61905,10.57143,0,10.28571],"texture":"#6"},"down":{"uv":[7.42857,10.47619,3.80952,10.7619],"texture":"#6"}}},{"from":[-1.5,6.5,14],"to":[17.5,8,15.5],"rotation":{"angle":0,"axis":"y","origin":[8,11.4375,6.625]},"faces":{"north":{"uv":[7.61905,10.47619,11.2381,10.7619],"texture":"#6"},"south":{"uv":[0,10.85714,3.61905,11.14286],"texture":"#6"},"up":{"uv":[7.42857,11.33333,3.80952,11.04762],"texture":"#6"},"down":{"uv":[11.2381,11.04762,7.61905,11.33333],"texture":"#6"}}},{"from":[18,0.25,2.5],"to":[19.5,1.5,13.5],"rotation":{"angle":0,"axis":"y","origin":[8,11.4375,6.625]},"faces":{"east":{"uv":[12.19048,6.47619,14.28571,6.71429],"texture":"#6"},"west":{"uv":[12.19048,7.04762,14.28571,7.28571],"texture":"#6"},"up":{"uv":[0.28571,14.09524,0,12],"texture":"#6"},"down":{"uv":[0.85714,12,0.57143,14.09524],"texture":"#6"}}},{"from":[18,6.5,2.5],"to":[19.5,8,13.5],"rotation":{"angle":0,"axis":"y","origin":[8,11.4375,6.625]},"faces":{"east":{"uv":[1.14286,12,3.2381,12.28571],"texture":"#6"},"west":{"uv":[7.2381,12,9.33333,12.28571],"texture":"#6"},"up":{"uv":[9.80952,14.09524,9.52381,12],"texture":"#6"},"down":{"uv":[10.38095,12,10.09524,14.09524],"texture":"#6"}}},{"from":[-3.5,6.5,2.5],"to":[-2,8,13.5],"rotation":{"angle":0,"axis":"y","origin":[8,11.4375,6.625]},"faces":{"east":{"uv":[9.33333,12,7.2381,12.28571],"texture":"#6"},"west":{"uv":[3.2381,12,1.14286,12.28571],"texture":"#6"},"up":{"uv":[9.52381,14.09524,9.80952,12],"texture":"#6"},"down":{"uv":[10.09524,12,10.38095,14.09524],"texture":"#6"}}},{"from":[-4,0.5,6.5],"to":[-3,2,9.5],"rotation":{"angle":0,"axis":"z","origin":[8,11.4375,6.625]},"faces":{"north":{"uv":[7.42857,13.14286,7.2381,13.42857],"texture":"#6"},"east":{"uv":[13.52381,0.57143,12.95238,0.85714],"texture":"#6"},"south":{"uv":[7.80952,13.14286,7.61905,13.42857],"texture":"#6"},"west":{"uv":[13.52381,0,12.95238,0.28571],"texture":"#6"},"up":{"uv":[3.80952,10.28571,4,9.71429],"texture":"#6"},"down":{"uv":[9.33333,12.57143,9.14286,13.14286],"texture":"#6"}}},{"from":[-3.5,0.25,2.5],"to":[-2,1.5,13.5],"rotation":{"angle":0,"axis":"y","origin":[8,11.4375,6.625]},"faces":{"east":{"uv":[14.28571,7.04762,12.19048,7.28571],"texture":"#6"},"west":{"uv":[14.28571,6.47619,12.19048,6.71429],"texture":"#6"},"up":{"uv":[0,14.09524,0.28571,12],"texture":"#6"},"down":{"uv":[0.57143,12,0.85714,14.09524],"texture":"#6"}}},{"from":[17.5,0,0],"to":[20,1.75,2.5],"rotation":{"angle":0,"axis":"y","origin":[8,11.4375,6.625]},"faces":{"north":{"uv":[10.66667,12.95238,11.14286,13.28571],"texture":"#6"},"east":{"uv":[11.42857,12.95238,11.90476,13.28571],"texture":"#6"},"south":{"uv":[4.57143,13.14286,5.04762,13.47619],"texture":"#6"},"west":{"uv":[5.33333,13.14286,5.80952,13.47619],"texture":"#6"},"up":{"uv":[2.19048,13.04762,1.71429,12.57143],"texture":"#6"},"down":{"uv":[2.95238,12.57143,2.47619,13.04762],"texture":"#6"}}},{"from":[17.75,1.75,0.25],"to":[19.75,6.25,2.25],"rotation":{"angle":0,"axis":"y","origin":[8,11.4375,6.625]},"faces":{"north":{"uv":[4.38095,6.85714,4.7619,7.71429],"texture":"#6"},"east":{"uv":[6.28571,12.19048,6.66667,13.04762],"texture":"#6"},"south":{"uv":[12.38095,0,12.7619,0.85714],"texture":"#6"},"west":{"uv":[1.14286,12.57143,1.52381,13.42857],"texture":"#6"}}},{"from":[17.5,6.25,0],"to":[20,8.25,2.5],"rotation":{"angle":0,"axis":"y","origin":[8,11.4375,6.625]},"faces":{"north":{"uv":[5.52381,12.57143,6,12.95238],"texture":"#6"},"east":{"uv":[6.85714,12.57143,7.33333,12.95238],"texture":"#6"},"south":{"uv":[7.61905,12.57143,8.09524,12.95238],"texture":"#6"},"west":{"uv":[8.38095,12.57143,8.85714,12.95238],"texture":"#6"},"up":{"uv":[13.04762,3.33333,12.57143,2.85714],"texture":"#6"},"down":{"uv":[3.71429,12.57143,3.2381,13.04762],"texture":"#6"}}},{"from":[17.5,6.25,13.5],"to":[20,8.25,16],"rotation":{"angle":0,"axis":"y","origin":[8,11.4375,6.625]},"faces":{"north":{"uv":[8.09524,12.57143,7.61905,12.95238],"texture":"#6"},"east":{"uv":[7.33333,12.57143,6.85714,12.95238],"texture":"#6"},"south":{"uv":[6,12.57143,5.52381,12.95238],"texture":"#6"},"west":{"uv":[8.85714,12.57143,8.38095,12.95238],"texture":"#6"},"up":{"uv":[13.04762,2.85714,12.57143,3.33333],"texture":"#6"},"down":{"uv":[3.71429,13.04762,3.2381,12.57143],"texture":"#6"}}},{"from":[17.75,1.75,13.75],"to":[19.75,6.25,15.75],"rotation":{"angle":0,"axis":"y","origin":[8,11.4375,6.625]},"faces":{"north":{"uv":[12.7619,0,12.38095,0.85714],"texture":"#6"},"east":{"uv":[6.66667,12.19048,6.28571,13.04762],"texture":"#6"},"south":{"uv":[4.7619,6.85714,4.38095,7.71429],"texture":"#6"},"west":{"uv":[1.52381,12.57143,1.14286,13.42857],"texture":"#6"}}},{"from":[17.5,0,13.5],"to":[20,1.75,16],"rotation":{"angle":0,"axis":"y","origin":[8,11.4375,6.625]},"faces":{"north":{"uv":[5.04762,13.14286,4.57143,13.47619],"texture":"#6"},"east":{"uv":[11.90476,12.95238,11.42857,13.28571],"texture":"#6"},"south":{"uv":[11.14286,12.95238,10.66667,13.28571],"texture":"#6"},"west":{"uv":[5.80952,13.14286,5.33333,13.47619],"texture":"#6"},"up":{"uv":[2.19048,12.57143,1.71429,13.04762],"texture":"#6"},"down":{"uv":[2.95238,13.04762,2.47619,12.57143],"texture":"#6"}}},{"from":[-4,6.25,0],"to":[-1.5,8.25,2.5],"rotation":{"angle":0,"axis":"y","origin":[8,11.4375,6.625]},"faces":{"north":{"uv":[6,12.57143,5.52381,12.95238],"texture":"#6"},"east":{"uv":[8.85714,12.57143,8.38095,12.95238],"texture":"#6"},"south":{"uv":[8.09524,12.57143,7.61905,12.95238],"texture":"#6"},"west":{"uv":[7.33333,12.57143,6.85714,12.95238],"texture":"#6"},"up":{"uv":[12.57143,3.33333,13.04762,2.85714],"texture":"#6"},"down":{"uv":[3.2381,12.57143,3.71429,13.04762],"texture":"#6"}}},{"from":[-3.75,1.75,0.25],"to":[-1.75,6.25,2.25],"rotation":{"angle":0,"axis":"y","origin":[8,11.4375,6.625]},"faces":{"north":{"uv":[4.7619,6.85714,4.38095,7.71429],"texture":"#6"},"east":{"uv":[1.52381,12.57143,1.14286,13.42857],"texture":"#6"},"south":{"uv":[12.7619,0,12.38095,0.85714],"texture":"#6"},"west":{"uv":[6.66667,12.19048,6.28571,13.04762],"texture":"#6"}}},{"from":[-4,0,0],"to":[-1.5,1.75,2.5],"rotation":{"angle":0,"axis":"y","origin":[8,11.4375,6.625]},"faces":{"north":{"uv":[11.14286,12.95238,10.66667,13.28571],"texture":"#6"},"east":{"uv":[5.80952,13.14286,5.33333,13.47619],"texture":"#6"},"south":{"uv":[5.04762,13.14286,4.57143,13.47619],"texture":"#6"},"west":{"uv":[11.90476,12.95238,11.42857,13.28571],"texture":"#6"},"up":{"uv":[1.71429,13.04762,2.19048,12.57143],"texture":"#6"},"down":{"uv":[2.47619,12.57143,2.95238,13.04762],"texture":"#6"}}},{"from":[-4,6.25,13.5],"to":[-1.5,8.25,16],"rotation":{"angle":0,"axis":"y","origin":[8,11.4375,6.625]},"faces":{"north":{"uv":[7.61905,12.57143,8.09524,12.95238],"texture":"#6"},"east":{"uv":[8.38095,12.57143,8.85714,12.95238],"texture":"#6"},"south":{"uv":[5.52381,12.57143,6,12.95238],"texture":"#6"},"west":{"uv":[6.85714,12.57143,7.33333,12.95238],"texture":"#6"},"up":{"uv":[12.57143,2.85714,13.04762,3.33333],"texture":"#6"},"down":{"uv":[3.2381,13.04762,3.71429,12.57143],"texture":"#6"}}},{"from":[-3.75,1.75,13.75],"to":[-1.75,6.25,15.75],"rotation":{"angle":0,"axis":"y","origin":[8,11.4375,6.625]},"faces":{"north":{"uv":[12.38095,0,12.7619,0.85714],"texture":"#6"},"east":{"uv":[1.14286,12.57143,1.52381,13.42857],"texture":"#6"},"south":{"uv":[4.38095,6.85714,4.7619,7.71429],"texture":"#6"},"west":{"uv":[6.28571,12.19048,6.66667,13.04762],"texture":"#6"}}},{"from":[-4,0,13.5],"to":[-1.5,1.75,16],"rotation":{"angle":0,"axis":"y","origin":[8,11.4375,6.625]},"faces":{"north":{"uv":[4.57143,13.14286,5.04762,13.47619],"texture":"#6"},"east":{"uv":[5.33333,13.14286,5.80952,13.47619],"texture":"#6"},"south":{"uv":[10.66667,12.95238,11.14286,13.28571],"texture":"#6"},"west":{"uv":[11.42857,12.95238,11.90476,13.28571],"texture":"#6"},"up":{"uv":[1.71429,12.57143,2.19048,13.04762],"texture":"#6"},"down":{"uv":[2.47619,13.04762,2.95238,12.57143],"texture":"#6"}}},{"from":[6,4.25,-0.25],"to":[10,8.25,1.25],"rotation":{"angle":0,"axis":"y","origin":[8,11.4375,6.625]},"faces":{"north":{"uv":[10.66667,12,11.42857,12.7619],"texture":"#6"},"east":{"uv":[4.38095,8,4.66667,8.7619],"texture":"#6"},"south":{"uv":[11.61905,12,12.38095,12.7619],"texture":"#6"},"west":{"uv":[4,12.57143,4.28571,13.33333],"texture":"#6"},"up":{"uv":[13.33333,3.90476,12.57143,3.61905],"texture":"#6"},"down":{"uv":[5.33333,12.57143,4.57143,12.85714],"texture":"#6"}}},{"from":[6.5,9.25,-2],"to":[9.5,12.25,1],"rotation":{"angle":0,"axis":"y","origin":[8,11.4375,6.625]},"faces":{"north":{"uv":[11.15789,8.84211,11.78947,9.47368],"texture":"#2"},"east":{"uv":[11.15789,4,11.78947,4.63158],"texture":"#2"},"south":{"uv":[7.78947,11.15789,8.42105,11.78947],"texture":"#2"},"west":{"uv":[8.63158,11.15789,9.26316,11.78947],"texture":"#2"},"up":{"uv":[11.78947,10.31579,11.15789,9.68421],"rotation":90,"texture":"#2"},"down":{"uv":[0.63158,11.36842,0,12],"rotation":270,"texture":"#2"}}},{"from":[8.14995,11.87113,-1.5],"to":[12.14995,13.87113,0.5],"rotation":{"angle":-22.5,"axis":"z","origin":[8,11.4375,6.625]},"faces":{"north":{"uv":[10.94737,5.89474,11.78947,6.31579],"texture":"#2"},"east":{"uv":[10.10526,13.05263,10.52632,13.47368],"texture":"#2"},"south":{"uv":[9.26316,6.10526,10.10526,6.52632],"texture":"#2"},"west":{"uv":[13.05263,10.52632,13.47368,10.94737],"texture":"#2"},"up":{"uv":[4.42105,12.63158,4,11.78947],"rotation":90,"texture":"#2"},"down":{"uv":[5.05263,11.78947,4.63158,12.63158],"rotation":270,"texture":"#2"}}},{"from":[10.39995,10.87113,-1.5],"to":[12.14995,11.87113,0.5],"rotation":{"angle":-22.5,"axis":"z","origin":[8,11.4375,6.625]},"faces":{"north":{"uv":[14.52632,9.05263,14.89474,9.26316],"texture":"#2"},"east":{"uv":[14.10526,3.57895,14.52632,3.78947],"texture":"#2"},"south":{"uv":[14.31579,7.57895,14.68421,7.78947],"texture":"#2"},"west":{"uv":[14.10526,7.15789,14.52632,7.36842],"texture":"#2"},"down":{"uv":[13.89474,3.36842,13.47368,3.73684],"rotation":270,"texture":"#2"}}},{"from":[11.552,11.83525,-1],"to":[12.552,12.83525,0],"rotation":{"angle":-45,"axis":"z","origin":[8,11.4375,6.625]},"faces":{"north":{"uv":[15.15789,8.84211,15.36842,9.05263],"texture":"#2"},"east":{"uv":[15.15789,6.94737,15.36842,7.15789],"texture":"#2"},"south":{"uv":[15.15789,8,15.36842,8.21053],"texture":"#2"},"west":{"uv":[15.15789,8.42105,15.36842,8.63158],"texture":"#2"},"up":{"uv":[9.26316,15.36842,9.05263,15.15789],"rotation":90,"texture":"#2"},"down":{"uv":[15.36842,9.26316,15.15789,9.47368],"rotation":270,"texture":"#2"}}},{"from":[3.85005,11.87113,-1.5],"to":[7.85005,13.87113,0.5],"rotation":{"angle":22.5,"axis":"z","origin":[8,11.4375,6.625]},"faces":{"north":{"uv":[11.78947,4.84211,12.63158,5.26316],"texture":"#2"},"east":{"uv":[0,13.26316,0.42105,13.68421],"texture":"#2"},"south":{"uv":[11.36842,7.36842,12.21053,7.78947],"texture":"#2"},"west":{"uv":[13.26316,0.63158,13.68421,1.05263],"texture":"#2"},"up":{"uv":[5.68421,12.63158,5.26316,11.78947],"rotation":90,"texture":"#2"},"down":{"uv":[6.31579,11.78947,5.89474,12.63158],"rotation":270,"texture":"#2"}}},{"from":[3.448,11.83525,-1],"to":[4.448,12.83525,0],"rotation":{"angle":45,"axis":"z","origin":[8,11.4375,6.625]},"faces":{"north":{"uv":[15.15789,10.94737,15.36842,11.15789],"texture":"#2"},"east":{"uv":[15.15789,9.68421,15.36842,9.89474],"texture":"#2"},"south":{"uv":[15.15789,10.10526,15.36842,10.31579],"texture":"#2"},"west":{"uv":[15.15789,10.52632,15.36842,10.73684],"texture":"#2"},"up":{"uv":[12.21053,15.36842,12,15.15789],"rotation":90,"texture":"#2"},"down":{"uv":[12.63158,15.15789,12.42105,15.36842],"rotation":270,"texture":"#2"}}},{"from":[3.85005,10.87113,-1.5],"to":[5.60005,11.87113,0.5],"rotation":{"angle":22.5,"axis":"z","origin":[8,11.4375,6.625]},"faces":{"north":{"uv":[14.52632,9.89474,14.89474,10.10526],"texture":"#2"},"east":{"uv":[14.10526,8.63158,14.52632,8.84211],"texture":"#2"},"south":{"uv":[14.52632,9.47368,14.89474,9.68421],"texture":"#2"},"west":{"uv":[12.21053,14.10526,12.63158,14.31579],"texture":"#2"},"down":{"uv":[5.26316,13.47368,4.84211,13.84211],"rotation":270,"texture":"#2"}}},{"from":[6.5,17.25,1.75],"to":[9.5,20.25,4.75],"rotation":{"angle":0,"axis":"y","origin":[8,11.4375,6.625]},"faces":{"north":{"uv":[11.36842,0,12,0.63158],"texture":"#2"},"east":{"uv":[1.47368,11.36842,2.10526,12],"texture":"#2"},"south":{"uv":[10.10526,11.36842,10.73684,12],"texture":"#2"},"west":{"uv":[10.94737,11.36842,11.57895,12],"texture":"#2"},"up":{"uv":[12.21053,2.73684,11.57895,2.10526],"texture":"#2"},"down":{"uv":[2.94737,11.57895,2.31579,12.21053],"texture":"#2"}}},{"from":[6.25,13.82334,0.07088],"to":[9.75,17.07334,2.82088],"rotation":{"angle":22.5,"axis":"x","origin":[8,11.4375,6.625]},"faces":{"north":{"uv":[10.52632,2.10526,11.26316,2.78947],"texture":"#2"},"east":{"uv":[6.94737,11.57895,7.52632,12.26316],"texture":"#2"},"south":{"uv":[5.89474,10.73684,6.63158,11.42105],"texture":"#2"},"west":{"uv":[11.78947,0.84211,12.36842,1.52632],"texture":"#2"},"up":{"uv":[11.47368,1.84211,10.73684,1.26316],"texture":"#2"},"down":{"uv":[11.47368,6.52632,10.73684,7.10526],"texture":"#2"}}},{"from":[6,14,2.5],"to":[10,17.5,9],"rotation":{"angle":0,"axis":"y","origin":[8,11.4375,6.625]},"faces":{"north":{"uv":[1.47368,9.26316,2.31579,10],"texture":"#2"},"east":{"uv":[8.42105,4,9.78947,4.73684],"texture":"#2"},"south":{"uv":[9.26316,5.05263,10.10526,5.78947],"texture":"#2"},"west":{"uv":[4.63158,8.42105,6,9.15789],"texture":"#2"},"up":{"uv":[3.36842,8.73684,2.52632,7.36842],"texture":"#2"},"down":{"uv":[4.42105,7.36842,3.57895,8.73684],"texture":"#2"}}},{"from":[10.65295,10.30492,2.25],"to":[12.15295,12.30492,3.75],"rotation":{"angle":45,"axis":"z","origin":[8,11.4375,6.625]},"faces":{"north":{"uv":[12.21053,13.47368,12.52632,13.89474],"texture":"#2"},"east":{"uv":[12.84211,13.47368,13.15789,13.89474],"texture":"#2"},"south":{"uv":[13.47368,13.47368,13.78947,13.89474],"texture":"#2"},"west":{"uv":[1.89474,13.68421,2.21053,14.10526],"texture":"#2"},"up":{"uv":[14.42105,6.84211,14.10526,6.52632],"texture":"#2"},"down":{"uv":[8.10526,14.10526,7.78947,14.42105],"texture":"#2"}}},{"from":[10.65295,10.30492,7.75],"to":[12.15295,12.30492,9.25],"rotation":{"angle":45,"axis":"z","origin":[8,11.4375,6.625]},"faces":{"north":{"uv":[12.21053,13.47368,12.52632,13.89474],"texture":"#2"},"east":{"uv":[12.84211,13.47368,13.15789,13.89474],"texture":"#2"},"south":{"uv":[13.47368,13.47368,13.78947,13.89474],"texture":"#2"},"west":{"uv":[1.89474,13.68421,2.21053,14.10526],"texture":"#2"},"up":{"uv":[14.42105,6.84211,14.10526,6.52632],"texture":"#2"},"down":{"uv":[8.10526,14.10526,7.78947,14.42105],"texture":"#2"}}},{"from":[9.86025,20.25,3.4184],"to":[10.36025,21.75,4.9184],"rotation":{"angle":22.5,"axis":"y","origin":[8,11.4375,6.625]},"faces":{"north":{"uv":[15.57895,5.68421,15.68421,6],"texture":"#2"},"east":{"uv":[14.10526,8,14.42105,8.31579],"texture":"#2"},"south":{"uv":[15.57895,6.31579,15.68421,6.63158],"texture":"#2"},"west":{"uv":[8.42105,14.10526,8.73684,14.42105],"texture":"#2"},"up":{"uv":[7.05263,15.89474,6.94737,15.57895],"texture":"#2"},"down":{"uv":[15.68421,6.94737,15.57895,7.26316],"texture":"#2"}}},{"from":[9.86025,21.75,3.4184],"to":[10.36025,22.25,4.4184],"rotation":{"angle":22.5,"axis":"y","origin":[8,11.4375,6.625]},"faces":{"north":{"uv":[3.57895,15.78947,3.68421,15.89474],"texture":"#2"},"east":{"uv":[15.78947,1.26316,16,1.36842],"texture":"#2"},"south":{"uv":[15.78947,3.78947,15.89474,3.89474],"texture":"#2"},"west":{"uv":[2.31579,15.78947,2.52632,15.89474],"texture":"#2"},"up":{"uv":[2.84211,16,2.73684,15.78947],"texture":"#2"},"down":{"uv":[3.26316,15.78947,3.15789,16],"texture":"#2"}}},{"from":[5.63975,20.25,3.4184],"to":[6.13975,21.75,4.9184],"rotation":{"angle":-22.5,"axis":"y","origin":[8,11.4375,6.625]},"faces":{"north":{"uv":[15.68421,5.68421,15.57895,6],"texture":"#2"},"east":{"uv":[8.73684,14.10526,8.42105,14.42105],"texture":"#2"},"south":{"uv":[15.68421,6.31579,15.57895,6.63158],"texture":"#2"},"west":{"uv":[14.42105,8,14.10526,8.31579],"texture":"#2"},"up":{"uv":[6.94737,15.89474,7.05263,15.57895],"texture":"#2"},"down":{"uv":[15.57895,6.94737,15.68421,7.26316],"texture":"#2"}}},{"from":[5.63975,21.75,3.4184],"to":[6.13975,22.25,4.4184],"rotation":{"angle":-22.5,"axis":"y","origin":[8,11.4375,6.625]},"faces":{"north":{"uv":[3.68421,15.78947,3.57895,15.89474],"texture":"#2"},"east":{"uv":[2.52632,15.78947,2.31579,15.89474],"texture":"#2"},"south":{"uv":[15.89474,3.78947,15.78947,3.89474],"texture":"#2"},"west":{"uv":[16,1.26316,15.78947,1.36842],"texture":"#2"},"up":{"uv":[2.73684,16,2.84211,15.78947],"texture":"#2"},"down":{"uv":[3.15789,15.78947,3.26316,16],"texture":"#2"}}},{"from":[6.5,17.25,0.75],"to":[9.5,19.25,1.75],"rotation":{"angle":0,"axis":"y","origin":[8,11.4375,6.625]},"faces":{"north":{"uv":[11.36842,12.21053,12,12.63158],"texture":"#2"},"east":{"uv":[2.10526,14.31579,2.31579,14.73684],"texture":"#2"},"south":{"uv":[12.21053,12.21053,12.84211,12.63158],"texture":"#2"},"west":{"uv":[14.31579,2.31579,14.52632,2.73684],"texture":"#2"},"up":{"uv":[14.10526,7.78947,13.47368,7.57895],"texture":"#2"},"down":{"uv":[14.31579,1.89474,13.68421,2.10526],"texture":"#2"}}},{"from":[7.5,17.5,8],"to":[8.5,18.5,9],"rotation":{"angle":0,"axis":"y","origin":[8,11.4375,6.625]},"faces":{"north":{"uv":[15.15789,13.26316,15.36842,13.47368],"texture":"#2"},"east":{"uv":[15.15789,13.68421,15.36842,13.89474],"texture":"#2"},"south":{"uv":[15.15789,14.10526,15.36842,14.31579],"texture":"#2"},"west":{"uv":[15.15789,14.52632,15.36842,14.73684],"texture":"#2"},"up":{"uv":[15.57895,0.21053,15.36842,0],"texture":"#2"},"down":{"uv":[15.57895,0.42105,15.36842,0.63158],"texture":"#2"}}},{"from":[7.995,14.5,8],"to":[8.005,19.5,11.5],"rotation":{"angle":0,"axis":"y","origin":[8,11.4375,6.625]},"faces":{"east":{"uv":[6.63158,4.42105,5.89474,5.47368],"texture":"#2"},"west":{"uv":[5.89474,4.42105,6.63158,5.47368],"texture":"#2"}}},{"from":[13.34749,15.50206,-1.5],"to":[15.34749,17.50206,0.5],"rotation":{"angle":-45,"axis":"z","origin":[8,11.4375,6.625]},"faces":{"north":{"uv":[4.42105,12.84211,4.84211,13.26316],"texture":"#2"},"east":{"uv":[12.63158,9.47368,13.05263,9.89474],"texture":"#2"},"south":{"uv":[12.84211,0,13.26316,0.42105],"texture":"#2"},"west":{"uv":[12.84211,3.36842,13.26316,3.78947],"texture":"#2"},"up":{"uv":[13.26316,5.26316,12.84211,4.84211],"rotation":90,"texture":"#2"},"down":{"uv":[5.47368,12.84211,5.05263,13.26316],"rotation":270,"texture":"#2"}}},{"from":[13.59749,14.50206,-1.25],"to":[15.09749,15.50206,0.25],"rotation":{"angle":-45,"axis":"z","origin":[8,11.4375,6.625]},"faces":{"north":{"uv":[14.52632,14.52632,14.84211,14.73684],"texture":"#2"},"east":{"uv":[12.84211,14.52632,13.15789,14.73684],"texture":"#2"},"south":{"uv":[13.47368,14.52632,13.78947,14.73684],"texture":"#2"},"west":{"uv":[14.52632,14.10526,14.84211,14.31579],"texture":"#2"},"down":{"uv":[14.21053,12.63158,13.89474,12.94737],"rotation":270,"texture":"#2"}}},{"from":[0.65251,15.50206,-1.5],"to":[2.65251,17.50206,0.5],"rotation":{"angle":45,"axis":"z","origin":[8,11.4375,6.625]},"faces":{"north":{"uv":[12.84211,8.63158,13.26316,9.05263],"texture":"#2"},"east":{"uv":[5.68421,12.84211,6.10526,13.26316],"texture":"#2"},"south":{"uv":[7.78947,12.84211,8.21053,13.26316],"texture":"#2"},"west":{"uv":[8.42105,12.84211,8.84211,13.26316],"texture":"#2"},"up":{"uv":[9.47368,13.26316,9.05263,12.84211],"rotation":90,"texture":"#2"},"down":{"uv":[11.78947,12.84211,11.36842,13.26316],"rotation":270,"texture":"#2"}}},{"from":[0.90251,14.50206,-1.25],"to":[2.40251,15.50206,0.25],"rotation":{"angle":45,"axis":"z","origin":[8,11.4375,6.625]},"faces":{"north":{"uv":[1.05263,14.73684,1.36842,14.94737],"texture":"#2"},"east":{"uv":[0.42105,14.73684,0.73684,14.94737],"texture":"#2"},"south":{"uv":[14.73684,0.42105,15.05263,0.63158],"texture":"#2"},"west":{"uv":[14.73684,0.84211,15.05263,1.05263],"texture":"#2"},"down":{"uv":[0.73684,14.10526,0.42105,14.42105],"rotation":270,"texture":"#2"}}},{"from":[15.35096,13.66308,-0.505],"to":[22.35096,20.66308,-0.495],"rotation":{"angle":-22.5,"axis":"z","origin":[8,11.4375,6.625]},"faces":{"north":{"uv":[0,0,14,14],"texture":"#1"},"south":{"uv":[14,0,0,14],"texture":"#1"}}},{"from":[-6.35096,13.66308,-0.505],"to":[0.64904,20.66308,-0.495],"rotation":{"angle":22.5,"axis":"z","origin":[8,11.4375,6.625]},"faces":{"north":{"uv":[14,0,0,14],"texture":"#1"},"south":{"uv":[0,0,14,14],"texture":"#1"}}},{"from":[5.75,11.72783,-2.25],"to":[10.25,14.72783,-2.25],"rotation":{"angle":0,"axis":"y","origin":[8,11.4375,6.625]},"faces":{"north":{"uv":[10.28571,1,12.85714,2.71429],"texture":"#3"}}},{"from":[2,9.5,-1.75],"to":[6,11.25,-1.75],"rotation":{"angle":0,"axis":"y","origin":[8,11.4375,6.625]},"faces":{"north":{"uv":[12.57143,0,14.42857,1],"texture":"#3"}}},{"from":[10,8.75,-1.875],"to":[14,10.75,-1.875],"rotation":{"angle":0,"axis":"y","origin":[8,11.4375,6.625]},"faces":{"north":{"uv":[8,0,10.28571,1.14286],"texture":"#3"}}},{"from":[-4.5,8,-0.5],"to":[20.5,9.5,16.5],"rotation":{"angle":0,"axis":"y","origin":[8,11.4375,6.625]},"faces":{"north":{"uv":[9.33333,8.38095,14.09524,8.66667],"texture":"#6"},"east":{"uv":[0,11.42857,3.2381,11.71429],"texture":"#6"},"south":{"uv":[9.52381,2.28571,14.28571,2.57143],"texture":"#6"},"west":{"uv":[11.42857,10.47619,14.66667,10.7619],"texture":"#6"},"up":{"uv":[4.7619,3.2381,0,0],"texture":"#6"},"down":{"uv":[4.7619,3.42857,0,6.66667],"texture":"#6"}}},{"from":[-3.5,10.5,0.5],"to":[19.5,13,15.5],"rotation":{"angle":0,"axis":"y","origin":[8,11.4375,6.625]},"faces":{"north":{"uv":[9.33333,7.61905,13.71429,8.09524],"texture":"#6"},"east":{"uv":[9.52381,2.85714,12.38095,3.33333],"texture":"#6"},"south":{"uv":[9.52381,1.52381,13.90476,2],"texture":"#6"},"west":{"uv":[9.52381,3.61905,12.38095,4.09524],"texture":"#6"},"up":{"uv":[9.33333,2.85714,4.95238,0],"texture":"#6"},"down":{"uv":[9.33333,3.04762,4.95238,5.90476],"texture":"#6"}}},{"from":[-3,9.5,1],"to":[19,10.5,15],"rotation":{"angle":0,"axis":"y","origin":[8,11.4375,6.625]},"faces":{"north":{"uv":[7.2381,11.61905,11.42857,11.80952],"texture":"#6"},"east":{"uv":[3.42857,12.19048,6.09524,12.38095],"texture":"#6"},"south":{"uv":[11.61905,11.61905,15.80952,11.80952],"texture":"#6"},"west":{"uv":[12.19048,6.09524,14.85714,6.28571],"texture":"#6"}}},{"from":[3.84705,10.30492,7.75],"to":[5.34705,12.30492,9.25],"rotation":{"angle":-45,"axis":"z","origin":[8,11.4375,6.625]},"faces":{"north":{"uv":[12.52632,13.47368,12.21053,13.89474],"texture":"#2"},"east":{"uv":[2.21053,13.68421,1.89474,14.10526],"texture":"#2"},"south":{"uv":[13.78947,13.47368,13.47368,13.89474],"texture":"#2"},"west":{"uv":[13.15789,13.47368,12.84211,13.89474],"texture":"#2"},"up":{"uv":[14.10526,6.84211,14.42105,6.52632],"texture":"#2"},"down":{"uv":[7.78947,14.10526,8.10526,14.42105],"texture":"#2"}}},{"from":[3.84705,10.30492,2.25],"to":[5.34705,12.30492,3.75],"rotation":{"angle":-45,"axis":"z","origin":[8,11.4375,6.625]},"faces":{"north":{"uv":[12.52632,13.47368,12.21053,13.89474],"texture":"#2"},"east":{"uv":[2.21053,13.68421,1.89474,14.10526],"texture":"#2"},"south":{"uv":[13.78947,13.47368,13.47368,13.89474],"texture":"#2"},"west":{"uv":[13.15789,13.47368,12.84211,13.89474],"texture":"#2"},"up":{"uv":[14.10526,6.84211,14.42105,6.52632],"texture":"#2"},"down":{"uv":[7.78947,14.10526,8.10526,14.42105],"texture":"#2"}}}],"gui_light":"front","display":{"thirdperson_righthand":{"rotation":[-125,0,-180],"translation":[0,4.75,1.75],"scale":[0.5,0.5,0.5]},"thirdperson_lefthand":{"rotation":[-125,0,-180],"translation":[0,4.75,1.75],"scale":[0.5,0.5,0.5]},"firstperson_righthand":{"rotation":[163.5,0,-180],"translation":[-1,4.75,1.5],"scale":[0.4,0.4,0.4]},"firstperson_lefthand":{"rotation":[163.5,0,-180],"translation":[-1,4.75,1.5],"scale":[0.4,0.4,0.4]},"ground":{"translation":[0,5,0],"scale":[0.6,0.6,0.6]},"gui":{"rotation":[35,135,0],"translation":[0,1,0],"scale":[0.61,0.61,0.61]},"head":{"rotation":[0,180,0],"translation":[0,-30.5,0],"scale":[1.6,1.6,1.6]},"fixed":{"rotation":[-90,0,0],"translation":[0,0,-16],"scale":[2,2,2]}},"groups":[{"name":"chest","origin":[8,8,8],"color":0,"children":[{"name":"group","origin":[4,7.25,8],"color":0,"children":[0,1,2,3,4,5,6,7,8,9,10,11,12,13,14,15,16,17,18,19,20,21,22,23,24,25]},{"name":"group","origin":[5.5,20.75,7.5],"color":0,"children":[26,27,28,29,30,31,32,33,34,35,36,37,38,39,40,41,42,43,44,45,46,47,48,49,50,51,52,53,54,55,56,57,58]}]}],"USER":"13729","NONCE":"522c47e8fe8dc116f84fd8fdaa610de9","TIMESTAMP":"1743388369","RESOURCE":"13798","MCMODELS":"1","mcmodels":"522c47e8fe8dc116f84fd8fdaa610de9"}