{"credit":"Pologony Creation Co.,Ltd.","textures":{"1":"item/aprilfools/animated/confetti_animated","2":"item/aprilfools/weapons_tools","3":"item/aprilfools/animated/haha_animated","5":"item/aprilfools/crossbow","particle":"item/aprilfools/animated/confetti_animated"},"elements":[{"from":[6.5,8.5,9.75],"to":[9.5,11.5,12.75],"rotation":{"angle":-22.5,"axis":"x","origin":[8,10,11.25]},"faces":{"north":{"uv":[7.78947,11.1579,8.42105,11.78947],"texture":"#2"},"east":{"uv":[8.63158,11.1579,9.26316,11.78947],"texture":"#2"},"south":{"uv":[11.1579,8.8421,11.78947,9.47369],"texture":"#2"},"west":{"uv":[11.1579,4,11.78947,4.63158],"texture":"#2"},"up":{"uv":[11.78947,10.31579,11.1579,9.68421],"rotation":270,"texture":"#2"},"down":{"uv":[0.63158,11.36842,0,12],"rotation":90,"texture":"#2"}}},{"from":[4.18081,11.05533,10],"to":[8.18081,13.05533,12],"rotation":{"angle":22.5,"axis":"z","origin":[8,9.82318,11]},"faces":{"north":{"uv":[9.26316,6.10526,10.10526,6.52631],"texture":"#2"},"east":{"uv":[13.05263,10.52631,13.47369,10.94737],"texture":"#2"},"south":{"uv":[10.94737,5.89474,11.78947,6.31579],"texture":"#2"},"west":{"uv":[10.10526,13.05263,10.52631,13.47369],"texture":"#2"},"up":{"uv":[4.42105,12.63158,4,11.78947],"rotation":270,"texture":"#2"},"down":{"uv":[5.05263,11.78947,4.63158,12.63158],"rotation":90,"texture":"#2"}}},{"from":[4.18081,10.05533,10],"to":[5.93081,11.05533,12],"rotation":{"angle":22.5,"axis":"z","origin":[8,9.82318,11]},"faces":{"north":{"uv":[14.31579,7.57895,14.68421,7.78947],"texture":"#2"},"east":{"uv":[14.10526,7.1579,14.52631,7.36842],"texture":"#2"},"south":{"uv":[14.52631,9.05263,14.89474,9.26316],"texture":"#2"},"west":{"uv":[14.10526,3.57895,14.52631,3.78947],"texture":"#2"},"down":{"uv":[13.89474,3.36842,13.47369,3.73684],"rotation":90,"texture":"#2"}}},{"from":[7.81919,11.05533,10],"to":[11.81919,13.05533,12],"rotation":{"angle":-22.5,"axis":"z","origin":[8,9.82318,11]},"faces":{"north":{"uv":[11.36842,7.36842,12.21053,7.78947],"texture":"#2"},"east":{"uv":[13.26316,0.63158,13.68421,1.05263],"texture":"#2"},"south":{"uv":[11.78947,4.8421,12.63158,5.26316],"texture":"#2"},"west":{"uv":[0,13.26316,0.42105,13.68421],"texture":"#2"},"up":{"uv":[5.68421,12.63158,5.26316,11.78947],"rotation":270,"texture":"#2"},"down":{"uv":[6.31579,11.78947,5.89474,12.63158],"rotation":90,"texture":"#2"}}},{"from":[10.94083,10.83209,10.5],"to":[11.94083,11.83209,11.5],"rotation":{"angle":-45,"axis":"z","origin":[8,9.82318,11]},"faces":{"north":{"uv":[15.1579,10.10526,15.36842,10.31579],"texture":"#2"},"east":{"uv":[15.1579,10.52631,15.36842,10.73684],"texture":"#2"},"south":{"uv":[15.1579,10.94737,15.36842,11.1579],"texture":"#2"},"west":{"uv":[15.1579,9.68421,15.36842,9.89474],"texture":"#2"},"up":{"uv":[12.21053,15.36842,12,15.1579],"rotation":270,"texture":"#2"},"down":{"uv":[12.63158,15.1579,12.42105,15.36842],"rotation":90,"texture":"#2"}}},{"from":[10.06919,10.05533,10],"to":[11.81919,11.05533,12],"rotation":{"angle":-22.5,"axis":"z","origin":[8,9.82318,11]},"faces":{"north":{"uv":[14.52631,9.47369,14.89474,9.68421],"texture":"#2"},"east":{"uv":[12.21053,14.10526,12.63158,14.31579],"texture":"#2"},"south":{"uv":[14.52631,9.89474,14.89474,10.10526],"texture":"#2"},"west":{"uv":[14.10526,8.63158,14.52631,8.8421],"texture":"#2"},"down":{"uv":[5.26316,13.47369,4.8421,13.8421],"rotation":90,"texture":"#2"}}},{"from":[5.75,13.47783,-2.005],"to":[10.25,16.47783,-1.995],"rotation":{"angle":-22.5,"axis":"x","origin":[8,14.97783,-2]},"faces":{"north":{"uv":[10.28571,1,12.85714,2.71429],"texture":"#3"},"south":{"uv":[10.28571,1,12.85714,2.71429],"texture":"#3"}}},{"from":[10,12.5,-4.005],"to":[14,14.5,-3.995],"rotation":{"angle":22.5,"axis":"x","origin":[12,13.5,-4]},"faces":{"north":{"uv":[8,0,10.28571,1.14286],"texture":"#3"},"south":{"uv":[8,0,10.28571,1.14286],"texture":"#3"}}},{"from":[2,12.75,-4.005],"to":[6,14.5,-3.995],"rotation":{"angle":22.5,"axis":"x","origin":[4,13.625,-4]},"faces":{"north":{"uv":[12.57143,0,14.42857,1],"texture":"#3"},"south":{"uv":[12.57143,0,14.42857,1],"texture":"#3"}}},{"from":[4.05917,10.83209,10.5],"to":[5.05917,11.83209,11.5],"rotation":{"angle":45,"axis":"z","origin":[8,9.82318,11]},"faces":{"north":{"uv":[15.1579,8,15.36842,8.21053],"texture":"#2"},"east":{"uv":[15.1579,8.42105,15.36842,8.63158],"texture":"#2"},"south":{"uv":[15.1579,8.8421,15.36842,9.05263],"texture":"#2"},"west":{"uv":[15.1579,6.94737,15.36842,7.1579],"texture":"#2"},"up":{"uv":[9.26316,15.36842,9.05263,15.1579],"rotation":270,"texture":"#2"},"down":{"uv":[15.36842,9.26316,15.1579,9.47369],"rotation":90,"texture":"#2"}}},{"from":[16.22858,12.18366,-1.43099],"to":[16.72858,12.68366,1.06901],"rotation":{"angle":0,"axis":"y","origin":[12.7299,11.43366,-1.78743]},"faces":{"north":{"uv":[1.45455,14.18182,1.63636,14.36364],"rotation":90,"texture":"#5"},"east":{"uv":[14,1.45455,13.81818,2.36364],"rotation":270,"texture":"#5"},"south":{"uv":[7.27273,14.18182,7.45455,14.36364],"rotation":270,"texture":"#5"},"west":{"uv":[14,0.90909,13.81818,0],"rotation":270,"texture":"#5"},"up":{"uv":[13.45455,12.36364,14.36364,12.54545],"rotation":270,"texture":"#5"},"down":{"uv":[0,13.81818,0.90909,14],"rotation":270,"texture":"#5"}}},{"from":[16.22858,10.68366,-1.43099],"to":[16.72858,12.18366,-0.93099],"rotation":{"angle":0,"axis":"y","origin":[12.7299,11.43366,-1.78743]},"faces":{"north":{"uv":[8,13.81818,8.54545,14],"rotation":90,"texture":"#5"},"east":{"uv":[12.54545,13.81818,12,14],"rotation":270,"texture":"#5"},"south":{"uv":[9.09091,13.81818,9.63636,14],"rotation":270,"texture":"#5"},"west":{"uv":[10.72727,14,10.18182,13.81818],"rotation":270,"texture":"#5"}}},{"from":[16.22858,10.68366,0.56901],"to":[16.72858,12.18366,1.06901],"rotation":{"angle":0,"axis":"y","origin":[12.7299,11.43366,-1.78743]},"faces":{"north":{"uv":[13.09091,13.81818,13.63636,14],"rotation":90,"texture":"#5"},"east":{"uv":[14.72727,9.45455,14.18182,9.63636],"rotation":270,"texture":"#5"},"south":{"uv":[14.18182,6.90909,14.72727,7.09091],"rotation":270,"texture":"#5"},"west":{"uv":[14.72727,7.81818,14.18182,7.63636],"rotation":270,"texture":"#5"}}},{"from":[16.22858,10.18366,-1.43099],"to":[16.72858,10.68366,1.06901],"rotation":{"angle":0,"axis":"y","origin":[12.7299,11.43366,-1.78743]},"faces":{"north":{"uv":[11.27273,14.18182,11.45455,14.36364],"rotation":90,"texture":"#5"},"east":{"uv":[14,3.63636,13.81818,4.54545],"rotation":270,"texture":"#5"},"south":{"uv":[14.18182,13.09091,14.36364,13.27273],"rotation":270,"texture":"#5"},"west":{"uv":[3.81818,14.72727,3.63636,13.81818],"rotation":270,"texture":"#5"},"up":{"uv":[2.18182,13.81818,3.09091,14],"rotation":270,"texture":"#5"},"down":{"uv":[13.81818,2.90909,14.72727,3.09091],"rotation":270,"texture":"#5"}}},{"from":[5.25,11.6834,6.34297],"to":[7.25,13.6834,8.34297],"rotation":{"angle":-45,"axis":"x","origin":[6.25,11.9928,8.93024]},"faces":{"north":{"uv":[5.47369,13.26316,5.05263,12.8421],"rotation":180,"texture":"#2"},"east":{"uv":[13.26316,0,12.8421,0.42105],"rotation":270,"texture":"#2"},"south":{"uv":[13.26316,4.8421,12.8421,5.26316],"texture":"#2"},"west":{"uv":[4.8421,12.8421,4.42105,13.26316],"rotation":90,"texture":"#2"},"up":{"uv":[12.8421,3.78947,13.26316,3.36842],"texture":"#2"},"down":{"uv":[12.63158,9.89474,13.05263,9.47369],"rotation":180,"texture":"#2"}}},{"from":[5.5,11.9334,5.34297],"to":[7,13.4334,6.34297],"rotation":{"angle":-45,"axis":"x","origin":[6.25,11.9928,8.93024]},"faces":{"north":{"uv":[14.21053,12.94737,13.89474,12.63158],"rotation":180,"texture":"#2"},"east":{"uv":[13.78947,14.52631,13.47369,14.73684],"rotation":270,"texture":"#2"},"west":{"uv":[14.8421,14.52631,14.52631,14.73684],"rotation":90,"texture":"#2"},"up":{"uv":[14.52631,14.31579,14.8421,14.10526],"texture":"#2"},"down":{"uv":[12.8421,14.73684,13.1579,14.52631],"rotation":180,"texture":"#2"}}},{"from":[8.75,10.57843,5.78921],"to":[10.75,12.57843,7.78921],"rotation":{"angle":45,"axis":"x","origin":[9.75,10.82843,6.78921]},"faces":{"north":{"uv":[5.68421,12.8421,6.10526,13.26316],"texture":"#2"},"east":{"uv":[7.78947,12.8421,8.21053,13.26316],"texture":"#2"},"south":{"uv":[8.42105,12.8421,8.8421,13.26316],"texture":"#2"},"west":{"uv":[12.8421,8.63158,13.26316,9.05263],"texture":"#2"},"up":{"uv":[9.47369,13.26316,9.05263,12.8421],"texture":"#2"},"down":{"uv":[11.78947,12.8421,11.36842,13.26316],"texture":"#2"}}},{"from":[9,9.57843,6.03921],"to":[10.5,10.57843,7.53921],"rotation":{"angle":45,"axis":"x","origin":[9.75,10.82843,6.78921]},"faces":{"north":{"uv":[0.42105,14.73684,0.73684,14.94737],"texture":"#2"},"east":{"uv":[14.73684,0.42105,15.05263,0.63158],"texture":"#2"},"south":{"uv":[14.73684,0.8421,15.05263,1.05263],"texture":"#2"},"west":{"uv":[1.05263,14.73684,1.36842,14.94737],"texture":"#2"},"down":{"uv":[0.73684,14.10526,0.42105,14.42105],"texture":"#2"}}},{"from":[4.37,11.3625,6.5516],"to":[4.38,18.3625,13.5516],"rotation":{"angle":-45,"axis":"y","origin":[4.375,14.8625,10.0516]},"faces":{"east":{"uv":[0,0,14,14],"texture":"#1"},"west":{"uv":[14,0,0,14],"texture":"#1"}}},{"from":[11.62,11.3625,6.5516],"to":[11.63,18.3625,13.5516],"rotation":{"angle":45,"axis":"y","origin":[11.625,14.8625,10.0516]},"faces":{"east":{"uv":[0,0,14,14],"texture":"#1"},"west":{"uv":[14,0,0,14],"texture":"#1"}}},{"from":[9.27663,10.68366,-3.76521],"to":[12.27663,12.18366,-2.26521],"rotation":{"angle":22.5,"axis":"y","origin":[12.7299,11.43366,-1.78743]},"faces":{"north":{"uv":[5.81818,10.90909,6.36364,12],"rotation":90,"texture":"#5"},"south":{"uv":[11.27273,10.18182,11.81818,11.27273],"rotation":270,"texture":"#5"},"up":{"uv":[11.27273,8.72727,11.81818,9.81818],"rotation":270,"texture":"#5"},"down":{"uv":[11.63636,0.72727,12.18182,1.81818],"rotation":270,"texture":"#5"}}},{"from":[8.48121,10.43366,-2.77011],"to":[9.48121,12.43366,-0.77011],"rotation":{"angle":0,"axis":"y","origin":[12.7299,11.43366,-1.78743]},"faces":{"north":{"uv":[10.54545,2.54545,11.27273,2.90909],"rotation":90,"texture":"#5"},"east":{"uv":[12,11.63636,11.27273,12.36364],"rotation":270,"texture":"#5"},"south":{"uv":[13.09091,8,13.81818,8.36364],"rotation":270,"texture":"#5"},"west":{"uv":[12.36364,2.90909,11.63636,2.18182],"rotation":270,"texture":"#5"},"up":{"uv":[13.09091,7.27273,13.81818,7.63636],"rotation":270,"texture":"#5"},"down":{"uv":[10.18182,13.09091,10.90909,13.45455],"rotation":270,"texture":"#5"}}},{"from":[11.4226,10.55866,-5.55235],"to":[13.1726,12.30866,-1.55235],"rotation":{"angle":0,"axis":"y","origin":[12.7299,11.43366,-1.78743]},"faces":{"north":{"uv":[10.18182,12,10.81818,12.63636],"rotation":90,"texture":"#5"},"east":{"uv":[5.36364,10.90909,4.72727,12.36364],"rotation":270,"texture":"#5"},"south":{"uv":[12.36364,5.45455,13,6.09091],"rotation":270,"texture":"#5"},"west":{"uv":[4.27273,12.36364,3.63636,10.90909],"rotation":270,"texture":"#5"},"up":{"uv":[0,10.90909,1.45455,11.54545],"rotation":270,"texture":"#5"},"down":{"uv":[1.81818,10.90909,3.27273,11.54545],"rotation":270,"texture":"#5"}}},{"from":[11.71853,10.68366,-5.30212],"to":[13.46853,12.18366,-3.80212],"rotation":{"angle":-22.5,"axis":"y","origin":[12.7299,11.43366,-1.78743]},"faces":{"north":{"uv":[12.72727,2.18182,13.27273,2.81818],"rotation":90,"texture":"#5"},"east":{"uv":[5.27273,12.72727,4.72727,13.27273],"rotation":270,"texture":"#5"},"south":{"uv":[3.63636,12.72727,4.18182,13.36364],"rotation":270,"texture":"#5"},"up":{"uv":[12.72727,3.27273,13.27273,3.90909],"rotation":270,"texture":"#5"},"down":{"uv":[12.72727,4.36364,13.27273,5],"rotation":270,"texture":"#5"}}},{"from":[12.04755,10.80866,-5.24864],"to":[14.29755,12.05866,-3.99864],"rotation":{"angle":-45,"axis":"y","origin":[12.7299,11.43366,-1.78743]},"faces":{"north":{"uv":[12.36364,8.72727,12.81818,9.54545],"rotation":90,"texture":"#5"},"east":{"uv":[13.90909,10.54545,13.45455,11],"rotation":270,"texture":"#5"},"south":{"uv":[12.36364,11.63636,12.81818,12.45455],"rotation":270,"texture":"#5"},"up":{"uv":[12.36364,10.18182,12.81818,11],"rotation":270,"texture":"#5"},"down":{"uv":[12.72727,0.72727,13.18182,1.54545],"rotation":270,"texture":"#5"}}},{"from":[15.45342,10.93366,-1.70387],"to":[16.45342,11.93366,0.54613],"rotation":{"angle":22.5,"axis":"y","origin":[12.7299,11.43366,-1.78743]},"faces":{"east":{"uv":[11.63636,12.72727,11.27273,13.54545],"rotation":270,"texture":"#5"},"south":{"uv":[4.36364,13.81818,4.72727,14.18182],"rotation":270,"texture":"#5"},"west":{"uv":[7.63636,13.54545,7.27273,12.72727],"rotation":270,"texture":"#5"},"up":{"uv":[0,13.09091,0.81818,13.45455],"rotation":270,"texture":"#5"},"down":{"uv":[5.81818,13.09091,6.63636,13.45455],"rotation":270,"texture":"#5"}}},{"from":[-0.72858,12.18366,-1.43099],"to":[-0.22858,12.68366,1.06901],"rotation":{"angle":0,"axis":"y","origin":[3.2701,11.43366,-1.78743]},"faces":{"north":{"uv":[1.45455,14.36364,1.63636,14.18182],"rotation":90,"texture":"#5"},"east":{"uv":[14,0,13.81818,0.90909],"rotation":270,"texture":"#5"},"south":{"uv":[7.27273,14.36364,7.45455,14.18182],"rotation":270,"texture":"#5"},"west":{"uv":[14,2.36364,13.81818,1.45455],"rotation":270,"texture":"#5"},"up":{"uv":[13.45455,12.54545,14.36364,12.36364],"rotation":270,"texture":"#5"},"down":{"uv":[0,14,0.90909,13.81818],"rotation":270,"texture":"#5"}}},{"from":[-0.72858,10.68366,-1.43099],"to":[-0.22858,12.18366,-0.93099],"rotation":{"angle":0,"axis":"y","origin":[3.2701,11.43366,-1.78743]},"faces":{"north":{"uv":[8,14,8.54545,13.81818],"rotation":90,"texture":"#5"},"east":{"uv":[10.72727,13.81818,10.18182,14],"rotation":270,"texture":"#5"},"south":{"uv":[9.09091,14,9.63636,13.81818],"rotation":270,"texture":"#5"},"west":{"uv":[12.54545,14,12,13.81818],"rotation":270,"texture":"#5"}}},{"from":[-0.72858,10.68366,0.56901],"to":[-0.22858,12.18366,1.06901],"rotation":{"angle":0,"axis":"y","origin":[3.2701,11.43366,-1.78743]},"faces":{"north":{"uv":[13.09091,14,13.63636,13.81818],"rotation":90,"texture":"#5"},"east":{"uv":[14.72727,7.63636,14.18182,7.81818],"rotation":270,"texture":"#5"},"south":{"uv":[14.18182,7.09091,14.72727,6.90909],"rotation":270,"texture":"#5"},"west":{"uv":[14.72727,9.63636,14.18182,9.45455],"rotation":270,"texture":"#5"}}},{"from":[-0.72858,10.18366,-1.43099],"to":[-0.22858,10.68366,1.06901],"rotation":{"angle":0,"axis":"y","origin":[3.2701,11.43366,-1.78743]},"faces":{"north":{"uv":[11.27273,14.36364,11.45455,14.18182],"rotation":90,"texture":"#5"},"east":{"uv":[3.81818,13.81818,3.63636,14.72727],"rotation":270,"texture":"#5"},"south":{"uv":[14.18182,13.27273,14.36364,13.09091],"rotation":270,"texture":"#5"},"west":{"uv":[14,4.54545,13.81818,3.63636],"rotation":270,"texture":"#5"},"up":{"uv":[2.18182,14,3.09091,13.81818],"rotation":270,"texture":"#5"},"down":{"uv":[13.81818,3.09091,14.72727,2.90909],"rotation":270,"texture":"#5"}}},{"from":[3.72337,10.68366,-3.76521],"to":[6.72337,12.18366,-2.26521],"rotation":{"angle":-22.5,"axis":"y","origin":[3.2701,11.43366,-1.78743]},"faces":{"north":{"uv":[5.81818,12,6.36364,10.90909],"rotation":90,"texture":"#5"},"south":{"uv":[11.27273,11.27273,11.81818,10.18182],"rotation":270,"texture":"#5"},"up":{"uv":[11.27273,9.81818,11.81818,8.72727],"rotation":270,"texture":"#5"},"down":{"uv":[11.63636,1.81818,12.18182,0.72727],"rotation":270,"texture":"#5"}}},{"from":[6.51879,10.43366,-2.77011],"to":[7.51879,12.43366,-0.77011],"rotation":{"angle":0,"axis":"y","origin":[3.2701,11.43366,-1.78743]},"faces":{"north":{"uv":[10.54545,2.90909,11.27273,2.54545],"rotation":90,"texture":"#5"},"east":{"uv":[12.36364,2.18182,11.63636,2.90909],"rotation":270,"texture":"#5"},"south":{"uv":[13.09091,8.36364,13.81818,8],"rotation":270,"texture":"#5"},"west":{"uv":[12,12.36364,11.27273,11.63636],"rotation":270,"texture":"#5"},"up":{"uv":[13.09091,7.63636,13.81818,7.27273],"rotation":270,"texture":"#5"},"down":{"uv":[10.18182,13.45455,10.90909,13.09091],"rotation":270,"texture":"#5"}}},{"from":[2.8274,10.55866,-5.55235],"to":[4.5774,12.30866,-1.55235],"rotation":{"angle":0,"axis":"y","origin":[3.2701,11.43366,-1.78743]},"faces":{"north":{"uv":[10.18182,12.63636,10.81818,12],"rotation":90,"texture":"#5"},"east":{"uv":[4.27273,10.90909,3.63636,12.36364],"rotation":270,"texture":"#5"},"south":{"uv":[12.36364,6.09091,13,5.45455],"rotation":270,"texture":"#5"},"west":{"uv":[5.36364,12.36364,4.72727,10.90909],"rotation":270,"texture":"#5"},"up":{"uv":[0,11.54545,1.45455,10.90909],"rotation":270,"texture":"#5"},"down":{"uv":[1.81818,11.54545,3.27273,10.90909],"rotation":270,"texture":"#5"}}},{"from":[2.53147,10.68366,-5.30212],"to":[4.28147,12.18366,-3.80212],"rotation":{"angle":22.5,"axis":"y","origin":[3.2701,11.43366,-1.78743]},"faces":{"north":{"uv":[12.72727,2.81818,13.27273,2.18182],"rotation":90,"texture":"#5"},"south":{"uv":[3.63636,13.36364,4.18182,12.72727],"rotation":270,"texture":"#5"},"west":{"uv":[5.27273,13.27273,4.72727,12.72727],"rotation":270,"texture":"#5"},"up":{"uv":[12.72727,3.90909,13.27273,3.27273],"rotation":270,"texture":"#5"},"down":{"uv":[12.72727,5,13.27273,4.36364],"rotation":270,"texture":"#5"}}},{"from":[1.70245,10.80866,-5.24864],"to":[3.95245,12.05866,-3.99864],"rotation":{"angle":45,"axis":"y","origin":[3.2701,11.43366,-1.78743]},"faces":{"north":{"uv":[12.36364,9.54545,12.81818,8.72727],"rotation":90,"texture":"#5"},"south":{"uv":[12.36364,12.45455,12.81818,11.63636],"rotation":270,"texture":"#5"},"west":{"uv":[13.90909,11,13.45455,10.54545],"rotation":270,"texture":"#5"},"up":{"uv":[12.36364,11,12.81818,10.18182],"rotation":270,"texture":"#5"},"down":{"uv":[12.72727,1.54545,13.18182,0.72727],"rotation":270,"texture":"#5"}}},{"from":[-0.45342,10.93366,-1.70387],"to":[0.54658,11.93366,0.54613],"rotation":{"angle":-22.5,"axis":"y","origin":[3.2701,11.43366,-1.78743]},"faces":{"east":{"uv":[7.63636,12.72727,7.27273,13.54545],"rotation":270,"texture":"#5"},"south":{"uv":[4.36364,14.18182,4.72727,13.81818],"rotation":270,"texture":"#5"},"west":{"uv":[11.63636,13.54545,11.27273,12.72727],"rotation":270,"texture":"#5"},"up":{"uv":[0,13.45455,0.81818,13.09091],"rotation":270,"texture":"#5"},"down":{"uv":[5.81818,13.45455,6.63636,13.09091],"rotation":270,"texture":"#5"}}},{"from":[-1.125,11.495,0.2],"to":[17.125,11.505,8.7],"rotation":{"angle":0,"axis":"y","origin":[7.875,11.5,2.7]},"faces":{"up":{"uv":[6.63636,10.36364,0,7.27273],"texture":"#5"},"down":{"uv":[6.63636,7.27273,0,10.36364],"texture":"#5"}}},{"from":[7,9,-2],"to":[9,11,11],"rotation":{"angle":0,"axis":"y","origin":[7,9,0]},"faces":{"north":{"uv":[0,12,0.72727,12.72727],"texture":"#5"},"east":{"uv":[7.27273,5.45455,12,6.18182],"texture":"#5"},"south":{"uv":[1.09091,12,1.81818,12.72727],"texture":"#5"},"west":{"uv":[7.27273,6.54545,12,7.27273],"texture":"#5"},"up":{"uv":[8,12.36364,7.27273,7.63636],"texture":"#5"},"down":{"uv":[9.09091,0,8.36364,4.72727],"texture":"#5"}}},{"from":[7.25,8,9],"to":[8.75,9,17],"rotation":{"angle":0,"axis":"y","origin":[7,7,11]},"faces":{"north":{"uv":[13.45455,11.63636,14,12],"texture":"#5"},"east":{"uv":[9.45455,3.27273,12.36364,3.63636],"texture":"#5"},"west":{"uv":[9.45455,4,12.36364,4.36364],"texture":"#5"},"up":{"uv":[10,2.90909,9.45455,0],"texture":"#5"},"down":{"uv":[10,7.63636,9.45455,10.54545],"texture":"#5"}}},{"from":[7.5,7,9],"to":[8.5,8,17],"rotation":{"angle":0,"axis":"y","origin":[7,6,11]},"faces":{"north":{"uv":[5.09091,13.81818,5.45455,14.18182],"texture":"#5"},"east":{"uv":[9.45455,4.72727,12.36364,5.09091],"texture":"#5"},"west":{"uv":[10.54545,0,13.45455,0.36364],"texture":"#5"},"down":{"uv":[10.90909,7.63636,10.54545,10.54545],"texture":"#5"}}},{"from":[7.5,6,14.25],"to":[8.5,7,17.25],"rotation":{"angle":0,"axis":"y","origin":[7,5,11.25]},"faces":{"north":{"uv":[5.81818,13.81818,6.18182,14.18182],"texture":"#5"},"east":{"uv":[5.81818,12.36364,6.90909,12.72727],"texture":"#5"},"west":{"uv":[12.36364,6.54545,13.45455,6.90909],"texture":"#5"},"down":{"uv":[8.72727,12.36364,8.36364,13.45455],"texture":"#5"}}},{"from":[7.5035,6.91421,13.04289],"to":[8.4965,7.91421,15.04289],"rotation":{"angle":45,"axis":"x","origin":[8.0035,7.41421,13.54289]},"faces":{"north":{"uv":[13.81818,6.18182,14.18182,6.54545],"texture":"#5"},"east":{"uv":[13.45455,5.45455,14.18182,5.81818],"texture":"#5"},"south":{"uv":[6.54545,13.81818,6.90909,14.18182],"texture":"#5"},"west":{"uv":[13.45455,8.72727,14.18182,9.09091],"texture":"#5"},"up":{"uv":[1.81818,13.81818,1.45455,13.09091],"texture":"#5"},"down":{"uv":[13.81818,9.45455,13.45455,10.18182],"texture":"#5"}}},{"from":[7.5035,9.68198,7.27513],"to":[8.4965,11.43198,10.52513],"rotation":{"angle":45,"axis":"x","origin":[8.0035,10.18198,6.52513]},"faces":{"east":{"uv":[9.45455,10.90909,10.63636,11.54545],"texture":"#5"},"west":{"uv":[11.27273,7.63636,12.45455,8.27273],"texture":"#5"},"down":{"uv":[9.81818,12,9.45455,13.18182],"texture":"#5"}}},{"from":[7,5.5,17],"to":[9,9.5,18],"rotation":{"angle":-22.5,"axis":"x","origin":[7,6.5,17]},"faces":{"north":{"uv":[10.54545,0.72727,11.27273,2.18182],"texture":"#5"},"east":{"uv":[2.18182,12,2.54545,13.45455],"texture":"#5"},"south":{"uv":[8.36364,10.54545,9.09091,12],"texture":"#5"},"west":{"uv":[2.90909,12,3.27273,13.45455],"texture":"#5"},"up":{"uv":[12.72727,13.45455,12,13.09091],"texture":"#5"},"down":{"uv":[13.81818,13.09091,13.09091,13.45455],"texture":"#5"}}},{"from":[7,11.5,2.45],"to":[9,11.53,9.2],"rotation":{"angle":-45,"axis":"z","origin":[8,11.515,5.825]},"faces":{"up":{"uv":[9.09091,10.09091,8.36364,7.63636],"texture":"#5"},"down":{"uv":[9.09091,7.63636,8.36364,10.09091],"texture":"#5"}}},{"from":[7.985,10.515,2.45],"to":[8.015,12.515,9.2],"rotation":{"angle":-45,"axis":"z","origin":[8,11.515,5.825]},"faces":{"east":{"uv":[9.09091,7.63636,8.36364,10.09091],"rotation":270,"texture":"#5"},"west":{"uv":[9.09091,10.09091,8.36364,7.63636],"rotation":270,"texture":"#5"}}}],"gui_light":"front","display":{"thirdperson_righthand":{"translation":[-0.25,-0.5,0.25]},"thirdperson_lefthand":{"translation":[-0.25,-0.5,0.25]},"firstperson_righthand":{"rotation":[0,-9.9,0],"translation":[1.45,1.25,-1]},"firstperson_lefthand":{"rotation":[0,-9.9,0],"translation":[1.45,1.25,-1]},"ground":{"rotation":[20,0,0],"translation":[0,5,0],"scale":[0.7,0.7,0.7]},"gui":{"rotation":[90,-45,0],"translation":[-2.75,-2.75,0],"scale":[0.85,0.85,0.85]},"fixed":{"rotation":[-90,0,0],"translation":[0,4,-1.25],"scale":[2,2,2]}},"groups":[{"name":"crossbow","origin":[7.5,18.25,4.5],"color":0,"children":[0,1,2,3,4,5,6,7,8,9,10,11,12,13,14,15,16,17,18,19,20,21,22,23,24,25,26,27,28,29,30,31,32,33,34,35,36,37,38,39,40,41,42,43,44,45]}],"mcmodels":"522c47e8fe8dc116f84fd8fdaa610de9"}