{"credit":"Pologony Creation Co.,Ltd.","texture_size":[64,64],"textures":{"6":"item/aprilfools/helmet"},"elements":[{"from":[7.39737,9.42996,4.75],"to":[20.39737,15.92996,11.25],"rotation":{"angle":-22.5,"axis":"z","origin":[8,5.32318,8.083]},"faces":{"north":{"uv":[8.25,2.75,11.5,4.375],"texture":"#6"},"east":{"uv":[11,0,12.625,1.625],"texture":"#6"},"south":{"uv":[8.25,4.75,11.5,6.375],"texture":"#6"},"west":{"uv":[3.5,11,5.125,12.625],"texture":"#6"},"up":{"uv":[8.75,9.875,5.5,8.25],"texture":"#6"},"down":{"uv":[12.25,6.75,9,8.375],"texture":"#6"}}},{"from":[14.91444,6.51577,4.75],"to":[20.41444,9.51577,11.25],"rotation":{"angle":-22.5,"axis":"z","origin":[7.79282,5.40899,8.083]},"faces":{"north":{"uv":[12.5,10,13.875,10.75],"texture":"#6"},"east":{"uv":[12.5,6,14.125,6.75],"texture":"#6"},"south":{"uv":[12.5,11,13.875,11.75],"texture":"#6"},"west":{"uv":[12.5,7,14.125,7.75],"texture":"#6"},"down":{"uv":[6.875,12.25,5.5,13.875],"texture":"#6"}}},{"from":[17.80179,8.6859,6.3335],"to":[21.13479,12.0189,9.6665],"rotation":{"angle":-45,"axis":"z","origin":[8,5.32318,8]},"faces":{"north":{"uv":[10.75,12.75,11.625,13.625],"texture":"#6"},"east":{"uv":[0,13,0.875,13.875],"texture":"#6"},"south":{"uv":[13,0,13.875,0.875],"texture":"#6"},"west":{"uv":[1.25,13,2.125,13.875],"texture":"#6"},"up":{"uv":[3.375,13.875,2.5,13],"texture":"#6"},"down":{"uv":[4.625,13,3.75,13.875],"texture":"#6"}}},{"from":[3,0,3],"to":[13,10,13],"rotation":{"angle":0,"axis":"y","origin":[7.9995,4.41015,7.9995]},"faces":{"north":{"uv":[0,0,2.5,2.5],"texture":"#6"},"east":{"uv":[0,2.75,2.5,5.25],"texture":"#6"},"south":{"uv":[2.75,0,5.25,2.5],"texture":"#6"},"west":{"uv":[2.75,2.75,5.25,5.25],"texture":"#6"},"up":{"uv":[2.5,8,0,5.5],"texture":"#6"},"down":{"uv":[8,0,5.5,2.5],"texture":"#6"}}},{"name":"cube inverted","from":[13,10,13],"to":[3,0,3],"rotation":{"angle":0,"axis":"y","origin":[7.9995,4.41015,7.9995]},"faces":{"north":{"uv":[2.75,5.5,5.25,8],"texture":"#6"},"east":{"uv":[5.5,2.75,8,5.25],"texture":"#6"},"south":{"uv":[5.5,5.5,8,8],"texture":"#6"},"west":{"uv":[0,8.25,2.5,10.75],"texture":"#6"},"up":{"uv":[10.75,2.5,8.25,0],"texture":"#6"},"down":{"uv":[5.25,8.25,2.75,10.75],"texture":"#6"}}},{"from":[-5.13479,8.6859,6.3335],"to":[-1.80179,12.0189,9.6665],"rotation":{"angle":45,"axis":"z","origin":[8,5.32318,8]},"faces":{"north":{"uv":[12,13,12.875,13.875],"texture":"#6"},"east":{"uv":[13.25,13,14.125,13.875],"texture":"#6"},"south":{"uv":[13.75,1.25,14.625,2.125],"texture":"#6"},"west":{"uv":[13.75,2.5,14.625,3.375],"texture":"#6"},"up":{"uv":[14.625,4.625,13.75,3.75],"texture":"#6"},"down":{"uv":[9.875,13.75,9,14.625],"texture":"#6"}}},{"from":[-4.41444,6.51577,4.75],"to":[1.08556,9.51577,11.25],"rotation":{"angle":22.5,"axis":"z","origin":[8.20718,5.40899,8.083]},"faces":{"north":{"uv":[12.5,12,13.875,12.75],"texture":"#6"},"east":{"uv":[12.5,8,14.125,8.75],"texture":"#6"},"south":{"uv":[9,12.75,10.375,13.5],"texture":"#6"},"west":{"uv":[12.5,9,14.125,9.75],"texture":"#6"},"down":{"uv":[8.625,12.25,7.25,13.875],"texture":"#6"}}},{"from":[-4.39737,9.42996,4.75],"to":[8.60263,15.92996,11.25],"rotation":{"angle":22.5,"axis":"z","origin":[8,5.32318,8.083]},"faces":{"north":{"uv":[9,8.75,12.25,10.375],"texture":"#6"},"east":{"uv":[11.75,2,13.375,3.625],"texture":"#6"},"south":{"uv":[5.5,10.25,8.75,11.875],"texture":"#6"},"west":{"uv":[11.75,4,13.375,5.625],"texture":"#6"},"up":{"uv":[12.25,12.375,9,10.75],"texture":"#6"},"down":{"uv":[3.25,11,0,12.625],"texture":"#6"}}}],"gui_light":"front","display":{"thirdperson_righthand":{"rotation":[42,180,0],"translation":[0,4.5,3.75],"scale":[0.71,0.71,0.71]},"thirdperson_lefthand":{"rotation":[42,180,0],"translation":[0,4.5,3.75],"scale":[0.71,0.71,0.71]},"firstperson_righthand":{"rotation":[-10,180,0],"translation":[2.25,5.5,-0.5],"scale":[0.7,0.7,0.7]},"firstperson_lefthand":{"rotation":[-10,180,0],"translation":[2.25,5.5,-0.5],"scale":[0.7,0.7,0.7]},"ground":{"rotation":[45,0,0],"translation":[0,5,0],"scale":[0.7,0.7,0.7]},"gui":{"rotation":[0,180,0],"translation":[0.25,0.5,0],"scale":[0.65,0.65,0.65]},"head":{"translation":[0,5.25,0],"scale":[1.6,1.6,1.6]},"fixed":{"rotation":[-90,0,0],"translation":[0,0,-16.75],"scale":[2,2,2]}},"groups":[{"name":"helmet","origin":[8,5.32318,8.083],"color":0,"children":[0,1,2,3,4,5,6,7]}],"mcmodels":"522c47e8fe8dc116f84fd8fdaa610de9"}