{"credit":"Pologony Creation Co.,Ltd.","texture_size":[32,32],"textures":{"1":"item/aprilfools/animated/confetti_animated","2":"item/aprilfools/weapons_tools","3":"item/aprilfools/animated/haha_animated","4":"item/aprilfools/shield","particle":"item/aprilfools/animated/confetti_animated"},"elements":[{"from":[6,13.88609,6.63564],"to":[10,16.88609,7.63564],"rotation":{"angle":0,"axis":"y","origin":[8,8,8]},"faces":{"north":{"uv":[7,8,9,9.5],"texture":"#4"},"east":{"uv":[8,11,8.5,12.5],"texture":"#4"},"south":{"uv":[7,6,9,7.5],"texture":"#4"},"west":{"uv":[9,11,9.5,12.5],"texture":"#4"},"up":{"uv":[11,9,10.5,7],"rotation":90,"texture":"#4"},"down":{"uv":[11.5,0,11,2],"rotation":270,"texture":"#4"}}},{"from":[6.75,8.88609,6.88564],"to":[9.25,13.88609,7.38564],"rotation":{"angle":0,"axis":"y","origin":[8,8,8]},"faces":{"north":{"uv":[7,3,8.25,5.5],"texture":"#4"},"east":{"uv":[11,9.5,11.25,12],"texture":"#4"},"south":{"uv":[7,0,8.25,2.5],"texture":"#4"},"west":{"uv":[10,11,10.25,13.5],"texture":"#4"}}},{"from":[7.25,-2.11391,6.88564],"to":[8.75,8.88609,7.38564],"rotation":{"angle":0,"axis":"y","origin":[8,8,8]},"faces":{"north":{"uv":[5.5,6,6.25,11.5],"texture":"#4"},"east":{"uv":[9.5,4,9.75,9.5],"texture":"#4"},"south":{"uv":[5.5,0,6.25,5.5],"texture":"#4"},"west":{"uv":[7,10,7.25,15.5],"texture":"#4"}}},{"from":[7.37656,7.37656,6.88314],"to":[9.87656,9.87656,7.38814],"rotation":{"angle":45,"axis":"z","origin":[8,8,8]},"faces":{"north":{"uv":[9,2,10.25,3.25],"texture":"#4"},"east":{"uv":[0,11.5,0.25,12.75],"texture":"#4"},"south":{"uv":[9,0,10.25,1.25],"texture":"#4"},"west":{"uv":[1,11.5,1.25,12.75],"texture":"#4"},"up":{"uv":[2.25,12.75,2,11.5],"rotation":90,"texture":"#4"},"down":{"uv":[3.25,11.5,3,12.75],"rotation":270,"texture":"#4"}}},{"from":[0.31688,0.31688,6.88314],"to":[1.37988,1.37988,7.38814],"rotation":{"angle":45,"axis":"z","origin":[8,8,8]},"faces":{"north":{"uv":[4,11.5,4.5,12],"texture":"#4"},"east":{"uv":[12,0,12.25,0.5],"texture":"#4"},"south":{"uv":[11,2.5,11.5,3],"texture":"#4"},"west":{"uv":[12,1,12.25,1.5],"texture":"#4"},"up":{"uv":[12.25,2.5,12,2],"rotation":90,"texture":"#4"},"down":{"uv":[12.25,3,12,3.5],"rotation":270,"texture":"#4"}}},{"from":[9.59223,5.5,9.59224],"to":[10.84223,7,10.84224],"rotation":{"angle":-45,"axis":"y","origin":[8,8,8]},"faces":{"north":{"uv":[14.31579,11.78947,14.57895,12.10526],"texture":"#2"},"east":{"uv":[14.31579,4,14.57895,4.31579],"texture":"#2"},"south":{"uv":[5.47368,14.31579,5.73684,14.63158],"texture":"#2"},"west":{"uv":[6.10526,14.31579,6.36842,14.63158],"texture":"#2"},"up":{"uv":[12.47368,14.78947,12.21053,14.52632],"rotation":90,"texture":"#2"}}},{"from":[9.34223,5,9.34224],"to":[11.09223,5.5,11.09224],"rotation":{"angle":-45,"axis":"y","origin":[8,8,8]},"faces":{"north":{"uv":[15.36842,15.36842,15.73684,15.47368],"texture":"#2"},"east":{"uv":[14.10526,15.36842,14.47368,15.47368],"texture":"#2"},"south":{"uv":[14.73684,15.36842,15.10526,15.47368],"texture":"#2"},"west":{"uv":[15.36842,14.94737,15.73684,15.05263],"texture":"#2"},"up":{"uv":[13.84211,6.68421,13.47368,6.31579],"rotation":90,"texture":"#2"},"down":{"uv":[13.84211,6.94737,13.47368,7.31579],"rotation":270,"texture":"#2"}}},{"from":[9.71723,7,9.71723],"to":[10.71723,9,10.71723],"rotation":{"angle":-45,"axis":"y","origin":[8,8,8]},"faces":{"north":{"uv":[14.10526,10.31579,14.31579,10.73684],"texture":"#2"},"east":{"uv":[9.05263,8,9.26316,8.42105],"texture":"#2"},"south":{"uv":[9.68421,3.36842,9.89474,3.78947],"texture":"#2"},"west":{"uv":[14.10526,9.68421,14.31579,10.10526],"texture":"#2"}}},{"from":[9.59223,9,9.59224],"to":[10.84223,10.5,10.84224],"rotation":{"angle":-45,"axis":"y","origin":[8,8,8]},"faces":{"north":{"uv":[14.52632,5.26316,14.78947,5.57895],"texture":"#2"},"east":{"uv":[14.52632,1.68421,14.78947,2],"texture":"#2"},"south":{"uv":[2.52632,14.52632,2.78947,14.84211],"texture":"#2"},"west":{"uv":[14.52632,4.63158,14.78947,4.94737],"texture":"#2"},"down":{"uv":[14.78947,12.42105,14.52632,12.68421],"rotation":270,"texture":"#2"}}},{"from":[9.76777,4.73223,10.63564],"to":[11.26777,6.23223,11.63564],"rotation":{"angle":-45,"axis":"z","origin":[8,8,8]},"faces":{"north":{"uv":[14.10526,5.89474,14.42105,6.21053],"texture":"#2"},"east":{"uv":[14.10526,14.73684,14.31579,15.05263],"texture":"#2"},"south":{"uv":[4.84211,14.10526,5.15789,14.42105],"texture":"#2"},"west":{"uv":[1.68421,14.94737,1.89474,15.26316],"texture":"#2"},"up":{"uv":[2.31579,15.26316,2.10526,14.94737],"rotation":90,"texture":"#2"},"down":{"uv":[15.15789,4,14.94737,4.31579],"rotation":270,"texture":"#2"}}},{"from":[6.5,14.13609,5.63564],"to":[9.5,17.13609,8.63564],"rotation":{"angle":0,"axis":"y","origin":[8,8,8]},"faces":{"north":{"uv":[11.15789,8.84211,11.78947,9.47368],"texture":"#2"},"east":{"uv":[11.15789,4,11.78947,4.63158],"texture":"#2"},"south":{"uv":[7.78947,11.15789,8.42105,11.78947],"texture":"#2"},"west":{"uv":[8.63158,11.15789,9.26316,11.78947],"texture":"#2"},"up":{"uv":[11.78947,10.31579,11.15789,9.68421],"rotation":90,"texture":"#2"},"down":{"uv":[0.63158,11.36842,0,12],"rotation":270,"texture":"#2"}}},{"from":[4.96466,16.12362,6.13564],"to":[8.96466,18.12362,8.13564],"rotation":{"angle":-22.5,"axis":"z","origin":[8,8,8]},"faces":{"north":{"uv":[10.94737,5.89474,11.78947,6.31579],"texture":"#2"},"east":{"uv":[10.10526,13.05263,10.52632,13.47368],"texture":"#2"},"south":{"uv":[9.26316,6.10526,10.10526,6.52632],"texture":"#2"},"west":{"uv":[13.05263,10.52632,13.47368,10.94737],"texture":"#2"},"up":{"uv":[4.42105,12.63158,4,11.78947],"rotation":90,"texture":"#2"},"down":{"uv":[5.05263,11.78947,4.63158,12.63158],"rotation":270,"texture":"#2"}}},{"from":[7.21466,15.12362,6.13564],"to":[8.96466,16.12362,8.13564],"rotation":{"angle":-22.5,"axis":"z","origin":[8,8,8]},"faces":{"north":{"uv":[14.52632,9.05263,14.89474,9.26316],"texture":"#2"},"east":{"uv":[14.10526,3.57895,14.52632,3.78947],"texture":"#2"},"south":{"uv":[14.31579,7.57895,14.68421,7.78947],"texture":"#2"},"west":{"uv":[14.10526,7.15789,14.52632,7.36842],"texture":"#2"},"down":{"uv":[13.89474,3.36842,13.47368,3.73684],"rotation":270,"texture":"#2"}}},{"from":[6.5138,13.63609,6.51381],"to":[8.2638,14.13609,8.26381],"rotation":{"angle":-45,"axis":"y","origin":[8,8,8]},"faces":{"north":{"uv":[4.63158,15.57895,5,15.68421],"texture":"#2"},"east":{"uv":[15.57895,2.94737,15.94737,3.05263],"texture":"#2"},"south":{"uv":[15.57895,3.36842,15.94737,3.47368],"texture":"#2"},"west":{"uv":[15.57895,4.42105,15.94737,4.52632],"texture":"#2"},"up":{"uv":[13.84211,8.78947,13.47368,8.42105],"rotation":90,"texture":"#2"},"down":{"uv":[9.42105,13.47368,9.05263,13.84211],"rotation":270,"texture":"#2"}}},{"from":[5.66633,14.28341,6.63564],"to":[6.66633,15.28341,7.63564],"rotation":{"angle":-45,"axis":"z","origin":[8,8,8]},"faces":{"north":{"uv":[15.15789,8.84211,15.36842,9.05263],"texture":"#2"},"east":{"uv":[15.15789,6.94737,15.36842,7.15789],"texture":"#2"},"south":{"uv":[15.15789,8,15.36842,8.21053],"texture":"#2"},"west":{"uv":[15.15789,8.42105,15.36842,8.63158],"texture":"#2"},"up":{"uv":[9.26316,15.36842,9.05263,15.15789],"rotation":90,"texture":"#2"},"down":{"uv":[15.36842,9.26316,15.15789,9.47368],"rotation":270,"texture":"#2"}}},{"from":[7.03534,16.12362,6.13564],"to":[11.03534,18.12362,8.13564],"rotation":{"angle":22.5,"axis":"z","origin":[8,8,8]},"faces":{"north":{"uv":[11.78947,4.84211,12.63158,5.26316],"texture":"#2"},"east":{"uv":[0,13.26316,0.42105,13.68421],"texture":"#2"},"south":{"uv":[11.36842,7.36842,12.21053,7.78947],"texture":"#2"},"west":{"uv":[13.26316,0.63158,13.68421,1.05263],"texture":"#2"},"up":{"uv":[5.68421,12.63158,5.26316,11.78947],"rotation":90,"texture":"#2"},"down":{"uv":[6.31579,11.78947,5.89474,12.63158],"rotation":270,"texture":"#2"}}},{"from":[9.33367,14.28341,6.63564],"to":[10.33367,15.28341,7.63564],"rotation":{"angle":45,"axis":"z","origin":[8,8,8]},"faces":{"north":{"uv":[15.15789,10.94737,15.36842,11.15789],"texture":"#2"},"east":{"uv":[15.15789,9.68421,15.36842,9.89474],"texture":"#2"},"south":{"uv":[15.15789,10.10526,15.36842,10.31579],"texture":"#2"},"west":{"uv":[15.15789,10.52632,15.36842,10.73684],"texture":"#2"},"up":{"uv":[12.21053,15.36842,12,15.15789],"rotation":90,"texture":"#2"},"down":{"uv":[12.63158,15.15789,12.42105,15.36842],"rotation":270,"texture":"#2"}}},{"from":[7.03534,15.12362,6.13564],"to":[8.78534,16.12362,8.13564],"rotation":{"angle":22.5,"axis":"z","origin":[8,8,8]},"faces":{"north":{"uv":[14.52632,9.89474,14.89474,10.10526],"texture":"#2"},"east":{"uv":[14.10526,8.63158,14.52632,8.84211],"texture":"#2"},"south":{"uv":[14.52632,9.47368,14.89474,9.68421],"texture":"#2"},"west":{"uv":[12.21053,14.10526,12.63158,14.31579],"texture":"#2"},"down":{"uv":[5.26316,13.47368,4.84211,13.84211],"rotation":270,"texture":"#2"}}},{"from":[8.21153,10.4375,5.06064],"to":[10.21153,12.4375,7.06064],"rotation":{"angle":-22.5,"axis":"z","origin":[8,8,8]},"faces":{"north":{"uv":[4.42105,12.84211,4.84211,13.26316],"texture":"#2"},"east":{"uv":[12.63158,9.47368,13.05263,9.89474],"texture":"#2"},"south":{"uv":[12.84211,0,13.26316,0.42105],"texture":"#2"},"west":{"uv":[12.84211,3.36842,13.26316,3.78947],"texture":"#2"},"up":{"uv":[13.26316,5.26316,12.84211,4.84211],"rotation":90,"texture":"#2"},"down":{"uv":[5.47368,12.84211,5.05263,13.26316],"rotation":270,"texture":"#2"}}},{"from":[8.46153,9.4375,5.31064],"to":[9.96153,10.4375,6.81064],"rotation":{"angle":-22.5,"axis":"z","origin":[8,8,8]},"faces":{"north":{"uv":[14.52632,14.52632,14.84211,14.73684],"texture":"#2"},"east":{"uv":[12.84211,14.52632,13.15789,14.73684],"texture":"#2"},"south":{"uv":[13.47368,14.52632,13.78947,14.73684],"texture":"#2"},"west":{"uv":[14.52632,14.10526,14.84211,14.31579],"texture":"#2"},"down":{"uv":[14.21053,12.63158,13.89474,12.94737],"rotation":270,"texture":"#2"}}},{"from":[5.78847,10.4375,5.06064],"to":[7.78847,12.4375,7.06064],"rotation":{"angle":22.5,"axis":"z","origin":[8,8,8]},"faces":{"north":{"uv":[12.84211,8.63158,13.26316,9.05263],"texture":"#2"},"east":{"uv":[5.68421,12.84211,6.10526,13.26316],"texture":"#2"},"south":{"uv":[7.78947,12.84211,8.21053,13.26316],"texture":"#2"},"west":{"uv":[8.42105,12.84211,8.84211,13.26316],"texture":"#2"},"up":{"uv":[9.47368,13.26316,9.05263,12.84211],"rotation":90,"texture":"#2"},"down":{"uv":[11.78947,12.84211,11.36842,13.26316],"rotation":270,"texture":"#2"}}},{"from":[6.03847,9.4375,5.31064],"to":[7.53847,10.4375,6.81064],"rotation":{"angle":22.5,"axis":"z","origin":[8,8,8]},"faces":{"north":{"uv":[1.05263,14.73684,1.36842,14.94737],"texture":"#2"},"east":{"uv":[0.42105,14.73684,0.73684,14.94737],"texture":"#2"},"south":{"uv":[14.73684,0.42105,15.05263,0.63158],"texture":"#2"},"west":{"uv":[14.73684,0.84211,15.05263,1.05263],"texture":"#2"},"down":{"uv":[0.73684,14.10526,0.42105,14.42105],"rotation":270,"texture":"#2"}}},{"from":[10.65308,11.00235,7.14969],"to":[17.65308,18.00235,7.15969],"rotation":{"angle":22.5,"axis":"y","origin":[8,8,8]},"faces":{"north":{"uv":[0,0,14,14],"texture":"#1"},"south":{"uv":[14,0,0,14],"texture":"#1"}}},{"from":[1.67353,-5.75,5.57832],"to":[7.67353,14.25,5.57832],"rotation":{"angle":22.5,"axis":"y","origin":[8,8,8]},"faces":{"north":{"uv":[0,0,3.42857,11.42857],"texture":"#3"}}},{"from":[5.75,16.61392,5.38564],"to":[10.25,19.61392,8.88564],"rotation":{"angle":0,"axis":"x","origin":[8,8,8]},"faces":{"north":{"uv":[10.28571,1,12.85714,2.71429],"texture":"#3"},"south":{"uv":[10.28571,1,12.85714,2.71429],"texture":"#3"}}},{"from":[2,14.38609,5.88564],"to":[6,16.13609,8.38564],"rotation":{"angle":0,"axis":"x","origin":[8,8,8]},"faces":{"north":{"uv":[12.57143,0,14.42857,1],"texture":"#3"},"south":{"uv":[12.57143,0,14.42857,1],"texture":"#3"}}},{"from":[10,13.63609,5.76064],"to":[14,15.63609,8.51064],"rotation":{"angle":0,"axis":"x","origin":[8,8,8]},"faces":{"north":{"uv":[8,0,10.28571,1.14286],"texture":"#3"},"south":{"uv":[8,0,10.28571,1.14286],"texture":"#3"}}},{"from":[5,-6.11391,7.13064],"to":[11,15.88609,7.14064],"rotation":{"angle":0,"axis":"y","origin":[8,8,8]},"faces":{"north":{"uv":[0,0,3,11],"texture":"#4"},"south":{"uv":[3,0,0,11],"texture":"#4"}}},{"from":[9.34223,10.5,9.34224],"to":[11.09223,11,11.09224],"rotation":{"angle":-45,"axis":"y","origin":[8,8,8]},"faces":{"north":{"uv":[15.36842,15.36842,15.73684,15.47368],"texture":"#2"},"east":{"uv":[14.10526,15.36842,14.47368,15.47368],"texture":"#2"},"south":{"uv":[14.73684,15.36842,15.10526,15.47368],"texture":"#2"},"west":{"uv":[15.36842,14.94737,15.73684,15.05263],"texture":"#2"},"up":{"uv":[13.84211,6.68421,13.47368,6.31579],"rotation":90,"texture":"#2"},"down":{"uv":[13.84211,6.94737,13.47368,7.31579],"rotation":270,"texture":"#2"}}},{"from":[10.01777,10.01777,7.38564],"to":[11.01777,11.01777,11.88564],"rotation":{"angle":45,"axis":"z","origin":[8,8,8]},"faces":{"north":{"uv":[11.5,8,12,8.5],"texture":"#4"},"east":{"uv":[8,10,10.25,10.5],"texture":"#4"},"south":{"uv":[11.5,7,12,7.5],"texture":"#4"},"west":{"uv":[10.5,4,12.75,4.5],"texture":"#4"},"up":{"uv":[12.75,5.5,10.5,5],"rotation":90,"texture":"#4"},"down":{"uv":[12.75,6,10.5,6.5],"rotation":270,"texture":"#4"}}},{"from":[9.76777,9.76777,10.63564],"to":[11.26777,11.26777,11.63564],"rotation":{"angle":45,"axis":"z","origin":[8,8,8]},"faces":{"north":{"uv":[14.10526,6.21053,14.42105,5.89474],"texture":"#2"},"east":{"uv":[14.10526,15.05263,14.31579,14.73684],"texture":"#2"},"south":{"uv":[4.84211,14.42105,5.15789,14.10526],"texture":"#2"},"west":{"uv":[1.68421,15.26316,1.89474,14.94737],"texture":"#2"},"up":{"uv":[15.15789,4.31579,14.94737,4],"rotation":90,"texture":"#2"},"down":{"uv":[2.31579,14.94737,2.10526,15.26316],"rotation":270,"texture":"#2"}}},{"from":[10.43895,-6.11391,6.04877],"to":[13.43895,15.88609,6.05877],"rotation":{"angle":-22.5,"axis":"y","origin":[8,8,8]},"faces":{"north":{"uv":[3.5,0,5,11],"texture":"#4"},"south":{"uv":[5,0,3.5,11],"texture":"#4"}}},{"from":[8.32647,-5.75,5.57832],"to":[14.32647,14.25,5.57832],"rotation":{"angle":-22.5,"axis":"y","origin":[8,8,8]},"faces":{"north":{"uv":[3.42857,0,0,11.42857],"texture":"#3"}}},{"from":[-1.65308,11.00235,7.14969],"to":[5.34692,18.00235,7.15969],"rotation":{"angle":-22.5,"axis":"y","origin":[8,8,8]},"faces":{"north":{"uv":[14,0,0,14],"texture":"#1"},"south":{"uv":[0,0,14,14],"texture":"#1"}}},{"from":[2.56105,-6.11391,6.04877],"to":[5.56105,15.88609,6.05877],"rotation":{"angle":22.5,"axis":"y","origin":[8,8,8]},"faces":{"north":{"uv":[5,0,3.5,11],"texture":"#4"},"south":{"uv":[3.5,0,5,11],"texture":"#4"}}},{"from":[10.01777,4.98223,7.38564],"to":[11.01777,5.98223,11.88564],"rotation":{"angle":-45,"axis":"z","origin":[8,8,8]},"faces":{"north":{"uv":[11.5,8.5,12,8],"texture":"#4"},"east":{"uv":[8,10.5,10.25,10],"texture":"#4"},"south":{"uv":[11.5,7.5,12,7],"texture":"#4"},"west":{"uv":[10.5,4.5,12.75,4],"texture":"#4"},"up":{"uv":[12.75,6.5,10.5,6],"rotation":90,"texture":"#4"},"down":{"uv":[12.75,5,10.5,5.5],"rotation":270,"texture":"#4"}}}],"gui_light":"front","display":{"thirdperson_righthand":{"rotation":[0,-70,0],"translation":[2.75,-2,0]},"thirdperson_lefthand":{"rotation":[0,-70,0],"translation":[2.75,-2,0]},"firstperson_righthand":{"rotation":[0,0,5],"translation":[2.25,-0.25,-0.5]},"firstperson_lefthand":{"rotation":[0,0,5],"translation":[2.25,-0.25,-0.5]},"ground":{"rotation":[45,0,0],"translation":[0,5,0]},"gui":{"rotation":[0,180,45],"translation":[1,1,0],"scale":[0.9,0.9,0.9]},"fixed":{"translation":[0,0,-4.25],"scale":[2,2,2]}},"groups":[{"name":"shield","origin":[8,8,8],"color":0,"children":[0,1,2,3,4,5,6,7,8,9,10,11,12,13,14,15,16,17,18,19,20,21,22,23,24,25,26,27,28,29,30,31,32,33,34,35]}],"mcmodels":"522c47e8fe8dc116f84fd8fdaa610de9"}