{"credit":"Pologony Creation Co.,Ltd.","textures":{"1":"item/aprilfools/animated/confetti_animated","2":"item/aprilfools/weapons_tools","3":"item/aprilfools/animated/haha_animated","particle":"item/aprilfools/animated/confetti_animated"},"elements":[{"from":[6.5,27,3],"to":[9.5,30,6],"rotation":{"angle":0,"axis":"y","origin":[6.5,27,3]},"faces":{"north":{"uv":[11.36842,0,12,0.63158],"texture":"#2"},"east":{"uv":[1.47369,11.36842,2.10526,12],"texture":"#2"},"south":{"uv":[10.10526,11.36842,10.73684,12],"texture":"#2"},"west":{"uv":[10.94737,11.36842,11.57895,12],"texture":"#2"},"up":{"uv":[12.21053,2.73684,11.57895,2.10526],"texture":"#2"},"down":{"uv":[2.94737,11.57895,2.31579,12.21053],"texture":"#2"}}},{"from":[6.25,25,3.75],"to":[9.75,28.25,6.5],"rotation":{"angle":0,"axis":"y","origin":[6.5,27,3]},"faces":{"north":{"uv":[10.52631,2.10526,11.26316,2.78947],"texture":"#2"},"east":{"uv":[6.94737,11.57895,7.52631,12.26316],"texture":"#2"},"south":{"uv":[5.89474,10.73684,6.63158,11.42105],"texture":"#2"},"west":{"uv":[11.78947,0.8421,12.36842,1.52631],"texture":"#2"},"up":{"uv":[11.47369,1.8421,10.73684,1.26316],"texture":"#2"},"down":{"uv":[11.47369,6.52631,10.73684,7.10526],"texture":"#2"}}},{"from":[6,21.7,4.7],"to":[10,25.2,11.2],"rotation":{"angle":22.5,"axis":"x","origin":[8,24.575,9.95]},"faces":{"north":{"uv":[1.47369,9.26316,2.31579,10],"texture":"#2"},"east":{"uv":[8.42105,4,9.78947,4.73684],"texture":"#2"},"south":{"uv":[9.26316,5.05263,10.10526,5.78947],"texture":"#2"},"west":{"uv":[4.63158,8.42105,6,9.1579],"texture":"#2"},"up":{"uv":[3.36842,8.73684,2.52631,7.36842],"texture":"#2"},"down":{"uv":[4.42105,7.36842,3.57895,8.73684],"texture":"#2"}}},{"from":[5.75,22.9,3.95],"to":[7.25,24.9,5.45],"rotation":{"angle":0,"axis":"y","origin":[5.75,21.9,3.7]},"faces":{"north":{"uv":[12.21053,13.47369,12.52631,13.89474],"texture":"#2"},"east":{"uv":[12.8421,13.47369,13.1579,13.89474],"texture":"#2"},"south":{"uv":[13.47369,13.47369,13.78947,13.89474],"texture":"#2"},"west":{"uv":[1.89474,13.68421,2.21053,14.10526],"texture":"#2"},"up":{"uv":[14.42105,6.8421,14.10526,6.52631],"texture":"#2"},"down":{"uv":[8.10526,14.10526,7.78947,14.42105],"texture":"#2"}}},{"from":[8.75,22.9,3.95],"to":[10.25,24.9,5.45],"rotation":{"angle":0,"axis":"y","origin":[8.75,21.9,3.7]},"faces":{"north":{"uv":[12.21053,13.47369,12.52631,13.89474],"texture":"#2"},"east":{"uv":[12.8421,13.47369,13.1579,13.89474],"texture":"#2"},"south":{"uv":[13.47369,13.47369,13.78947,13.89474],"texture":"#2"},"west":{"uv":[1.89474,13.68421,2.21053,14.10526],"texture":"#2"},"up":{"uv":[14.42105,6.8421,14.10526,6.52631],"texture":"#2"},"down":{"uv":[8.10526,14.10526,7.78947,14.42105],"texture":"#2"}}},{"from":[5.75,20.5,8.6],"to":[7.25,22.5,10.1],"rotation":{"angle":0,"axis":"y","origin":[5.75,19.5,8.35]},"faces":{"north":{"uv":[12.21053,13.47369,12.52631,13.89474],"texture":"#2"},"east":{"uv":[12.8421,13.47369,13.1579,13.89474],"texture":"#2"},"south":{"uv":[13.47369,13.47369,13.78947,13.89474],"texture":"#2"},"west":{"uv":[1.89474,13.68421,2.21053,14.10526],"texture":"#2"},"up":{"uv":[14.42105,6.8421,14.10526,6.52631],"texture":"#2"},"down":{"uv":[8.10526,14.10526,7.78947,14.42105],"texture":"#2"}}},{"from":[8.75,20.5,8.6],"to":[10.25,22.5,10.1],"rotation":{"angle":0,"axis":"y","origin":[8.75,19.5,8.35]},"faces":{"north":{"uv":[12.21053,13.47369,12.52631,13.89474],"texture":"#2"},"east":{"uv":[12.8421,13.47369,13.1579,13.89474],"texture":"#2"},"south":{"uv":[13.47369,13.47369,13.78947,13.89474],"texture":"#2"},"west":{"uv":[1.89474,13.68421,2.21053,14.10526],"texture":"#2"},"up":{"uv":[14.42105,6.8421,14.10526,6.52631],"texture":"#2"},"down":{"uv":[8.10526,14.10526,7.78947,14.42105],"texture":"#2"}}},{"from":[8.75,30,4],"to":[9.25,31.5,5.5],"rotation":{"angle":22.5,"axis":"y","origin":[9.125,31,4.75]},"faces":{"north":{"uv":[15.57895,5.68421,15.68421,6],"texture":"#2"},"east":{"uv":[14.10526,8,14.42105,8.31579],"texture":"#2"},"south":{"uv":[15.57895,6.31579,15.68421,6.63158],"texture":"#2"},"west":{"uv":[8.42105,14.10526,8.73684,14.42105],"texture":"#2"},"up":{"uv":[7.05263,15.89474,6.94737,15.57895],"texture":"#2"},"down":{"uv":[15.68421,6.94737,15.57895,7.26316],"texture":"#2"}}},{"from":[8.75,31.5,4],"to":[9.25,32,5],"rotation":{"angle":22.5,"axis":"y","origin":[9.125,32,4.75]},"faces":{"north":{"uv":[3.57895,15.78947,3.68421,15.89474],"texture":"#2"},"east":{"uv":[15.78947,1.26316,16,1.36842],"texture":"#2"},"south":{"uv":[15.78947,3.78947,15.89474,3.89474],"texture":"#2"},"west":{"uv":[2.31579,15.78947,2.52631,15.89474],"texture":"#2"},"up":{"uv":[2.8421,16,2.73684,15.78947],"texture":"#2"},"down":{"uv":[3.26316,15.78947,3.1579,16],"texture":"#2"}}},{"from":[6.75,30,4],"to":[7.25,31.5,5.5],"rotation":{"angle":-22.5,"axis":"y","origin":[6.875,31,4.75]},"faces":{"north":{"uv":[15.68421,5.68421,15.57895,6],"texture":"#2"},"east":{"uv":[8.73684,14.10526,8.42105,14.42105],"texture":"#2"},"south":{"uv":[15.68421,6.31579,15.57895,6.63158],"texture":"#2"},"west":{"uv":[14.42105,8,14.10526,8.31579],"texture":"#2"},"up":{"uv":[6.94737,15.89474,7.05263,15.57895],"texture":"#2"},"down":{"uv":[15.57895,6.94737,15.68421,7.26316],"texture":"#2"}}},{"from":[6.75,31.5,4],"to":[7.25,32,5],"rotation":{"angle":-22.5,"axis":"y","origin":[6.875,32,4.75]},"faces":{"north":{"uv":[3.68421,15.78947,3.57895,15.89474],"texture":"#2"},"east":{"uv":[2.52631,15.78947,2.31579,15.89474],"texture":"#2"},"south":{"uv":[15.89474,3.78947,15.78947,3.89474],"texture":"#2"},"west":{"uv":[16,1.26316,15.78947,1.36842],"texture":"#2"},"up":{"uv":[2.73684,16,2.8421,15.78947],"texture":"#2"},"down":{"uv":[3.1579,15.78947,3.26316,16],"texture":"#2"}}},{"from":[6.5,27,2],"to":[9.5,29,3],"rotation":{"angle":0,"axis":"y","origin":[6.5,27,0]},"faces":{"north":{"uv":[11.36842,12.21053,12,12.63158],"texture":"#2"},"east":{"uv":[2.10526,14.31579,2.31579,14.73684],"texture":"#2"},"south":{"uv":[12.21053,12.21053,12.8421,12.63158],"texture":"#2"},"west":{"uv":[14.31579,2.31579,14.52631,2.73684],"texture":"#2"},"up":{"uv":[14.10526,7.78947,13.47369,7.57895],"texture":"#2"},"down":{"uv":[14.31579,1.89474,13.68421,2.10526],"texture":"#2"}}},{"from":[7.5,25.2,10.2],"to":[8.5,26.2,11.2],"rotation":{"angle":22.5,"axis":"x","origin":[8,24.575,9.95]},"faces":{"north":{"uv":[15.1579,13.26316,15.36842,13.47369],"texture":"#2"},"east":{"uv":[15.1579,13.68421,15.36842,13.89474],"texture":"#2"},"south":{"uv":[15.1579,14.10526,15.36842,14.31579],"texture":"#2"},"west":{"uv":[15.1579,14.52631,15.36842,14.73684],"texture":"#2"},"up":{"uv":[15.57895,0.21053,15.36842,0],"texture":"#2"},"down":{"uv":[15.57895,0.42105,15.36842,0.63158],"texture":"#2"}}},{"from":[7.995,22.2,10.2],"to":[8.005,27.2,13.7],"rotation":{"angle":22.5,"axis":"x","origin":[8,24.575,9.95]},"faces":{"east":{"uv":[6.63158,4.42105,5.89474,5.47369],"texture":"#2"},"west":{"uv":[5.89474,4.42105,6.63158,5.47369],"texture":"#2"}}},{"from":[6.58579,-3.5,8],"to":[8.58579,5.5,10],"rotation":{"angle":45,"axis":"y","origin":[6.58579,-3.5,8]},"faces":{"north":{"uv":[0.8421,8.63158,1.26316,10.52631],"texture":"#2"},"east":{"uv":[6.31579,8.63158,6.73684,10.52631],"texture":"#2"},"south":{"uv":[6.94737,8.63158,7.36842,10.52631],"texture":"#2"},"west":{"uv":[7.57895,8.63158,8,10.52631],"texture":"#2"},"up":{"uv":[12.42105,13.26316,12,12.8421],"texture":"#2"},"down":{"uv":[13.05263,12.8421,12.63158,13.26316],"texture":"#2"}}},{"from":[8,6,7.11612],"to":[9.25,7.5,8.36612],"rotation":{"angle":-45,"axis":"y","origin":[8,6,7.11612]},"faces":{"north":{"uv":[14.31579,4,14.57895,4.31579],"texture":"#2"},"east":{"uv":[5.47369,14.31579,5.73684,14.63158],"texture":"#2"},"south":{"uv":[6.10526,14.31579,6.36842,14.63158],"texture":"#2"},"west":{"uv":[14.31579,11.78947,14.57895,12.10526],"texture":"#2"},"up":{"uv":[12.47369,14.78947,12.21053,14.52631],"texture":"#2"}}},{"from":[7.75,5.5,6.86612],"to":[9.5,6,8.61612],"rotation":{"angle":-45,"axis":"y","origin":[8,4,7.11612]},"faces":{"north":{"uv":[14.10526,15.36842,14.47369,15.47369],"texture":"#2"},"east":{"uv":[14.73684,15.36842,15.10526,15.47369],"texture":"#2"},"south":{"uv":[15.36842,14.94737,15.73684,15.05263],"texture":"#2"},"west":{"uv":[15.36842,15.36842,15.73684,15.47369],"texture":"#2"},"up":{"uv":[13.8421,6.68421,13.47369,6.31579],"texture":"#2"},"down":{"uv":[13.8421,6.94737,13.47369,7.31579],"texture":"#2"}}},{"from":[8.25,7.5,7.18934],"to":[9.25,9.5,8.18934],"rotation":{"angle":-45,"axis":"y","origin":[8,8,6.93934]},"faces":{"north":{"uv":[9.05263,8,9.26316,8.42105],"texture":"#2"},"east":{"uv":[9.68421,3.36842,9.89474,3.78947],"texture":"#2"},"south":{"uv":[14.10526,9.68421,14.31579,10.10526],"texture":"#2"},"west":{"uv":[14.10526,10.31579,14.31579,10.73684],"texture":"#2"}}},{"from":[8,9.5,7.11612],"to":[9.25,11,8.36612],"rotation":{"angle":-45,"axis":"y","origin":[8,9,7.11612]},"faces":{"north":{"uv":[14.52631,1.68421,14.78947,2],"texture":"#2"},"east":{"uv":[2.52631,14.52631,2.78947,14.8421],"texture":"#2"},"south":{"uv":[14.52631,4.63158,14.78947,4.94737],"texture":"#2"},"west":{"uv":[14.52631,5.26316,14.78947,5.57895],"texture":"#2"},"down":{"uv":[14.78947,12.42105,14.52631,12.68421],"texture":"#2"}}},{"from":[7.75,-4,6.86612],"to":[9.5,-3.5,8.61612],"rotation":{"angle":-45,"axis":"y","origin":[8,-5.5,7.11612]},"faces":{"north":{"uv":[0,15.57895,0.36842,15.68421],"texture":"#2"},"east":{"uv":[1.68421,15.57895,2.05263,15.68421],"texture":"#2"},"south":{"uv":[15.57895,2.10526,15.94737,2.21053],"texture":"#2"},"west":{"uv":[15.57895,2.52631,15.94737,2.63158],"texture":"#2"},"up":{"uv":[8.1579,13.8421,7.78947,13.47369],"texture":"#2"},"down":{"uv":[8.78947,13.47369,8.42105,13.8421],"texture":"#2"}}},{"from":[7.5,-5.51777,7.75],"to":[8.5,-4.01777,9.25],"rotation":{"angle":-45,"axis":"x","origin":[7.5,-5.26777,8]},"faces":{"north":{"uv":[14.10526,14.73684,14.31579,15.05263],"texture":"#2"},"east":{"uv":[4.8421,14.10526,5.1579,14.42105],"texture":"#2"},"south":{"uv":[1.68421,14.94737,1.89474,15.26316],"texture":"#2"},"west":{"uv":[14.10526,5.89474,14.42105,6.21053],"texture":"#2"},"up":{"uv":[2.31579,15.26316,2.10526,14.94737],"texture":"#2"},"down":{"uv":[15.1579,4,14.94737,4.31579],"texture":"#2"}}},{"from":[7.25,-5.26777,8],"to":[8.75,-4.26777,9],"rotation":{"angle":-45,"axis":"x","origin":[7.5,-5.26777,8]},"faces":{"north":{"uv":[14.73684,1.26316,15.05263,1.47369],"texture":"#2"},"east":{"uv":[15.1579,6.52631,15.36842,6.73684],"texture":"#2"},"south":{"uv":[5.26316,14.94737,5.57895,15.1579],"texture":"#2"},"west":{"uv":[6.94737,15.1579,7.1579,15.36842],"texture":"#2"},"up":{"uv":[6.21053,15.1579,5.89474,14.94737],"texture":"#2"},"down":{"uv":[15.26316,7.57895,14.94737,7.78947],"texture":"#2"}}},{"from":[6.5,17.5,6.5],"to":[9.5,20.5,9.5],"rotation":{"angle":0,"axis":"y","origin":[6.5,17.5,6.5]},"faces":{"north":{"uv":[11.1579,4,11.78947,4.63158],"texture":"#2"},"east":{"uv":[7.78947,11.1579,8.42105,11.78947],"texture":"#2"},"south":{"uv":[8.63158,11.1579,9.26316,11.78947],"texture":"#2"},"west":{"uv":[11.1579,8.8421,11.78947,9.47369],"texture":"#2"},"up":{"uv":[11.78947,10.31579,11.1579,9.68421],"texture":"#2"},"down":{"uv":[0.63158,11.36842,0,12],"texture":"#2"}}},{"from":[7,18.5,4],"to":[9,20.5,8],"rotation":{"angle":-22.5,"axis":"x","origin":[7,18.5,4]},"faces":{"north":{"uv":[10.10526,13.05263,10.52631,13.47369],"texture":"#2"},"east":{"uv":[9.26316,6.10526,10.10526,6.52631],"texture":"#2"},"south":{"uv":[13.05263,10.52631,13.47369,10.94737],"texture":"#2"},"west":{"uv":[10.94737,5.89474,11.78947,6.31579],"texture":"#2"},"up":{"uv":[4.42105,12.63158,4,11.78947],"texture":"#2"},"down":{"uv":[5.05263,11.78947,4.63158,12.63158],"texture":"#2"}}},{"from":[7,17.5,4],"to":[9,18.5,5.75],"rotation":{"angle":-22.5,"axis":"x","origin":[7,18.5,4]},"faces":{"north":{"uv":[14.10526,3.57895,14.52631,3.78947],"texture":"#2"},"east":{"uv":[14.31579,7.57895,14.68421,7.78947],"texture":"#2"},"south":{"uv":[14.10526,7.1579,14.52631,7.36842],"texture":"#2"},"west":{"uv":[14.52631,9.05263,14.89474,9.26316],"texture":"#2"},"down":{"uv":[13.89474,3.36842,13.47369,3.73684],"texture":"#2"}}},{"from":[6.58579,11,8],"to":[8.58579,17,10],"rotation":{"angle":45,"axis":"y","origin":[6.58579,11,8]},"faces":{"north":{"uv":[4.63158,10.31579,5.05263,11.57895],"texture":"#2"},"east":{"uv":[10.31579,5.05263,10.73684,6.31579],"texture":"#2"},"south":{"uv":[5.26316,10.31579,5.68421,11.57895],"texture":"#2"},"west":{"uv":[10.31579,8,10.73684,9.26316],"texture":"#2"},"up":{"uv":[11.1579,13.47369,10.73684,13.05263],"texture":"#2"},"down":{"uv":[13.47369,12.21053,13.05263,12.63158],"texture":"#2"}}},{"from":[7.75,17,6.86612],"to":[9.5,17.5,8.61612],"rotation":{"angle":-45,"axis":"y","origin":[8,15.5,7.11612]},"faces":{"north":{"uv":[15.57895,2.94737,15.94737,3.05263],"texture":"#2"},"east":{"uv":[15.57895,3.36842,15.94737,3.47369],"texture":"#2"},"south":{"uv":[15.57895,4.42105,15.94737,4.52631],"texture":"#2"},"west":{"uv":[4.63158,15.57895,5,15.68421],"texture":"#2"},"up":{"uv":[13.8421,8.78947,13.47369,8.42105],"texture":"#2"},"down":{"uv":[9.42105,13.47369,9.05263,13.8421],"texture":"#2"}}},{"from":[7.5,16.75,4.5],"to":[8.5,17.75,5.5],"rotation":{"angle":-45,"axis":"x","origin":[7.5,16.75,4.5]},"faces":{"north":{"uv":[15.1579,6.94737,15.36842,7.1579],"texture":"#2"},"east":{"uv":[15.1579,8,15.36842,8.21053],"texture":"#2"},"south":{"uv":[15.1579,8.42105,15.36842,8.63158],"texture":"#2"},"west":{"uv":[15.1579,8.8421,15.36842,9.05263],"texture":"#2"},"up":{"uv":[9.26316,15.36842,9.05263,15.1579],"texture":"#2"},"down":{"uv":[15.36842,9.26316,15.1579,9.47369],"texture":"#2"}}},{"from":[7,18.5,8],"to":[9,20.5,12],"rotation":{"angle":22.5,"axis":"x","origin":[7,18.5,12]},"faces":{"north":{"uv":[0,13.26316,0.42105,13.68421],"texture":"#2"},"east":{"uv":[11.36842,7.36842,12.21053,7.78947],"texture":"#2"},"south":{"uv":[13.26316,0.63158,13.68421,1.05263],"texture":"#2"},"west":{"uv":[11.78947,4.8421,12.63158,5.26316],"texture":"#2"},"up":{"uv":[5.68421,12.63158,5.26316,11.78947],"texture":"#2"},"down":{"uv":[6.31579,11.78947,5.89474,12.63158],"texture":"#2"}}},{"from":[7.5,16.75,10.5],"to":[8.5,17.75,11.5],"rotation":{"angle":45,"axis":"x","origin":[7.5,16.75,11.5]},"faces":{"north":{"uv":[15.1579,9.68421,15.36842,9.89474],"texture":"#2"},"east":{"uv":[15.1579,10.10526,15.36842,10.31579],"texture":"#2"},"south":{"uv":[15.1579,10.52631,15.36842,10.73684],"texture":"#2"},"west":{"uv":[15.1579,10.94737,15.36842,11.1579],"texture":"#2"},"up":{"uv":[12.21053,15.36842,12,15.1579],"texture":"#2"},"down":{"uv":[12.63158,15.1579,12.42105,15.36842],"texture":"#2"}}},{"from":[7,17.5,10.25],"to":[9,18.5,12],"rotation":{"angle":22.5,"axis":"x","origin":[7,18.5,12]},"faces":{"north":{"uv":[14.10526,8.63158,14.52631,8.8421],"texture":"#2"},"east":{"uv":[14.52631,9.47369,14.89474,9.68421],"texture":"#2"},"south":{"uv":[12.21053,14.10526,12.63158,14.31579],"texture":"#2"},"west":{"uv":[14.52631,9.89474,14.89474,10.10526],"texture":"#2"},"down":{"uv":[5.26316,13.47369,4.8421,13.8421],"texture":"#2"}}},{"from":[5.75,20.75,3.96079],"to":[7.75,22.75,5.96079],"rotation":{"angle":-45,"axis":"x","origin":[6.75,21,4.96079]},"faces":{"north":{"uv":[12.63158,9.47369,13.05263,9.89474],"texture":"#2"},"east":{"uv":[12.8421,0,13.26316,0.42105],"texture":"#2"},"south":{"uv":[12.8421,3.36842,13.26316,3.78947],"texture":"#2"},"west":{"uv":[4.42105,12.8421,4.8421,13.26316],"texture":"#2"},"up":{"uv":[13.26316,5.26316,12.8421,4.8421],"texture":"#2"},"down":{"uv":[5.47369,12.8421,5.05263,13.26316],"texture":"#2"}}},{"from":[6,19.75,4.21079],"to":[7.5,20.75,5.71079],"rotation":{"angle":-45,"axis":"x","origin":[6.75,21,4.96079]},"faces":{"north":{"uv":[12.8421,14.52631,13.1579,14.73684],"texture":"#2"},"east":{"uv":[13.47369,14.52631,13.78947,14.73684],"texture":"#2"},"south":{"uv":[14.52631,14.10526,14.8421,14.31579],"texture":"#2"},"west":{"uv":[14.52631,14.52631,14.8421,14.73684],"texture":"#2"},"down":{"uv":[14.21053,12.63158,13.89474,12.94737],"texture":"#2"}}},{"from":[5.75,20.75,10.03921],"to":[7.75,22.75,12.03921],"rotation":{"angle":45,"axis":"x","origin":[6.75,21,11.03921]},"faces":{"north":{"uv":[5.68421,12.8421,6.10526,13.26316],"texture":"#2"},"east":{"uv":[7.78947,12.8421,8.21053,13.26316],"texture":"#2"},"south":{"uv":[8.42105,12.8421,8.8421,13.26316],"texture":"#2"},"west":{"uv":[12.8421,8.63158,13.26316,9.05263],"texture":"#2"},"up":{"uv":[9.47369,13.26316,9.05263,12.8421],"texture":"#2"},"down":{"uv":[11.78947,12.8421,11.36842,13.26316],"texture":"#2"}}},{"from":[6,19.75,10.28921],"to":[7.5,20.75,11.78921],"rotation":{"angle":45,"axis":"x","origin":[6.75,21,11.03921]},"faces":{"north":{"uv":[0.42105,14.73684,0.73684,14.94737],"texture":"#2"},"east":{"uv":[14.73684,0.42105,15.05263,0.63158],"texture":"#2"},"south":{"uv":[14.73684,0.8421,15.05263,1.05263],"texture":"#2"},"west":{"uv":[1.05263,14.73684,1.36842,14.94737],"texture":"#2"},"down":{"uv":[0.73684,14.10526,0.42105,14.42105],"texture":"#2"}}},{"from":[5.745,21.35907,-2.3516],"to":[5.755,28.35907,4.6484],"rotation":{"angle":22.5,"axis":"y","origin":[5.75,24.85907,1.1484]},"faces":{"east":{"uv":[14,0,0,14],"texture":"#1"},"west":{"uv":[0,0,14,14],"texture":"#1"}}},{"from":[5.5,19.97783,5.75],"to":[10.5,22.97783,10.25],"rotation":{"angle":0,"axis":"y","origin":[7.25,19.97783,11]},"faces":{"east":{"uv":[10.28571,1,12.85714,2.71429],"texture":"#3"},"west":{"uv":[10.28571,1,12.85714,2.71429],"texture":"#3"}}},{"from":[6.125,17,2],"to":[9.875,19,6],"rotation":{"angle":0,"axis":"y","origin":[6.625,18,4]},"faces":{"east":{"uv":[8,0,10.28571,1.14286],"texture":"#3"},"west":{"uv":[8,0,10.28571,1.14286],"texture":"#3"}}},{"from":[6.25,17.75,10],"to":[9.75,19.5,14],"rotation":{"angle":0,"axis":"y","origin":[6.75,18.625,12]},"faces":{"east":{"uv":[12.57143,0,14.42857,1],"texture":"#3"},"west":{"uv":[12.57143,0,14.42857,1],"texture":"#3"}}},{"from":[5.745,21.35907,11.3516],"to":[5.755,28.35907,18.3516],"rotation":{"angle":-22.5,"axis":"y","origin":[5.75,24.85907,14.8516]},"faces":{"east":{"uv":[0,0,14,14],"texture":"#1"},"west":{"uv":[14,0,0,14],"texture":"#1"}}},{"from":[10.245,21.35907,-2.3516],"to":[10.255,28.35907,4.6484],"rotation":{"angle":-22.5,"axis":"y","origin":[10.25,24.85907,1.1484]},"faces":{"east":{"uv":[14,0,0,14],"texture":"#1"},"west":{"uv":[0,0,14,14],"texture":"#1"}}},{"from":[8.5,19.75,4.21079],"to":[10,20.75,5.71079],"rotation":{"angle":-45,"axis":"x","origin":[9.25,21,4.96079]},"faces":{"north":{"uv":[14.73684,0.8421,15.05263,1.05263],"texture":"#2"},"east":{"uv":[1.05263,14.73684,1.36842,14.94737],"texture":"#2"},"south":{"uv":[0.42105,14.73684,0.73684,14.94737],"texture":"#2"},"west":{"uv":[14.73684,0.42105,15.05263,0.63158],"texture":"#2"},"down":{"uv":[0.42105,14.42105,0.73684,14.10526],"texture":"#2"}}},{"from":[8.25,20.75,3.96079],"to":[10.25,22.75,5.96079],"rotation":{"angle":-45,"axis":"x","origin":[9.25,21,4.96079]},"faces":{"north":{"uv":[8.42105,12.8421,8.8421,13.26316],"texture":"#2"},"east":{"uv":[12.8421,8.63158,13.26316,9.05263],"texture":"#2"},"south":{"uv":[5.68421,12.8421,6.10526,13.26316],"texture":"#2"},"west":{"uv":[7.78947,12.8421,8.21053,13.26316],"texture":"#2"},"up":{"uv":[9.05263,12.8421,9.47369,13.26316],"texture":"#2"},"down":{"uv":[11.36842,13.26316,11.78947,12.8421],"texture":"#2"}}},{"from":[10.245,21.35907,11.3516],"to":[10.255,28.35907,18.3516],"rotation":{"angle":22.5,"axis":"y","origin":[10.25,24.85907,14.8516]},"faces":{"east":{"uv":[0,0,14,14],"texture":"#1"},"west":{"uv":[14,0,0,14],"texture":"#1"}}},{"from":[8.5,19.75,10.28921],"to":[10,20.75,11.78921],"rotation":{"angle":45,"axis":"x","origin":[9.25,21,11.03921]},"faces":{"north":{"uv":[14.52631,14.10526,14.8421,14.31579],"texture":"#2"},"east":{"uv":[14.52631,14.52631,14.8421,14.73684],"texture":"#2"},"south":{"uv":[12.8421,14.52631,13.1579,14.73684],"texture":"#2"},"west":{"uv":[13.47369,14.52631,13.78947,14.73684],"texture":"#2"},"down":{"uv":[13.89474,12.94737,14.21053,12.63158],"texture":"#2"}}},{"from":[8.25,20.75,10.03921],"to":[10.25,22.75,12.03921],"rotation":{"angle":45,"axis":"x","origin":[9.25,21,11.03921]},"faces":{"north":{"uv":[12.8421,3.36842,13.26316,3.78947],"texture":"#2"},"east":{"uv":[4.42105,12.8421,4.8421,13.26316],"texture":"#2"},"south":{"uv":[12.63158,9.47369,13.05263,9.89474],"texture":"#2"},"west":{"uv":[12.8421,0,13.26316,0.42105],"texture":"#2"},"up":{"uv":[12.8421,4.8421,13.26316,5.26316],"texture":"#2"},"down":{"uv":[5.05263,13.26316,5.47369,12.8421],"texture":"#2"}}}],"gui_light":"front","display":{"thirdperson_righthand":{"translation":[0,-2.5,0.75]},"thirdperson_lefthand":{"translation":[0,-2.5,0.75]},"firstperson_righthand":{"rotation":[-10,0,0],"translation":[4,-2.25,-0.5]},"firstperson_lefthand":{"rotation":[-10,0,0],"translation":[4,-2.25,-0.5]},"ground":{"rotation":[-45,0,0],"translation":[0,5,0],"scale":[0.7,0.7,0.7]},"gui":{"rotation":[-90,135,90],"translation":[-2.75,-2.5,0],"scale":[0.7,0.7,0.7]},"head":{"rotation":[0,-90,0]},"fixed":{"rotation":[0,-90,0],"translation":[0,0,-2.25],"scale":[2,2,2]}},"groups":[{"name":"staff","origin":[9.25,21,11.03921],"color":0,"children":[0,1,2,3,4,5,6,7,8,9,10,11,12,13,14,15,16,17,18,19,20,21,22,23,24,25,26,27,28,29,30,31,32,33,34,35,36,37,38,39,40,41,42,43,44,45]}],"mcmodels":"522c47e8fe8dc116f84fd8fdaa610de9"}