{"credit":"Pologony Creation Co.,Ltd.","textures":{"2":"item/aprilfools/weapons_tools","3":"item/aprilfools/animated/haha_animated"},"elements":[{"from":[7.5,9,6],"to":[8.5,12,10],"rotation":{"angle":0,"axis":"y","origin":[7,10,6]},"faces":{"north":{"uv":[6.10526,13.47369,6.31579,14.10526],"texture":"#2"},"east":{"uv":[2.52631,10.10526,3.36842,10.73684],"texture":"#2"},"south":{"uv":[13.47369,11.1579,13.68421,11.78947],"texture":"#2"},"west":{"uv":[10.10526,3.36842,10.94737,4],"texture":"#2"},"up":{"uv":[4.8421,8.21053,4.63158,7.36842],"texture":"#2"},"down":{"uv":[6.10526,9.47369,5.89474,10.31579],"texture":"#2"}}},{"from":[7.75,12,6.75],"to":[8.25,17,9.25],"rotation":{"angle":0,"axis":"y","origin":[7,10,6]},"faces":{"north":{"uv":[13.68421,9.89474,13.78947,10.94737],"texture":"#2"},"east":{"uv":[9.47369,8,10,9.05263],"texture":"#2"},"south":{"uv":[10.10526,13.68421,10.21053,14.73684],"texture":"#2"},"west":{"uv":[9.47369,9.26316,10,10.31579],"texture":"#2"}}},{"from":[7.75,17,7.25],"to":[8.25,28,8.75],"rotation":{"angle":0,"axis":"y","origin":[7,18,6]},"faces":{"north":{"uv":[6.52631,11.78947,6.63158,14.10526],"texture":"#2"},"east":{"uv":[8.21053,8.63158,8.52631,10.94737],"texture":"#2"},"south":{"uv":[6.94737,12.63158,7.05263,14.94737],"texture":"#2"},"west":{"uv":[8.8421,8.63158,9.1579,10.94737],"texture":"#2"}}},{"from":[7.7475,15.75,6.75],"to":[8.2525,18.25,9.25],"rotation":{"angle":-45,"axis":"x","origin":[7.9975,17,8]},"faces":{"north":{"uv":[6.52631,14.94737,6.63158,15.47369],"texture":"#2"},"east":{"uv":[12,3.36842,12.52631,3.89474],"texture":"#2"},"south":{"uv":[7.36842,14.94737,7.47369,15.47369],"texture":"#2"},"west":{"uv":[7.78947,12,8.31579,12.52631],"texture":"#2"},"up":{"uv":[9.57895,15.47369,9.47369,14.94737],"texture":"#2"},"down":{"uv":[10,14.94737,9.89474,15.47369],"texture":"#2"}}},{"from":[7.7475,27.55901,7.25],"to":[8.2525,28.62201,8.313],"rotation":{"angle":-45,"axis":"x","origin":[7.9975,28.30901,8]},"faces":{"north":{"uv":[15.78947,0,15.89474,0.21053],"texture":"#2"},"east":{"uv":[6.52631,6.94737,6.73684,7.1579],"texture":"#2"},"south":{"uv":[15.78947,0.42105,15.89474,0.63158],"texture":"#2"},"west":{"uv":[7.78947,10.73684,8,10.94737],"texture":"#2"},"up":{"uv":[15.89474,1.05263,15.78947,0.8421],"texture":"#2"},"down":{"uv":[1.36842,15.78947,1.26316,16],"texture":"#2"}}},{"from":[7.995,10,4.5],"to":[8.005,32,11.5],"rotation":{"angle":0,"axis":"y","origin":[7.995,4,4.5]},"faces":{"east":{"uv":[1.47369,0,0,4.63158],"texture":"#2"},"west":{"uv":[0,0,1.47369,4.63158],"texture":"#2"}}},{"from":[8,0.5,7.11612],"to":[9.25,2,8.36612],"rotation":{"angle":-45,"axis":"y","origin":[8,0.5,7.11612]},"faces":{"north":{"uv":[14.31579,4,14.57895,4.31579],"texture":"#2"},"east":{"uv":[5.47369,14.31579,5.73684,14.63158],"texture":"#2"},"south":{"uv":[6.10526,14.31579,6.36842,14.63158],"texture":"#2"},"west":{"uv":[14.31579,11.78947,14.57895,12.10526],"texture":"#2"},"up":{"uv":[12.47369,14.78947,12.21053,14.52631],"texture":"#2"}}},{"from":[7.75,0,6.86612],"to":[9.5,0.5,8.61612],"rotation":{"angle":-45,"axis":"y","origin":[8,-1.5,7.11612]},"faces":{"north":{"uv":[14.10526,15.36842,14.47369,15.47369],"texture":"#2"},"east":{"uv":[14.73684,15.36842,15.10526,15.47369],"texture":"#2"},"south":{"uv":[15.36842,14.94737,15.73684,15.05263],"texture":"#2"},"west":{"uv":[15.36842,15.36842,15.73684,15.47369],"texture":"#2"},"up":{"uv":[13.8421,6.68421,13.47369,6.31579],"texture":"#2"},"down":{"uv":[13.8421,6.94737,13.47369,7.31579],"texture":"#2"}}},{"from":[8.25,2,7.18934],"to":[9.25,4,8.18934],"rotation":{"angle":-45,"axis":"y","origin":[8,2.5,6.93934]},"faces":{"north":{"uv":[9.05263,8,9.26316,8.42105],"texture":"#2"},"east":{"uv":[9.68421,3.36842,9.89474,3.78947],"texture":"#2"},"south":{"uv":[14.10526,9.68421,14.31579,10.10526],"texture":"#2"},"west":{"uv":[14.10526,10.31579,14.31579,10.73684],"texture":"#2"}}},{"from":[8,4,7.11612],"to":[9.25,5.5,8.36612],"rotation":{"angle":-45,"axis":"y","origin":[8,3.5,7.11612]},"faces":{"north":{"uv":[14.52631,1.68421,14.78947,2],"texture":"#2"},"east":{"uv":[2.52631,14.52631,2.78947,14.8421],"texture":"#2"},"south":{"uv":[14.52631,4.63158,14.78947,4.94737],"texture":"#2"},"west":{"uv":[14.52631,5.26316,14.78947,5.57895],"texture":"#2"},"down":{"uv":[14.78947,12.42105,14.52631,12.68421],"texture":"#2"}}},{"from":[7.5,-1.51777,7.75],"to":[8.5,-0.01777,9.25],"rotation":{"angle":-45,"axis":"x","origin":[7.5,-1.26777,8]},"faces":{"north":{"uv":[14.10526,14.73684,14.31579,15.05263],"texture":"#2"},"east":{"uv":[4.8421,14.10526,5.1579,14.42105],"texture":"#2"},"south":{"uv":[1.68421,14.94737,1.89474,15.26316],"texture":"#2"},"west":{"uv":[14.10526,5.89474,14.42105,6.21053],"texture":"#2"},"up":{"uv":[2.31579,15.26316,2.10526,14.94737],"texture":"#2"},"down":{"uv":[15.1579,4,14.94737,4.31579],"texture":"#2"}}},{"from":[7.25,-1.26777,8],"to":[8.75,-0.26777,9],"rotation":{"angle":-45,"axis":"x","origin":[7.5,-1.26777,8]},"faces":{"north":{"uv":[14.73684,1.26316,15.05263,1.47369],"texture":"#2"},"east":{"uv":[15.1579,6.52631,15.36842,6.73684],"texture":"#2"},"south":{"uv":[5.26316,14.94737,5.57895,15.1579],"texture":"#2"},"west":{"uv":[6.94737,15.1579,7.1579,15.36842],"texture":"#2"},"up":{"uv":[6.21053,15.1579,5.89474,14.94737],"texture":"#2"},"down":{"uv":[15.26316,7.57895,14.94737,7.78947],"texture":"#2"}}},{"from":[6.5,6,6.5],"to":[9.5,9,9.5],"rotation":{"angle":0,"axis":"y","origin":[6.5,6,6.5]},"faces":{"north":{"uv":[11.1579,4,11.78947,4.63158],"texture":"#2"},"east":{"uv":[7.78947,11.1579,8.42105,11.78947],"texture":"#2"},"south":{"uv":[8.63158,11.1579,9.26316,11.78947],"texture":"#2"},"west":{"uv":[11.1579,8.8421,11.78947,9.47369],"texture":"#2"},"up":{"uv":[11.78947,10.31579,11.1579,9.68421],"texture":"#2"},"down":{"uv":[0.63158,11.36842,0,12],"texture":"#2"}}},{"from":[7,7,4],"to":[9,9,8],"rotation":{"angle":-22.5,"axis":"x","origin":[7,7,4]},"faces":{"north":{"uv":[10.10526,13.05263,10.52631,13.47369],"texture":"#2"},"east":{"uv":[9.26316,6.10526,10.10526,6.52631],"texture":"#2"},"south":{"uv":[13.05263,10.52631,13.47369,10.94737],"texture":"#2"},"west":{"uv":[10.94737,5.89474,11.78947,6.31579],"texture":"#2"},"up":{"uv":[4.42105,12.63158,4,11.78947],"texture":"#2"},"down":{"uv":[5.05263,11.78947,4.63158,12.63158],"texture":"#2"}}},{"from":[7,6,4],"to":[9,7,5.75],"rotation":{"angle":-22.5,"axis":"x","origin":[7,7,4]},"faces":{"north":{"uv":[14.10526,3.57895,14.52631,3.78947],"texture":"#2"},"east":{"uv":[14.31579,7.57895,14.68421,7.78947],"texture":"#2"},"south":{"uv":[14.10526,7.1579,14.52631,7.36842],"texture":"#2"},"west":{"uv":[14.52631,9.05263,14.89474,9.26316],"texture":"#2"},"down":{"uv":[13.89474,3.36842,13.47369,3.73684],"texture":"#2"}}},{"from":[7.75,5.5,6.86612],"to":[9.5,6,8.61612],"rotation":{"angle":-45,"axis":"y","origin":[8,4,7.11612]},"faces":{"north":{"uv":[15.57895,2.94737,15.94737,3.05263],"texture":"#2"},"east":{"uv":[15.57895,3.36842,15.94737,3.47369],"texture":"#2"},"south":{"uv":[15.57895,4.42105,15.94737,4.52631],"texture":"#2"},"west":{"uv":[4.63158,15.57895,5,15.68421],"texture":"#2"},"up":{"uv":[13.8421,8.78947,13.47369,8.42105],"texture":"#2"},"down":{"uv":[9.42105,13.47369,9.05263,13.8421],"texture":"#2"}}},{"from":[7.5,5.25,4.5],"to":[8.5,6.25,5.5],"rotation":{"angle":-45,"axis":"x","origin":[7.5,5.25,4.5]},"faces":{"north":{"uv":[15.1579,6.94737,15.36842,7.1579],"texture":"#2"},"east":{"uv":[15.1579,8,15.36842,8.21053],"texture":"#2"},"south":{"uv":[15.1579,8.42105,15.36842,8.63158],"texture":"#2"},"west":{"uv":[15.1579,8.8421,15.36842,9.05263],"texture":"#2"},"up":{"uv":[9.26316,15.36842,9.05263,15.1579],"texture":"#2"},"down":{"uv":[15.36842,9.26316,15.1579,9.47369],"texture":"#2"}}},{"from":[7,7,8],"to":[9,9,12],"rotation":{"angle":22.5,"axis":"x","origin":[7,7,12]},"faces":{"north":{"uv":[0,13.26316,0.42105,13.68421],"texture":"#2"},"east":{"uv":[11.36842,7.36842,12.21053,7.78947],"texture":"#2"},"south":{"uv":[13.26316,0.63158,13.68421,1.05263],"texture":"#2"},"west":{"uv":[11.78947,4.8421,12.63158,5.26316],"texture":"#2"},"up":{"uv":[5.68421,12.63158,5.26316,11.78947],"texture":"#2"},"down":{"uv":[6.31579,11.78947,5.89474,12.63158],"texture":"#2"}}},{"from":[7.5,5.25,10.5],"to":[8.5,6.25,11.5],"rotation":{"angle":45,"axis":"x","origin":[7.5,5.25,11.5]},"faces":{"north":{"uv":[15.1579,9.68421,15.36842,9.89474],"texture":"#2"},"east":{"uv":[15.1579,10.10526,15.36842,10.31579],"texture":"#2"},"south":{"uv":[15.1579,10.52631,15.36842,10.73684],"texture":"#2"},"west":{"uv":[15.1579,10.94737,15.36842,11.1579],"texture":"#2"},"up":{"uv":[12.21053,15.36842,12,15.1579],"texture":"#2"},"down":{"uv":[12.63158,15.1579,12.42105,15.36842],"texture":"#2"}}},{"from":[7,6,10.25],"to":[9,7,12],"rotation":{"angle":22.5,"axis":"x","origin":[7,7,12]},"faces":{"north":{"uv":[14.10526,8.63158,14.52631,8.8421],"texture":"#2"},"east":{"uv":[14.52631,9.47369,14.89474,9.68421],"texture":"#2"},"south":{"uv":[12.21053,14.10526,12.63158,14.31579],"texture":"#2"},"west":{"uv":[14.52631,9.89474,14.89474,10.10526],"texture":"#2"},"down":{"uv":[5.26316,13.47369,4.8421,13.8421],"texture":"#2"}}},{"from":[7.6,12,5],"to":[8.4,32,11],"rotation":{"angle":0,"axis":"y","origin":[7.25,11,5]},"faces":{"east":{"uv":[3.42857,0,0,11.42857],"texture":"#3"},"west":{"uv":[0,0,3.42857,11.42857],"texture":"#3"}}},{"from":[6.25,8.47783,5.75],"to":[9.75,11.47783,10.25],"rotation":{"angle":0,"axis":"y","origin":[7.25,8.47783,11]},"faces":{"east":{"uv":[10.28571,1,12.85714,2.71429],"texture":"#3"},"west":{"uv":[10.28571,1,12.85714,2.71429],"texture":"#3"}}},{"from":[6.625,5.5,2],"to":[9.375,7.5,6],"rotation":{"angle":0,"axis":"y","origin":[6.625,6.5,4]},"faces":{"east":{"uv":[8,0,10.28571,1.14286],"texture":"#3"},"west":{"uv":[8,0,10.28571,1.14286],"texture":"#3"}}},{"from":[6.75,6.25,10],"to":[9.25,8,14],"rotation":{"angle":0,"axis":"y","origin":[6.75,7.125,12]},"faces":{"east":{"uv":[12.57143,0,14.42857,1],"texture":"#3"},"west":{"uv":[12.57143,0,14.42857,1],"texture":"#3"}}}],"gui_light":"front","display":{"thirdperson_righthand":{"translation":[0,3,0.75]},"thirdperson_lefthand":{"rotation":[0,180,0],"translation":[0,3,0.75]},"firstperson_righthand":{"rotation":[-10,0,0],"translation":[2.25,2.5,0.5],"scale":[0.8,0.8,0.8]},"firstperson_lefthand":{"rotation":[-10,180,0],"translation":[2.25,2.5,0.5],"scale":[0.8,0.8,0.8]},"ground":{"rotation":[-45,0,0],"translation":[0,5,0],"scale":[0.7,0.7,0.7]},"gui":{"rotation":[-90,135,90],"translation":[-4.25,-3.5,0],"scale":[0.8,0.8,0.8]},"head":{"rotation":[0,-90,0]},"fixed":{"rotation":[0,-90,0],"translation":[0,0,-2.25],"scale":[2,2,2]}},"groups":[{"name":"sword","origin":[6.75,7.125,12],"color":0,"children":[0,1,2,3,4,5,6,7,8,9,10,11,12,13,14,15,16,17,18,19,20,21,22,23]}],"mcmodels":"522c47e8fe8dc116f84fd8fdaa610de9"}