{"credit":"Pologony Creation Co.,Ltd.","textures":{"2":"item/aprilfools/weapons_tools","3":"item/aprilfools/animated/haha_animated"},"elements":[{"from":[7.75,20.5,7],"to":[8.25,25.5,9],"rotation":{"angle":0,"axis":"y","origin":[7,18.5,6]},"faces":{"north":{"uv":[10.52631,13.68421,10.63158,14.73684],"texture":"#2"},"east":{"uv":[9.47369,10.52631,9.89474,11.57895],"texture":"#2"},"south":{"uv":[10.94737,13.68421,11.05263,14.73684],"texture":"#2"},"west":{"uv":[0.8421,10.73684,1.26316,11.78947],"texture":"#2"}}},{"from":[7.7475,24.25,6.75],"to":[8.2525,26.25,8.75],"rotation":{"angle":-45,"axis":"x","origin":[7.9975,25.5,8]},"faces":{"north":{"uv":[1.26316,15.1579,1.36842,15.57895],"texture":"#2"},"east":{"uv":[12.42105,7.1579,12.8421,7.57895],"texture":"#2"},"south":{"uv":[15.1579,2.10526,15.26316,2.52631],"texture":"#2"},"west":{"uv":[12.42105,10.52631,12.8421,10.94737],"texture":"#2"},"up":{"uv":[2.63158,15.57895,2.52631,15.1579],"texture":"#2"},"down":{"uv":[15.26316,2.73684,15.1579,3.1579],"texture":"#2"}}},{"from":[7.995,20.5,5.25],"to":[8.005,32,10.75],"rotation":{"angle":0,"axis":"y","origin":[7.995,9,4.5]},"faces":{"east":{"uv":[4.73684,1.68421,3.57895,4.10526],"texture":"#2"},"west":{"uv":[3.57895,1.68421,4.73684,4.10526],"texture":"#2"}}},{"from":[7.985,20.5,9.5],"to":[8.015,30,15],"rotation":{"angle":0,"axis":"y","origin":[7.985,9,8.75]},"faces":{"east":{"uv":[1.1579,4.8421,0,6.8421],"texture":"#2"},"west":{"uv":[0,4.8421,1.1579,6.8421],"texture":"#2"}}},{"from":[6.58579,-3.5,8],"to":[8.58579,5.5,10],"rotation":{"angle":45,"axis":"y","origin":[6.58579,-3.5,8]},"faces":{"north":{"uv":[0.8421,8.63158,1.26316,10.52631],"texture":"#2"},"east":{"uv":[6.31579,8.63158,6.73684,10.52631],"texture":"#2"},"south":{"uv":[6.94737,8.63158,7.36842,10.52631],"texture":"#2"},"west":{"uv":[7.57895,8.63158,8,10.52631],"texture":"#2"},"up":{"uv":[12.42105,13.26316,12,12.8421],"texture":"#2"},"down":{"uv":[13.05263,12.8421,12.63158,13.26316],"texture":"#2"}}},{"from":[8,6,7.11612],"to":[9.25,7.5,8.36612],"rotation":{"angle":-45,"axis":"y","origin":[8,6,7.11612]},"faces":{"north":{"uv":[14.31579,4,14.57895,4.31579],"texture":"#2"},"east":{"uv":[5.47369,14.31579,5.73684,14.63158],"texture":"#2"},"south":{"uv":[6.10526,14.31579,6.36842,14.63158],"texture":"#2"},"west":{"uv":[14.31579,11.78947,14.57895,12.10526],"texture":"#2"},"up":{"uv":[12.47369,14.78947,12.21053,14.52631],"texture":"#2"}}},{"from":[7.75,5.5,6.86612],"to":[9.5,6,8.61612],"rotation":{"angle":-45,"axis":"y","origin":[8,4,7.11612]},"faces":{"north":{"uv":[14.10526,15.36842,14.47369,15.47369],"texture":"#2"},"east":{"uv":[14.73684,15.36842,15.10526,15.47369],"texture":"#2"},"south":{"uv":[15.36842,14.94737,15.73684,15.05263],"texture":"#2"},"west":{"uv":[15.36842,15.36842,15.73684,15.47369],"texture":"#2"},"up":{"uv":[13.8421,6.68421,13.47369,6.31579],"texture":"#2"},"down":{"uv":[13.8421,6.94737,13.47369,7.31579],"texture":"#2"}}},{"from":[8.25,7.5,7.18934],"to":[9.25,9.5,8.18934],"rotation":{"angle":-45,"axis":"y","origin":[8,8,6.93934]},"faces":{"north":{"uv":[9.05263,8,9.26316,8.42105],"texture":"#2"},"east":{"uv":[9.68421,3.36842,9.89474,3.78947],"texture":"#2"},"south":{"uv":[14.10526,9.68421,14.31579,10.10526],"texture":"#2"},"west":{"uv":[14.10526,10.31579,14.31579,10.73684],"texture":"#2"}}},{"from":[8,9.5,7.11612],"to":[9.25,11,8.36612],"rotation":{"angle":-45,"axis":"y","origin":[8,9,7.11612]},"faces":{"north":{"uv":[14.52631,1.68421,14.78947,2],"texture":"#2"},"east":{"uv":[2.52631,14.52631,2.78947,14.8421],"texture":"#2"},"south":{"uv":[14.52631,4.63158,14.78947,4.94737],"texture":"#2"},"west":{"uv":[14.52631,5.26316,14.78947,5.57895],"texture":"#2"},"down":{"uv":[14.78947,12.42105,14.52631,12.68421],"texture":"#2"}}},{"from":[7.75,-4,6.86612],"to":[9.5,-3.5,8.61612],"rotation":{"angle":-45,"axis":"y","origin":[8,-5.5,7.11612]},"faces":{"north":{"uv":[0,15.57895,0.36842,15.68421],"texture":"#2"},"east":{"uv":[1.68421,15.57895,2.05263,15.68421],"texture":"#2"},"south":{"uv":[15.57895,2.10526,15.94737,2.21053],"texture":"#2"},"west":{"uv":[15.57895,2.52631,15.94737,2.63158],"texture":"#2"},"up":{"uv":[8.1579,13.8421,7.78947,13.47369],"texture":"#2"},"down":{"uv":[8.78947,13.47369,8.42105,13.8421],"texture":"#2"}}},{"from":[7.5,-5.51777,7.75],"to":[8.5,-4.01777,9.25],"rotation":{"angle":-45,"axis":"x","origin":[7.5,-5.26777,8]},"faces":{"north":{"uv":[14.10526,14.73684,14.31579,15.05263],"texture":"#2"},"east":{"uv":[4.8421,14.10526,5.1579,14.42105],"texture":"#2"},"south":{"uv":[1.68421,14.94737,1.89474,15.26316],"texture":"#2"},"west":{"uv":[14.10526,5.89474,14.42105,6.21053],"texture":"#2"},"up":{"uv":[2.31579,15.26316,2.10526,14.94737],"texture":"#2"},"down":{"uv":[15.1579,4,14.94737,4.31579],"texture":"#2"}}},{"from":[7.25,-5.26777,8],"to":[8.75,-4.26777,9],"rotation":{"angle":-45,"axis":"x","origin":[7.5,-5.26777,8]},"faces":{"north":{"uv":[14.73684,1.26316,15.05263,1.47369],"texture":"#2"},"east":{"uv":[15.1579,6.52631,15.36842,6.73684],"texture":"#2"},"south":{"uv":[5.26316,14.94737,5.57895,15.1579],"texture":"#2"},"west":{"uv":[6.94737,15.1579,7.1579,15.36842],"texture":"#2"},"up":{"uv":[6.21053,15.1579,5.89474,14.94737],"texture":"#2"},"down":{"uv":[15.26316,7.57895,14.94737,7.78947],"texture":"#2"}}},{"from":[6.5,17.5,6.5],"to":[9.5,20.5,9.5],"rotation":{"angle":0,"axis":"y","origin":[6.5,17.5,6.5]},"faces":{"north":{"uv":[11.1579,4,11.78947,4.63158],"texture":"#2"},"east":{"uv":[7.78947,11.1579,8.42105,11.78947],"texture":"#2"},"south":{"uv":[8.63158,11.1579,9.26316,11.78947],"texture":"#2"},"west":{"uv":[11.1579,8.8421,11.78947,9.47369],"texture":"#2"},"up":{"uv":[11.78947,10.31579,11.1579,9.68421],"texture":"#2"},"down":{"uv":[0.63158,11.36842,0,12],"texture":"#2"}}},{"from":[7,18.5,4],"to":[9,20.5,8],"rotation":{"angle":-22.5,"axis":"x","origin":[7,18.5,4]},"faces":{"north":{"uv":[10.10526,13.05263,10.52631,13.47369],"texture":"#2"},"east":{"uv":[9.26316,6.10526,10.10526,6.52631],"texture":"#2"},"south":{"uv":[13.05263,10.52631,13.47369,10.94737],"texture":"#2"},"west":{"uv":[10.94737,5.89474,11.78947,6.31579],"texture":"#2"},"up":{"uv":[4.42105,12.63158,4,11.78947],"texture":"#2"},"down":{"uv":[5.05263,11.78947,4.63158,12.63158],"texture":"#2"}}},{"from":[7,17.5,4],"to":[9,18.5,5.75],"rotation":{"angle":-22.5,"axis":"x","origin":[7,18.5,4]},"faces":{"north":{"uv":[14.10526,3.57895,14.52631,3.78947],"texture":"#2"},"east":{"uv":[14.31579,7.57895,14.68421,7.78947],"texture":"#2"},"south":{"uv":[14.10526,7.1579,14.52631,7.36842],"texture":"#2"},"west":{"uv":[14.52631,9.05263,14.89474,9.26316],"texture":"#2"},"down":{"uv":[13.89474,3.36842,13.47369,3.73684],"texture":"#2"}}},{"from":[6.58579,11,8],"to":[8.58579,17,10],"rotation":{"angle":45,"axis":"y","origin":[6.58579,11,8]},"faces":{"north":{"uv":[4.63158,10.31579,5.05263,11.57895],"texture":"#2"},"east":{"uv":[10.31579,5.05263,10.73684,6.31579],"texture":"#2"},"south":{"uv":[5.26316,10.31579,5.68421,11.57895],"texture":"#2"},"west":{"uv":[10.31579,8,10.73684,9.26316],"texture":"#2"},"up":{"uv":[11.1579,13.47369,10.73684,13.05263],"texture":"#2"},"down":{"uv":[13.47369,12.21053,13.05263,12.63158],"texture":"#2"}}},{"from":[7.75,17,6.86612],"to":[9.5,17.5,8.61612],"rotation":{"angle":-45,"axis":"y","origin":[8,15.5,7.11612]},"faces":{"north":{"uv":[15.57895,2.94737,15.94737,3.05263],"texture":"#2"},"east":{"uv":[15.57895,3.36842,15.94737,3.47369],"texture":"#2"},"south":{"uv":[15.57895,4.42105,15.94737,4.52631],"texture":"#2"},"west":{"uv":[4.63158,15.57895,5,15.68421],"texture":"#2"},"up":{"uv":[13.8421,8.78947,13.47369,8.42105],"texture":"#2"},"down":{"uv":[9.42105,13.47369,9.05263,13.8421],"texture":"#2"}}},{"from":[7.5,16.75,4.5],"to":[8.5,17.75,5.5],"rotation":{"angle":-45,"axis":"x","origin":[7.5,16.75,4.5]},"faces":{"north":{"uv":[15.1579,6.94737,15.36842,7.1579],"texture":"#2"},"east":{"uv":[15.1579,8,15.36842,8.21053],"texture":"#2"},"south":{"uv":[15.1579,8.42105,15.36842,8.63158],"texture":"#2"},"west":{"uv":[15.1579,8.8421,15.36842,9.05263],"texture":"#2"},"up":{"uv":[9.26316,15.36842,9.05263,15.1579],"texture":"#2"},"down":{"uv":[15.36842,9.26316,15.1579,9.47369],"texture":"#2"}}},{"from":[7,18.5,8],"to":[9,20.5,12],"rotation":{"angle":22.5,"axis":"x","origin":[7,18.5,12]},"faces":{"north":{"uv":[0,13.26316,0.42105,13.68421],"texture":"#2"},"east":{"uv":[11.36842,7.36842,12.21053,7.78947],"texture":"#2"},"south":{"uv":[13.26316,0.63158,13.68421,1.05263],"texture":"#2"},"west":{"uv":[11.78947,4.8421,12.63158,5.26316],"texture":"#2"},"up":{"uv":[5.68421,12.63158,5.26316,11.78947],"texture":"#2"},"down":{"uv":[6.31579,11.78947,5.89474,12.63158],"texture":"#2"}}},{"from":[7.5,16.75,10.5],"to":[8.5,17.75,11.5],"rotation":{"angle":45,"axis":"x","origin":[7.5,16.75,11.5]},"faces":{"north":{"uv":[15.1579,9.68421,15.36842,9.89474],"texture":"#2"},"east":{"uv":[15.1579,10.10526,15.36842,10.31579],"texture":"#2"},"south":{"uv":[15.1579,10.52631,15.36842,10.73684],"texture":"#2"},"west":{"uv":[15.1579,10.94737,15.36842,11.1579],"texture":"#2"},"up":{"uv":[12.21053,15.36842,12,15.1579],"texture":"#2"},"down":{"uv":[12.63158,15.1579,12.42105,15.36842],"texture":"#2"}}},{"from":[7,17.5,10.25],"to":[9,18.5,12],"rotation":{"angle":22.5,"axis":"x","origin":[7,18.5,12]},"faces":{"north":{"uv":[14.10526,8.63158,14.52631,8.8421],"texture":"#2"},"east":{"uv":[14.52631,9.47369,14.89474,9.68421],"texture":"#2"},"south":{"uv":[12.21053,14.10526,12.63158,14.31579],"texture":"#2"},"west":{"uv":[14.52631,9.89474,14.89474,10.10526],"texture":"#2"},"down":{"uv":[5.26316,13.47369,4.8421,13.8421],"texture":"#2"}}},{"from":[7.6,22,5],"to":[8.4,32,11],"rotation":{"angle":0,"axis":"y","origin":[7.25,11,5]},"faces":{"east":{"uv":[11.42857,4,8,9.71429],"texture":"#3"},"west":{"uv":[8,4,11.42857,9.71429],"texture":"#3"}}},{"from":[7.6,21,9.25],"to":[8.4,28,15.25],"rotation":{"angle":0,"axis":"y","origin":[7.25,10,9.25]},"faces":{"east":{"uv":[7.42857,9.71429,4,13.71429],"texture":"#3"},"west":{"uv":[4,9.71429,7.42857,13.71429],"texture":"#3"}}},{"from":[6.25,19.97783,5.75],"to":[9.75,22.97783,10.25],"rotation":{"angle":0,"axis":"y","origin":[7.25,19.97783,11]},"faces":{"east":{"uv":[10.28571,1,12.85714,2.71429],"texture":"#3"},"west":{"uv":[10.28571,1,12.85714,2.71429],"texture":"#3"}}},{"from":[6.625,17,2],"to":[9.375,19,6],"rotation":{"angle":0,"axis":"y","origin":[6.625,18,4]},"faces":{"east":{"uv":[8,0,10.28571,1.14286],"texture":"#3"},"west":{"uv":[8,0,10.28571,1.14286],"texture":"#3"}}},{"from":[6.75,17.75,10],"to":[9.25,19.5,14],"rotation":{"angle":0,"axis":"y","origin":[6.75,18.625,12]},"faces":{"east":{"uv":[12.57143,0,14.42857,1],"texture":"#3"},"west":{"uv":[12.57143,0,14.42857,1],"texture":"#3"}}},{"from":[7.6,21,0.75],"to":[8.4,28,6.75],"rotation":{"angle":0,"axis":"y","origin":[7.25,10,6.75]},"faces":{"east":{"uv":[4,9.71429,7.42857,13.71429],"texture":"#3"},"west":{"uv":[7.42857,9.71429,4,13.71429],"texture":"#3"}}},{"from":[7.985,20.5,1],"to":[8.015,30,6.5],"rotation":{"angle":0,"axis":"y","origin":[7.985,9,7.25]},"faces":{"east":{"uv":[0,4.8421,1.1579,6.8421],"texture":"#2"},"west":{"uv":[1.1579,4.8421,0,6.8421],"texture":"#2"}}}],"gui_light":"front","display":{"thirdperson_righthand":{"translation":[0,-2.5,0.75]},"thirdperson_lefthand":{"rotation":[0,180,0],"translation":[0,-2.5,0.75]},"firstperson_righthand":{"rotation":[-10,0,0],"translation":[4,-2.25,-0.5]},"firstperson_lefthand":{"rotation":[-10,180,0],"translation":[4,-2.25,-0.5]},"ground":{"rotation":[-45,0,0],"translation":[0,5,0],"scale":[0.7,0.7,0.7]},"gui":{"rotation":[-90,135,90],"translation":[-3,-2.75,0],"scale":[0.7,0.7,0.7]},"head":{"rotation":[0,-90,0]},"fixed":{"rotation":[0,-90,0],"translation":[0,0,-2.25],"scale":[2,2,2]}},"groups":[{"name":"trident","origin":[7.985,9,7.25],"color":0,"children":[0,1,2,3,4,5,6,7,8,9,10,11,12,13,14,15,16,17,18,19,20,21,22,23,24,25,26,27]}],"mcmodels":"522c47e8fe8dc116f84fd8fdaa610de9"}