{"credit":"Pologony Creation Co.,Ltd.","texture_size":[64,64],"textures":{"1":"item/aprilfools/animated/confetti_animated","2":"item/aprilfools/weapons_tools","3":"item/aprilfools/animated/haha_animated","5":"item/aprilfools/wings","particle":"item/aprilfools/animated/confetti_animated"},"elements":[{"from":[5.96713,-8.69781,8.7],"to":[7.96712,-7.69781,9.7],"rotation":{"angle":22.5,"axis":"z","origin":[8,-9.01627,9.2]},"faces":{"north":{"uv":[9.26316,6.10526,10.10526,6.52632],"texture":"#2"},"east":{"uv":[13.05263,10.52632,13.47368,10.94737],"texture":"#2"},"south":{"uv":[10.94737,5.89474,11.78947,6.31579],"texture":"#2"},"west":{"uv":[10.10526,13.05263,10.52632,13.47368],"texture":"#2"},"up":{"uv":[4.42105,12.63158,4,11.78947],"rotation":270,"texture":"#2"},"down":{"uv":[5.05263,11.78947,4.63158,12.63158],"rotation":90,"texture":"#2"}}},{"from":[7.25,-10,8.45],"to":[8.75,-8.5,9.95],"rotation":{"angle":0,"axis":"y","origin":[8,-9.01627,9.2]},"faces":{"north":{"uv":[7.78947,11.15789,8.42105,11.78947],"texture":"#2"},"east":{"uv":[8.63158,11.15789,9.26316,11.78947],"texture":"#2"},"south":{"uv":[11.15789,8.84211,11.78947,9.47368],"texture":"#2"},"west":{"uv":[11.15789,4,11.78947,4.63158],"texture":"#2"},"up":{"uv":[11.78947,10.31579,11.15789,9.68421],"rotation":270,"texture":"#2"},"down":{"uv":[0.63158,11.36842,0,12],"rotation":90,"texture":"#2"}}},{"from":[8.03288,-8.69781,8.7],"to":[10.03288,-7.69781,9.7],"rotation":{"angle":-22.5,"axis":"z","origin":[8,-9.01627,9.2]},"faces":{"north":{"uv":[11.36842,7.36842,12.21053,7.78947],"texture":"#2"},"east":{"uv":[13.26316,0.63158,13.68421,1.05263],"texture":"#2"},"south":{"uv":[11.78947,4.84211,12.63158,5.26316],"texture":"#2"},"west":{"uv":[0,13.26316,0.42105,13.68421],"texture":"#2"},"up":{"uv":[5.68421,12.63158,5.26316,11.78947],"rotation":270,"texture":"#2"},"down":{"uv":[6.31579,11.78947,5.89474,12.63158],"rotation":90,"texture":"#2"}}},{"from":[9.15788,-9.19781,8.7],"to":[10.03288,-8.69781,9.7],"rotation":{"angle":-22.5,"axis":"z","origin":[8,-9.01627,9.2]},"faces":{"north":{"uv":[14.52632,9.47368,14.89474,9.68421],"texture":"#2"},"east":{"uv":[12.21053,14.10526,12.63158,14.31579],"texture":"#2"},"south":{"uv":[14.52632,9.89474,14.89474,10.10526],"texture":"#2"},"west":{"uv":[14.10526,8.63158,14.52632,8.84211],"texture":"#2"},"down":{"uv":[5.26316,13.47368,4.84211,13.84211],"rotation":90,"texture":"#2"}}},{"from":[9.69821,-8.7396,8.95],"to":[10.19821,-8.2396,9.45],"rotation":{"angle":-45,"axis":"z","origin":[8,-9.01627,9.2]},"faces":{"north":{"uv":[15.15789,10.10526,15.36842,10.31579],"texture":"#2"},"east":{"uv":[15.15789,10.52632,15.36842,10.73684],"texture":"#2"},"south":{"uv":[15.15789,10.94737,15.36842,11.15789],"texture":"#2"},"west":{"uv":[15.15789,9.68421,15.36842,9.89474],"texture":"#2"},"up":{"uv":[12.21053,15.36842,12,15.15789],"rotation":270,"texture":"#2"},"down":{"uv":[12.63158,15.15789,12.42105,15.36842],"rotation":90,"texture":"#2"}}},{"from":[5.8018,-8.7396,8.95],"to":[6.3018,-8.2396,9.45],"rotation":{"angle":45,"axis":"z","origin":[8,-9.01627,9.2]},"faces":{"north":{"uv":[15.15789,8,15.36842,8.21053],"texture":"#2"},"east":{"uv":[15.15789,8.42105,15.36842,8.63158],"texture":"#2"},"south":{"uv":[15.15789,8.84211,15.36842,9.05263],"texture":"#2"},"west":{"uv":[15.15789,6.94737,15.36842,7.15789],"texture":"#2"},"up":{"uv":[9.26316,15.36842,9.05263,15.15789],"rotation":270,"texture":"#2"},"down":{"uv":[15.36842,9.26316,15.15789,9.47368],"rotation":90,"texture":"#2"}}},{"from":[8.45586,-7.91029,7.5],"to":[9.45586,-6.91029,8.5],"rotation":{"angle":-45,"axis":"z","origin":[8,-7.91781,8]},"faces":{"north":{"uv":[4.42105,12.84211,4.84211,13.26316],"texture":"#2"},"east":{"uv":[12.63158,9.47368,13.05263,9.89474],"texture":"#2"},"south":{"uv":[12.84211,0,13.26316,0.42105],"texture":"#2"},"west":{"uv":[12.84211,3.36842,13.26316,3.78947],"texture":"#2"},"up":{"uv":[13.26316,5.26316,12.84211,4.84211],"rotation":90,"texture":"#2"},"down":{"uv":[5.47368,12.84211,5.05263,13.26316],"rotation":270,"texture":"#2"}}},{"from":[8.58086,-8.41029,7.625],"to":[9.33086,-7.91029,8.375],"rotation":{"angle":-45,"axis":"z","origin":[8,-7.91781,8]},"faces":{"north":{"uv":[14.52632,14.52632,14.84211,14.73684],"texture":"#2"},"east":{"uv":[12.84211,14.52632,13.15789,14.73684],"texture":"#2"},"south":{"uv":[13.47368,14.52632,13.78947,14.73684],"texture":"#2"},"west":{"uv":[14.52632,14.10526,14.84211,14.31579],"texture":"#2"},"down":{"uv":[14.21053,12.63158,13.89474,12.94737],"rotation":270,"texture":"#2"}}},{"from":[6.54414,-7.91029,7.5],"to":[7.54414,-6.91029,8.5],"rotation":{"angle":45,"axis":"z","origin":[8,-7.91781,8]},"faces":{"north":{"uv":[12.84211,8.63158,13.26316,9.05263],"texture":"#2"},"east":{"uv":[5.68421,12.84211,6.10526,13.26316],"texture":"#2"},"south":{"uv":[7.78947,12.84211,8.21053,13.26316],"texture":"#2"},"west":{"uv":[8.42105,12.84211,8.84211,13.26316],"texture":"#2"},"up":{"uv":[9.47368,13.26316,9.05263,12.84211],"rotation":90,"texture":"#2"},"down":{"uv":[11.78947,12.84211,11.36842,13.26316],"rotation":270,"texture":"#2"}}},{"from":[6.66914,-8.41029,7.625],"to":[7.41914,-7.91029,8.375],"rotation":{"angle":45,"axis":"z","origin":[8,-7.91781,8]},"faces":{"north":{"uv":[1.05263,14.73684,1.36842,14.94737],"texture":"#2"},"east":{"uv":[0.42105,14.73684,0.73684,14.94737],"texture":"#2"},"south":{"uv":[14.73684,0.42105,15.05263,0.63158],"texture":"#2"},"west":{"uv":[14.73684,0.84211,15.05263,1.05263],"texture":"#2"},"down":{"uv":[0.73684,14.10526,0.42105,14.42105],"rotation":270,"texture":"#2"}}},{"from":[8.85979,-8.5,7.9975],"to":[12.35979,-5,8.0025],"rotation":{"angle":-22.5,"axis":"z","origin":[8,-7.91781,8]},"faces":{"north":{"uv":[0,0,14,14],"texture":"#1"},"south":{"uv":[14,0,0,14],"texture":"#1"}}},{"from":[3.64021,-8.5,7.9975],"to":[7.14021,-5,8.0025],"rotation":{"angle":22.5,"axis":"z","origin":[8,-7.91781,8]},"faces":{"north":{"uv":[14,0,0,14],"texture":"#1"},"south":{"uv":[0,0,14,14],"texture":"#1"}}},{"from":[6.875,-8.76108,10.075],"to":[9.125,-7.26108,10.075],"rotation":{"angle":0,"axis":"y","origin":[8,-9.01627,9.2]},"faces":{"south":{"uv":[10.28571,1,12.85714,2.71429],"texture":"#3"}}},{"from":[9,-9.875,9.825],"to":[11,-9,9.825],"rotation":{"angle":0,"axis":"y","origin":[8,-9.01627,9.2]},"faces":{"south":{"uv":[12.57143,0,14.42857,1],"texture":"#3"}}},{"from":[5,-10.25,9.8875],"to":[7,-9.25,9.8875],"rotation":{"angle":0,"axis":"y","origin":[8,-9.01627,9.2]},"faces":{"south":{"uv":[8,0,10.28571,1.14286],"texture":"#3"}}},{"from":[5.96713,-9.19781,8.7],"to":[6.84212,-8.69781,9.7],"rotation":{"angle":22.5,"axis":"z","origin":[8,-9.01627,9.2]},"faces":{"north":{"uv":[14.31579,7.57895,14.68421,7.78947],"texture":"#2"},"east":{"uv":[14.10526,7.15789,14.52632,7.36842],"texture":"#2"},"south":{"uv":[14.52632,9.05263,14.89474,9.26316],"texture":"#2"},"west":{"uv":[14.10526,3.57895,14.52632,3.78947],"texture":"#2"},"down":{"uv":[13.89474,3.36842,13.47368,3.73684],"rotation":90,"texture":"#2"}}},{"from":[3.25,-5.875,12.25],"to":[5.75,-3.375,14.75],"rotation":{"angle":-22.5,"axis":"z","origin":[4.5,-5.375,13.5]},"faces":{"north":{"uv":[0,9.75,1.25,11],"texture":"#5"},"east":{"uv":[1.5,9.75,2.75,11],"texture":"#5"},"south":{"uv":[10,0,11.25,1.25],"texture":"#5"},"west":{"uv":[3,10,4.25,11.25],"texture":"#5"},"up":{"uv":[5.75,11.25,4.5,10],"texture":"#5"},"down":{"uv":[7.25,10,6,11.25],"texture":"#5"}}},{"from":[7.5,-12.25,8.75],"to":[10.5,-11.5,9.25],"rotation":{"angle":22.5,"axis":"z","origin":[11.5,-10,9]},"faces":{"north":{"uv":[10.5,11.25,12,11.625],"texture":"#5"},"east":{"uv":[6.75,13,7,13.375],"texture":"#5"},"south":{"uv":[11.5,0,13,0.375],"texture":"#5"},"west":{"uv":[9.5,13,9.75,13.375],"texture":"#5"},"up":{"uv":[8.5,11.75,7,11.5],"texture":"#5"},"down":{"uv":[13.5,8,12,8.25],"texture":"#5"}}},{"from":[7.5,-11.5,8.75],"to":[8,-11,9.25],"rotation":{"angle":22.5,"axis":"z","origin":[11.5,-10,9]},"faces":{"north":{"uv":[12,13,12.25,13.25],"texture":"#5"},"east":{"uv":[13.25,3.25,13.5,3.5],"texture":"#5"},"south":{"uv":[13.25,3.75,13.5,4],"texture":"#5"},"west":{"uv":[13.25,4.25,13.5,4.5],"texture":"#5"},"up":{"uv":[13.5,5,13.25,4.75],"texture":"#5"}}},{"from":[9.75,-11.5,8.75],"to":[10.5,-10,9.25],"rotation":{"angle":22.5,"axis":"z","origin":[11.5,-10,9]},"faces":{"north":{"uv":[8.75,12.5,9.125,13.25],"texture":"#5"},"east":{"uv":[11,12.75,11.25,13.5],"texture":"#5"},"south":{"uv":[12.5,12.5,12.875,13.25],"texture":"#5"},"west":{"uv":[13,1.25,13.25,2],"texture":"#5"},"up":{"uv":[9.125,11.75,8.75,11.5],"texture":"#5"}}},{"from":[9,-10.75,8.75],"to":[9.75,-9,9.25],"rotation":{"angle":22.5,"axis":"z","origin":[11.5,-10,9]},"faces":{"north":{"uv":[3.75,12.5,4.125,13.375],"texture":"#5"},"east":{"uv":[10.5,3.5,10.75,4.375],"texture":"#5"},"south":{"uv":[12.5,4.25,12.875,5.125],"texture":"#5"},"west":{"uv":[10.5,12.75,10.75,13.625],"texture":"#5"},"down":{"uv":[13.625,0,13.25,0.25],"texture":"#5"}}},{"from":[9,-9,8.75],"to":[14,-8.25,9.25],"rotation":{"angle":22.5,"axis":"z","origin":[11.5,-10,9]},"faces":{"north":{"uv":[11,6.5,13.5,6.875],"texture":"#5"},"east":{"uv":[10,13,10.25,13.375],"texture":"#5"},"south":{"uv":[11,7.25,13.5,7.625],"texture":"#5"},"west":{"uv":[11.5,13,11.75,13.375],"texture":"#5"},"up":{"uv":[13.75,2.5,11.25,2.25],"texture":"#5"},"down":{"uv":[13.75,2.75,11.25,3],"texture":"#5"}}},{"from":[10.5,-8.75,8.625],"to":[12.5,-8.125,9.375],"rotation":{"angle":22.5,"axis":"z","origin":[11.5,-10,9]},"faces":{"north":{"uv":[7.5,12.5,8.5,12.8125],"texture":"#5"},"east":{"uv":[5.25,13,5.625,13.3125],"texture":"#5"},"south":{"uv":[12.5,11.75,13.5,12.0625],"texture":"#5"},"west":{"uv":[6,13,6.375,13.3125],"texture":"#5"},"up":{"uv":[11.5,12.375,10.5,12],"texture":"#5"},"down":{"uv":[13,10.5,12,10.875],"texture":"#5"}}},{"from":[14,-8.625,8.875],"to":[20,-8.375,9.125],"rotation":{"angle":22.5,"axis":"z","origin":[11.5,-10,9]},"faces":{"north":{"uv":[12,8.5,15,8.625],"texture":"#5"},"east":{"uv":[13.75,6.5,13.875,6.625],"texture":"#5"},"south":{"uv":[12,9,15,9.125],"texture":"#5"},"west":{"uv":[6.75,13.75,6.875,13.875],"texture":"#5"},"up":{"uv":[15,9.625,12,9.5],"texture":"#5"},"down":{"uv":[15,10,12,10.125],"texture":"#5"}}},{"from":[19.75,-8.375,8.875],"to":[20,-8.125,9.125],"rotation":{"angle":22.5,"axis":"z","origin":[11.5,-10,9]},"faces":{"north":{"uv":[13.75,7,13.875,7.125],"texture":"#5"},"east":{"uv":[7.25,13.75,7.375,13.875],"texture":"#5"},"south":{"uv":[13.75,7.5,13.875,7.625],"texture":"#5"},"west":{"uv":[7.75,13.75,7.875,13.875],"texture":"#5"},"up":{"uv":[13.875,8.125,13.75,8],"texture":"#5"},"down":{"uv":[8.375,13.75,8.25,13.875],"texture":"#5"}}},{"from":[10.54307,-10.72336,8.875],"to":[18.79307,-10.47336,9.125],"rotation":{"angle":0,"axis":"y","origin":[14.85557,-10.09836,9]},"faces":{"north":{"uv":[11.5,0.75,15.625,0.875],"texture":"#5"},"east":{"uv":[13.75,12.25,13.875,12.375],"texture":"#5"},"south":{"uv":[2.5,11.5,6.625,11.625],"texture":"#5"},"west":{"uv":[13.75,12.75,13.875,12.875],"texture":"#5"},"up":{"uv":[4.875,12.125,0.75,12],"texture":"#5"},"down":{"uv":[9.375,12,5.25,12.125],"texture":"#5"}}},{"from":[18.54307,-10.47336,8.875],"to":[18.79307,-10.22336,9.125],"rotation":{"angle":0,"axis":"y","origin":[14.85557,-10.09836,9]},"faces":{"north":{"uv":[9.25,13.75,9.375,13.875],"texture":"#5"},"east":{"uv":[9.75,13.75,9.875,13.875],"texture":"#5"},"south":{"uv":[13.75,10.5,13.875,10.625],"texture":"#5"},"west":{"uv":[11,13.75,11.125,13.875],"texture":"#5"},"up":{"uv":[11.625,13.875,11.5,13.75],"texture":"#5"},"down":{"uv":[13.875,11.75,13.75,11.875],"texture":"#5"}}},{"from":[10.54307,-14.84836,8.875],"to":[15.79307,-14.59836,9.125],"rotation":{"angle":-22.5,"axis":"z","origin":[16.66807,-13.97336,9]},"faces":{"north":{"uv":[12.25,11.25,14.875,11.375],"texture":"#5"},"east":{"uv":[14,1.75,14.125,1.875],"texture":"#5"},"south":{"uv":[4.5,12.5,7.125,12.625],"texture":"#5"},"west":{"uv":[2,14,2.125,14.125],"texture":"#5"},"up":{"uv":[15.125,5.625,12.5,5.5],"texture":"#5"},"down":{"uv":[15.125,6,12.5,6.125],"texture":"#5"}}},{"from":[15.54307,-14.59836,8.875],"to":[15.79307,-14.34836,9.125],"rotation":{"angle":-22.5,"axis":"z","origin":[16.66807,-13.97336,9]},"faces":{"north":{"uv":[0,14,0.125,14.125],"texture":"#5"},"east":{"uv":[14,0,14.125,0.125],"texture":"#5"},"south":{"uv":[0.5,14,0.625,14.125],"texture":"#5"},"west":{"uv":[1,14,1.125,14.125],"texture":"#5"},"up":{"uv":[14.125,1.375,14,1.25],"texture":"#5"},"down":{"uv":[1.625,14,1.5,14.125],"texture":"#5"}}},{"from":[13.5,-9.5,8.75],"to":[14,-9,9.25],"rotation":{"angle":22.5,"axis":"z","origin":[11.5,-10,9]},"faces":{"north":{"uv":[7.25,13.25,7.5,13.5],"texture":"#5"},"east":{"uv":[7.75,13.25,8,13.5],"texture":"#5"},"south":{"uv":[8.25,13.25,8.5,13.5],"texture":"#5"},"west":{"uv":[13.25,10.5,13.5,10.75],"texture":"#5"},"down":{"uv":[13.5,12.5,13.25,12.75],"texture":"#5"}}},{"from":[9.5,-10.625,9],"to":[20,-5.25,9],"rotation":{"angle":0,"axis":"y","origin":[14.75,-7.9375,9]},"faces":{"north":{"uv":[0,0,5.25,2.6875],"texture":"#5"},"south":{"uv":[5.25,0,0,2.6875],"texture":"#5"}}},{"from":[8.5,-14.25,9],"to":[17,-10.625,9],"rotation":{"angle":0,"axis":"y","origin":[11.5,-10,9]},"faces":{"north":{"uv":[0,3,4.25,4.8125],"texture":"#5"},"south":{"uv":[4.25,3,0,4.8125],"texture":"#5"}}},{"from":[4.25,-6.375,13.25],"to":[4.75,-5.875,13.75],"rotation":{"angle":-22.5,"axis":"z","origin":[4.5,-5.375,13.5]},"faces":{"north":{"uv":[13.25,13,13.5,13.25],"texture":"#5"},"east":{"uv":[0.75,13.5,1,13.75],"texture":"#5"},"south":{"uv":[1.25,13.5,1.5,13.75],"texture":"#5"},"west":{"uv":[13.5,1.25,13.75,1.5],"texture":"#5"},"up":{"uv":[2,13.75,1.75,13.5],"texture":"#5"},"down":{"uv":[13.75,1.75,13.5,2],"texture":"#5"}}},{"from":[13.625,-3.875,10],"to":[16.625,-0.875,13],"rotation":{"angle":22.5,"axis":"x","origin":[15.125,-3.25,11.5]},"faces":{"north":{"uv":[7.5,4.75,9,6.25],"texture":"#5"},"east":{"uv":[7.5,6.5,9,8],"texture":"#5"},"south":{"uv":[0,8,1.5,9.5],"texture":"#5"},"west":{"uv":[1.75,8,3.25,9.5],"texture":"#5"},"up":{"uv":[9.75,1.5,8.25,0],"texture":"#5"},"down":{"uv":[5,8.25,3.5,9.75],"texture":"#5"}}},{"from":[0.625,-4.375,11.25],"to":[1.125,-3.875,11.75],"rotation":{"angle":22.5,"axis":"x","origin":[0.875,-3.25,11.5]},"faces":{"north":{"uv":[13.75,4.25,14,4.5],"texture":"#5"},"east":{"uv":[4.75,13.75,5,14],"texture":"#5"},"south":{"uv":[13.75,4.75,14,5],"texture":"#5"},"west":{"uv":[5.25,13.75,5.5,14],"texture":"#5"},"up":{"uv":[6,14,5.75,13.75],"texture":"#5"},"down":{"uv":[6.5,13.75,6.25,14],"texture":"#5"}}},{"from":[-0.625,-3.875,10],"to":[2.375,-0.875,13],"rotation":{"angle":22.5,"axis":"x","origin":[0.875,-3.25,11.5]},"faces":{"north":{"uv":[5.25,8.25,6.75,9.75],"texture":"#5"},"east":{"uv":[7,8.25,8.5,9.75],"texture":"#5"},"south":{"uv":[8.75,8.25,10.25,9.75],"texture":"#5"},"west":{"uv":[9.25,4.75,10.75,6.25],"texture":"#5"},"up":{"uv":[10.75,8,9.25,6.5],"texture":"#5"},"down":{"uv":[11,1.75,9.5,3.25],"texture":"#5"}}},{"from":[14.875,-4.375,11.25],"to":[15.375,-3.875,11.75],"rotation":{"angle":22.5,"axis":"x","origin":[15.125,-3.25,11.5]},"faces":{"north":{"uv":[13,13.5,13.25,13.75],"texture":"#5"},"east":{"uv":[13.5,13.5,13.75,13.75],"texture":"#5"},"south":{"uv":[13.75,3.25,14,3.5],"texture":"#5"},"west":{"uv":[3.75,13.75,4,14],"texture":"#5"},"up":{"uv":[14,4,13.75,3.75],"texture":"#5"},"down":{"uv":[4.5,13.75,4.25,14],"texture":"#5"}}},{"from":[11.25,-6.375,13.25],"to":[11.75,-5.875,13.75],"rotation":{"angle":22.5,"axis":"z","origin":[11.5,-5.375,13.5]},"faces":{"north":{"uv":[2.25,13.5,2.5,13.75],"texture":"#5"},"east":{"uv":[2.75,13.5,3,13.75],"texture":"#5"},"south":{"uv":[3.25,13.5,3.5,13.75],"texture":"#5"},"west":{"uv":[8.75,13.5,9,13.75],"texture":"#5"},"up":{"uv":[12.25,13.75,12,13.5],"texture":"#5"},"down":{"uv":[12.75,13.5,12.5,13.75],"texture":"#5"}}},{"from":[10.25,-5.875,12.25],"to":[12.75,-3.375,14.75],"rotation":{"angle":22.5,"axis":"z","origin":[11.5,-5.375,13.5]},"faces":{"north":{"uv":[7.5,10,8.75,11.25],"texture":"#5"},"east":{"uv":[9,10,10.25,11.25],"texture":"#5"},"south":{"uv":[10.5,8.25,11.75,9.5],"texture":"#5"},"west":{"uv":[10.5,9.75,11.75,11],"texture":"#5"},"up":{"uv":[12.25,4.75,11,3.5],"texture":"#5"},"down":{"uv":[12.25,5,11,6.25],"texture":"#5"}}},{"from":[10,-9.125,9],"to":[10,-6.125,14],"rotation":{"angle":22.5,"axis":"y","origin":[10,-9.125,9]},"faces":{"east":{"uv":[5.5,0,8,1.5],"texture":"#5"},"west":{"uv":[8,0,5.5,1.5],"texture":"#5"}}},{"from":[10.625,-8.625,9.25],"to":[15.625,-4.125,9.255],"rotation":{"angle":-22.5,"axis":"y","origin":[10.625,-9.625,9.25]},"faces":{"north":{"uv":[4.5,3,7,5.25],"texture":"#5"},"south":{"uv":[7,3,4.5,5.25],"texture":"#5"}}},{"from":[5.5,-12.25,8.75],"to":[8.5,-11.5,9.25],"rotation":{"angle":-22.5,"axis":"z","origin":[4.5,-10,9]},"faces":{"north":{"uv":[12,11.25,10.5,11.625],"texture":"#5"},"east":{"uv":[9.75,13,9.5,13.375],"texture":"#5"},"south":{"uv":[13,0,11.5,0.375],"texture":"#5"},"west":{"uv":[7,13,6.75,13.375],"texture":"#5"},"up":{"uv":[7,11.75,8.5,11.5],"texture":"#5"},"down":{"uv":[12,8,13.5,8.25],"texture":"#5"}}},{"from":[5.5,-11.5,8.75],"to":[6.25,-10,9.25],"rotation":{"angle":-22.5,"axis":"z","origin":[4.5,-10,9]},"faces":{"north":{"uv":[9.125,12.5,8.75,13.25],"texture":"#5"},"east":{"uv":[13.25,1.25,13,2],"texture":"#5"},"south":{"uv":[12.875,12.5,12.5,13.25],"texture":"#5"},"west":{"uv":[11.25,12.75,11,13.5],"texture":"#5"},"up":{"uv":[8.75,11.75,9.125,11.5],"texture":"#5"}}},{"from":[2,-9,8.75],"to":[7,-8.25,9.25],"rotation":{"angle":-22.5,"axis":"z","origin":[4.5,-10,9]},"faces":{"north":{"uv":[13.5,6.5,11,6.875],"texture":"#5"},"east":{"uv":[11.75,13,11.5,13.375],"texture":"#5"},"south":{"uv":[13.5,7.25,11,7.625],"texture":"#5"},"west":{"uv":[10.25,13,10,13.375],"texture":"#5"},"up":{"uv":[11.25,2.5,13.75,2.25],"texture":"#5"},"down":{"uv":[11.25,2.75,13.75,3],"texture":"#5"}}},{"from":[-4,-10.625,9],"to":[6.5,-5.25,9],"rotation":{"angle":0,"axis":"y","origin":[1.25,-7.9375,9]},"faces":{"north":{"uv":[5.25,0,0,2.6875],"texture":"#5"},"south":{"uv":[0,0,5.25,2.6875],"texture":"#5"}}},{"from":[2,-9.5,8.75],"to":[2.5,-9,9.25],"rotation":{"angle":-22.5,"axis":"z","origin":[4.5,-10,9]},"faces":{"north":{"uv":[7.5,13.25,7.25,13.5],"texture":"#5"},"east":{"uv":[13.5,10.5,13.25,10.75],"texture":"#5"},"south":{"uv":[8.5,13.25,8.25,13.5],"texture":"#5"},"west":{"uv":[8,13.25,7.75,13.5],"texture":"#5"},"down":{"uv":[13.25,12.5,13.5,12.75],"texture":"#5"}}},{"from":[-4,-8.625,8.875],"to":[2,-8.375,9.125],"rotation":{"angle":-22.5,"axis":"z","origin":[4.5,-10,9]},"faces":{"north":{"uv":[15,8.5,12,8.625],"texture":"#5"},"east":{"uv":[6.875,13.75,6.75,13.875],"texture":"#5"},"south":{"uv":[15,9,12,9.125],"texture":"#5"},"west":{"uv":[13.875,6.5,13.75,6.625],"texture":"#5"},"up":{"uv":[12,9.625,15,9.5],"texture":"#5"},"down":{"uv":[12,10,15,10.125],"texture":"#5"}}},{"from":[-2.79307,-10.47336,8.875],"to":[-2.54307,-10.22336,9.125],"rotation":{"angle":0,"axis":"y","origin":[1.14443,-10.09836,9]},"faces":{"north":{"uv":[9.375,13.75,9.25,13.875],"texture":"#5"},"east":{"uv":[11.125,13.75,11,13.875],"texture":"#5"},"south":{"uv":[13.875,10.5,13.75,10.625],"texture":"#5"},"west":{"uv":[9.875,13.75,9.75,13.875],"texture":"#5"},"up":{"uv":[11.5,13.875,11.625,13.75],"texture":"#5"},"down":{"uv":[13.75,11.75,13.875,11.875],"texture":"#5"}}},{"from":[-2.79307,-10.72336,8.875],"to":[5.45693,-10.47336,9.125],"rotation":{"angle":0,"axis":"y","origin":[1.14443,-10.09836,9]},"faces":{"north":{"uv":[15.625,0.75,11.5,0.875],"texture":"#5"},"east":{"uv":[13.875,12.75,13.75,12.875],"texture":"#5"},"south":{"uv":[6.625,11.5,2.5,11.625],"texture":"#5"},"west":{"uv":[13.875,12.25,13.75,12.375],"texture":"#5"},"up":{"uv":[0.75,12.125,4.875,12],"texture":"#5"},"down":{"uv":[5.25,12,9.375,12.125],"texture":"#5"}}},{"from":[-1,-14.25,9],"to":[7.5,-10.625,9],"rotation":{"angle":0,"axis":"y","origin":[4.5,-10,9]},"faces":{"north":{"uv":[4.25,3,0,4.8125],"texture":"#5"},"south":{"uv":[0,3,4.25,4.8125],"texture":"#5"}}},{"from":[0.20693,-14.59836,8.875],"to":[0.45693,-14.34836,9.125],"rotation":{"angle":22.5,"axis":"z","origin":[-0.66807,-13.97336,9]},"faces":{"north":{"uv":[0.125,14,0,14.125],"texture":"#5"},"east":{"uv":[1.125,14,1,14.125],"texture":"#5"},"south":{"uv":[0.625,14,0.5,14.125],"texture":"#5"},"west":{"uv":[14.125,0,14,0.125],"texture":"#5"},"up":{"uv":[14,1.375,14.125,1.25],"texture":"#5"},"down":{"uv":[1.5,14,1.625,14.125],"texture":"#5"}}},{"from":[0.20693,-14.84836,8.875],"to":[5.45693,-14.59836,9.125],"rotation":{"angle":22.5,"axis":"z","origin":[-0.66807,-13.97336,9]},"faces":{"north":{"uv":[14.875,11.25,12.25,11.375],"texture":"#5"},"east":{"uv":[2.125,14,2,14.125],"texture":"#5"},"south":{"uv":[7.125,12.5,4.5,12.625],"texture":"#5"},"west":{"uv":[14.125,1.75,14,1.875],"texture":"#5"},"up":{"uv":[12.5,5.625,15.125,5.5],"texture":"#5"},"down":{"uv":[12.5,6,15.125,6.125],"texture":"#5"}}},{"from":[3.5,-8.75,8.625],"to":[5.5,-8.125,9.375],"rotation":{"angle":-22.5,"axis":"z","origin":[4.5,-10,9]},"faces":{"north":{"uv":[8.5,12.5,7.5,12.8125],"texture":"#5"},"east":{"uv":[6.375,13,6,13.3125],"texture":"#5"},"south":{"uv":[13.5,11.75,12.5,12.0625],"texture":"#5"},"west":{"uv":[5.625,13,5.25,13.3125],"texture":"#5"},"up":{"uv":[10.5,12.375,11.5,12],"texture":"#5"},"down":{"uv":[12,10.5,13,10.875],"texture":"#5"}}},{"from":[6,-9.125,9],"to":[6,-6.125,14],"rotation":{"angle":-22.5,"axis":"y","origin":[6,-9.125,9]},"faces":{"east":{"uv":[5.5,0,8,1.5],"texture":"#5"},"west":{"uv":[8,0,5.5,1.5],"texture":"#5"}}},{"from":[0.375,-8.625,9.25],"to":[5.375,-4.125,9.255],"rotation":{"angle":22.5,"axis":"y","origin":[5.375,-9.625,9.25]},"faces":{"north":{"uv":[7,3,4.5,5.25],"texture":"#5"},"south":{"uv":[4.5,3,7,5.25],"texture":"#5"}}},{"from":[6.25,-10.75,8.75],"to":[7,-9,9.25],"rotation":{"angle":-22.5,"axis":"z","origin":[4.5,-10,9]},"faces":{"north":{"uv":[4.125,12.5,3.75,13.375],"texture":"#5"},"east":{"uv":[10.75,12.75,10.5,13.625],"texture":"#5"},"south":{"uv":[12.875,4.25,12.5,5.125],"texture":"#5"},"west":{"uv":[10.75,3.5,10.5,4.375],"texture":"#5"},"down":{"uv":[13.25,0,13.625,0.25],"texture":"#5"}}},{"from":[8,-11.5,8.75],"to":[8.5,-11,9.25],"rotation":{"angle":-22.5,"axis":"z","origin":[4.5,-10,9]},"faces":{"north":{"uv":[12.25,13,12,13.25],"texture":"#5"},"east":{"uv":[13.5,4.25,13.25,4.5],"texture":"#5"},"south":{"uv":[13.5,3.75,13.25,4],"texture":"#5"},"west":{"uv":[13.5,3.25,13.25,3.5],"texture":"#5"},"up":{"uv":[13.25,5,13.5,4.75],"texture":"#5"}}},{"from":[6,-14,6.5],"to":[10,-9,9],"rotation":{"angle":0,"axis":"y","origin":[6,-14,6.5]},"faces":{"north":{"uv":[0,5.25,2,7.75],"texture":"#5"},"east":{"uv":[4.5,5.5,5.75,8],"texture":"#5"},"south":{"uv":[2.25,5.25,4.25,7.75],"texture":"#5"},"west":{"uv":[6,5.5,7.25,8],"texture":"#5"},"up":{"uv":[9.25,3,7.25,1.75],"texture":"#5"},"down":{"uv":[9.25,3.25,7.25,4.5],"texture":"#5"}}},{"from":[6.5,-12.5,9],"to":[9.5,-11,10],"rotation":{"angle":0,"axis":"y","origin":[6.5,-12.5,9.5]},"faces":{"east":{"uv":[11.75,12,12.25,12.75],"texture":"#5"},"south":{"uv":[5.5,1.75,7,2.5],"texture":"#5"},"west":{"uv":[0.75,12.5,1.25,13.25],"texture":"#5"},"up":{"uv":[2.25,11.75,0.75,11.25],"texture":"#5"},"down":{"uv":[12.75,1.5,11.25,2],"texture":"#5"}}},{"from":[10,-13.5,7],"to":[11,-12,8.5],"rotation":{"angle":0,"axis":"y","origin":[10.5,-12.75,8.5]},"faces":{"north":{"uv":[1.5,12.5,2,13.25],"texture":"#5"},"east":{"uv":[9.5,3.5,10.25,4.25],"texture":"#5"},"south":{"uv":[2.25,12.5,2.75,13.25],"texture":"#5"},"up":{"uv":[3.5,13.25,3,12.5],"texture":"#5"},"down":{"uv":[13,3.25,12.5,4],"texture":"#5"}}},{"from":[5,-13.5,7],"to":[6,-12,8.5],"rotation":{"angle":0,"axis":"y","origin":[5.5,-12.75,8.5]},"faces":{"north":{"uv":[2,12.5,1.5,13.25],"texture":"#5"},"south":{"uv":[2.75,12.5,2.25,13.25],"texture":"#5"},"west":{"uv":[10.25,3.5,9.5,4.25],"texture":"#5"},"up":{"uv":[3,13.25,3.5,12.5],"texture":"#5"},"down":{"uv":[12.5,3.25,13,4],"texture":"#5"}}},{"from":[8.75,-9,6.5],"to":[9.5,-8,6.5],"rotation":{"angle":0,"axis":"y","origin":[8.75,-9,6.5]},"faces":{"north":{"uv":[4.5,13,4.875,13.5],"texture":"#5"},"south":{"uv":[4.875,13,4.5,13.5],"texture":"#5"}}},{"from":[6.5,-9,6.5],"to":[7.25,-8,6.5],"rotation":{"angle":0,"axis":"y","origin":[7.25,-9,6.5]},"faces":{"north":{"uv":[4.875,13,4.5,13.5],"texture":"#5"},"south":{"uv":[4.5,13,4.875,13.5],"texture":"#5"}}},{"from":[8.75,-13,4],"to":[9.5,-8,4],"rotation":{"angle":0,"axis":"y","origin":[8.75,-9,4]},"faces":{"north":{"uv":[0,11.25,0.375,13.75],"texture":"#5"},"south":{"uv":[0,13.75,0.375,11.25],"texture":"#5"}}},{"from":[8.75,-8.0005,4],"to":[9.5,-8.0005,6.5],"rotation":{"angle":0,"axis":"x","origin":[9.125,-8.0005,6]},"faces":{"up":{"uv":[10.125,12.75,9.75,11.5],"texture":"#5"},"down":{"uv":[9.75,12.75,10.125,11.5],"texture":"#5"}}},{"from":[8.75,-13.0005,4],"to":[9.5,-13.0005,6.5],"rotation":{"angle":0,"axis":"x","origin":[9.125,-13.0005,6]},"faces":{"up":{"uv":[10.125,12.75,9.75,11.5],"texture":"#5"},"down":{"uv":[9.75,12.75,10.125,11.5],"texture":"#5"}}},{"from":[6.5,-8.0005,4],"to":[7.25,-8.0005,6.5],"rotation":{"angle":0,"axis":"x","origin":[6.875,-8.0005,6]},"faces":{"up":{"uv":[9.75,12.75,10.125,11.5],"texture":"#5"},"down":{"uv":[10.125,12.75,9.75,11.5],"texture":"#5"}}},{"from":[6.5,-13,4],"to":[7.25,-8,4],"rotation":{"angle":0,"axis":"y","origin":[7.25,-9,4]},"faces":{"north":{"uv":[0.375,11.25,0,13.75],"texture":"#5"},"south":{"uv":[0.375,13.75,0,11.25],"texture":"#5"}}},{"from":[6.5,-13.0005,4],"to":[7.25,-13.0005,6.5],"rotation":{"angle":0,"axis":"x","origin":[6.875,-13.0005,6]},"faces":{"up":{"uv":[9.75,12.75,10.125,11.5],"texture":"#5"},"down":{"uv":[10.125,12.75,9.75,11.5],"texture":"#5"}}}],"gui_light":"front","display":{"thirdperson_righthand":{"rotation":[-118.25,0,-180],"translation":[0,1,1],"scale":[0.5,0.5,0.5]},"thirdperson_lefthand":{"rotation":[67,0,0],"translation":[-5.5,-7.75,10.5]},"firstperson_righthand":{"rotation":[-12,180,0],"translation":[1.25,3,2],"scale":[0.44,0.44,0.44]},"firstperson_lefthand":{"rotation":[-12,180,0],"translation":[1.25,3,2],"scale":[0,0,0]},"ground":{"rotation":[-45,0,0],"translation":[0,5,0],"scale":[0.7,0.7,0.7]},"gui":{"translation":[0,14,0],"scale":[0.9,0.9,0.9]},"head":{"translation":[0,-53.25,8.75],"scale":[3.2,3.2,3.2]},"fixed":{"rotation":[0,180,0],"translation":[0,2.5,-6.75],"scale":[2,2,2]}},"groups":[{"name":"wings","origin":[8,11.96747,10.5],"color":0,"children":[0,1,2,3,4,5,6,7,8,9,10,11,12,13,14,15,16,17,18,19,20,21,22,23,24,25,26,27,28,29,30,31,32,33,34,35,36,37,38,39,40,41,42,43,44,45,46,47,48,49,50,51,52,53,54,55,56,57,58,59,60,61,62,63,64,65,66,67,68]}],"mcmodels":"522c47e8fe8dc116f84fd8fdaa610de9"}