{
	"credit": "Made with Blockbench",
	"texture_size": [64, 64],
	"textures": {
		"1": "item/armor/black_frost_wings"
	},
	"elements": [
		{
			"from": [-1.54657, 6.00128, 7.05],
			"to": [4.15343, 12.65128, 8.95],
			"rotation": {"angle": 22.5, "axis": "z", "origin": [8, 14.54887, 8.00594]},
			"faces": {
				"north": {"uv": [0.008, 11.508, 2.992, 14.992], "texture": "#1"},
				"east": {"uv": [12.508, 2.008, 13.492, 5.492], "texture": "#1"},
				"south": {"uv": [3.008, 11.508, 5.992, 14.992], "texture": "#1"},
				"west": {"uv": [13.508, 2.008, 14.492, 5.492], "texture": "#1"},
				"up": {"uv": [11.992, 13.492, 9.008, 12.508], "texture": "#1"},
				"down": {"uv": [12.492, 8.508, 9.508, 9.492], "texture": "#1"}
			}
		},
		{
			"from": [-0.25865, 5.73713, 7.54875],
			"to": [5.44135, 7.63713, 8.45125],
			"rotation": {"angle": -22.5, "axis": "z", "origin": [8, 14.54887, 8.00594]},
			"faces": {
				"north": {"uv": [9.508, 9.508, 12.492, 10.492], "texture": "#1"},
				"east": {"uv": [7.008, 13.508, 7.492, 14.492], "texture": "#1"},
				"south": {"uv": [9.508, 10.508, 12.492, 11.492], "texture": "#1"},
				"west": {"uv": [7.508, 13.508, 7.992, 14.492], "texture": "#1"},
				"up": {"uv": [8.992, 11.992, 6.008, 11.508], "texture": "#1"},
				"down": {"uv": [11.992, 11.508, 9.008, 11.992], "texture": "#1"}
			}
		},
		{
			"from": [-8.80865, -3.76287, 8],
			"to": [9.24135, 18.08713, 8],
			"rotation": {"angle": -22.5, "axis": "z", "origin": [8, 14.54887, 8.00594]},
			"faces": {
				"north": {"uv": [0.008, 0.008, 9.492, 11.492], "texture": "#1"},
				"east": {"uv": [0.008, 0.008, 0.008, 11.492], "texture": "#1"},
				"south": {"uv": [9.492, 0.008, 0.008, 11.492], "texture": "#1"},
				"west": {"uv": [0.008, 0.008, 0.008, 11.492], "texture": "#1"},
				"up": {"uv": [9.492, 0.008, 0.008, 0.008], "texture": "#1"},
				"down": {"uv": [9.492, 0.008, 0.008, 0.008], "texture": "#1"}
			}
		},
		{
			"from": [-11.65865, 2.88713, 8],
			"to": [-8.80865, 18.08713, 8],
			"rotation": {"angle": -22.5, "axis": "z", "origin": [8, 14.54887, 8.00594]},
			"faces": {
				"north": {"uv": [9.508, 0.008, 10.992, 7.992], "texture": "#1"},
				"east": {"uv": [0.008, 0.008, 0.008, 7.992], "texture": "#1"},
				"south": {"uv": [11.008, 0.008, 12.492, 7.992], "texture": "#1"},
				"west": {"uv": [0.008, 0.008, 0.008, 7.992], "texture": "#1"},
				"up": {"uv": [1.492, 0.008, 0.008, 0.008], "texture": "#1"},
				"down": {"uv": [1.492, 0.008, 0.008, 0.008], "texture": "#1"}
			}
		},
		{
			"from": [-13.55865, 7.63713, 8],
			"to": [-11.65865, 9.53713, 8],
			"rotation": {"angle": -22.5, "axis": "z", "origin": [8, 14.54887, 8.00594]},
			"faces": {
				"north": {"uv": [6.008, 12.508, 6.992, 13.492], "texture": "#1"},
				"east": {"uv": [0.008, 0.008, 0.008, 0.992], "texture": "#1"},
				"south": {"uv": [7.008, 12.508, 7.992, 13.492], "texture": "#1"},
				"west": {"uv": [0.008, 0.008, 0.008, 0.992], "texture": "#1"},
				"up": {"uv": [0.992, 0.008, 0.008, 0.008], "texture": "#1"},
				"down": {"uv": [0.992, 0.008, 0.008, 0.008], "texture": "#1"}
			}
		},
		{
			"from": [-12.60865, 4.78713, 8],
			"to": [-11.65865, 7.63713, 8],
			"rotation": {"angle": -22.5, "axis": "z", "origin": [8, 14.54887, 8.00594]},
			"faces": {
				"north": {"uv": [6.008, 13.508, 6.492, 14.992], "texture": "#1"},
				"east": {"uv": [0.008, 0.008, 0.008, 1.492], "texture": "#1"},
				"south": {"uv": [6.508, 13.508, 6.992, 14.992], "texture": "#1"},
				"west": {"uv": [0.008, 0.008, 0.008, 1.492], "texture": "#1"},
				"up": {"uv": [0.492, 0.008, 0.008, 0.008], "texture": "#1"},
				"down": {"uv": [0.492, 0.008, 0.008, 0.008], "texture": "#1"}
			}
		},
		{
			"from": [-10.70865, 0.98713, 8],
			"to": [-8.80865, 2.88713, 8],
			"rotation": {"angle": -22.5, "axis": "z", "origin": [8, 14.54887, 8.00594]},
			"faces": {
				"north": {"uv": [8.008, 12.508, 8.992, 13.492], "texture": "#1"},
				"east": {"uv": [0.008, 0.008, 0.008, 0.992], "texture": "#1"},
				"south": {"uv": [7.008, 12.508, 7.992, 13.492], "texture": "#1"},
				"west": {"uv": [0.008, 0.008, 0.008, 0.992], "texture": "#1"},
				"up": {"uv": [0.992, 0.008, 0.008, 0.008], "texture": "#1"},
				"down": {"uv": [0.992, 0.008, 0.008, 0.008], "texture": "#1"}
			}
		},
		{
			"from": [-14.50865, 9.53713, 8],
			"to": [-11.65865, 18.08713, 8],
			"rotation": {"angle": -22.5, "axis": "z", "origin": [8, 14.54887, 8.00594]},
			"faces": {
				"north": {"uv": [12.508, 5.508, 13.992, 9.992], "texture": "#1"},
				"east": {"uv": [0.008, 0.008, 0.008, 4.492], "texture": "#1"},
				"south": {"uv": [12.508, 10.008, 13.992, 14.492], "texture": "#1"},
				"west": {"uv": [0.008, 0.008, 0.008, 4.492], "texture": "#1"},
				"up": {"uv": [1.492, 0.008, 0.008, 0.008], "texture": "#1"},
				"down": {"uv": [1.492, 0.008, 0.008, 0.008], "texture": "#1"}
			}
		},
		{
			"from": [-3.0021, 9.56833, 7.525],
			"to": [-2.0521, 13.36833, 8.475],
			"rotation": {"angle": 0, "axis": "y", "origin": [8, 14.54887, 8.00594]},
			"faces": {
				"north": {"uv": [12.508, 0.008, 12.992, 1.992], "texture": "#1"},
				"east": {"uv": [13.008, 0.008, 13.492, 1.992], "texture": "#1"},
				"south": {"uv": [13.508, 0.008, 13.992, 1.992], "texture": "#1"},
				"west": {"uv": [14.008, 0.008, 14.492, 1.992], "texture": "#1"},
				"up": {"uv": [8.492, 14.992, 8.008, 14.508], "texture": "#1"},
				"down": {"uv": [8.992, 14.508, 8.508, 14.992], "texture": "#1"}
			}
		},
		{
			"from": [-2.61638, 16.71852, 7.54875],
			"to": [1.18362, 17.66852, 8.475],
			"rotation": {"angle": 22.5, "axis": "z", "origin": [8, 14.54887, 8.00594]},
			"faces": {
				"north": {"uv": [6.008, 12.008, 7.992, 12.492], "texture": "#1"},
				"east": {"uv": [9.008, 13.508, 9.492, 13.992], "texture": "#1"},
				"south": {"uv": [8.008, 12.008, 9.992, 12.492], "texture": "#1"},
				"west": {"uv": [9.508, 13.508, 9.992, 13.992], "texture": "#1"},
				"up": {"uv": [11.992, 12.492, 10.008, 12.008], "texture": "#1"},
				"down": {"uv": [11.492, 8.008, 9.508, 8.492], "texture": "#1"}
			}
		},
		{
			"from": [0.23362, 14.81852, 7.525],
			"to": [1.18362, 16.71852, 8.475],
			"rotation": {"angle": 22.5, "axis": "z", "origin": [8, 14.54887, 8.00594]},
			"faces": {
				"north": {"uv": [8.008, 13.508, 8.492, 14.492], "texture": "#1"},
				"east": {"uv": [8.508, 13.508, 8.992, 14.492], "texture": "#1"},
				"south": {"uv": [12.008, 12.508, 12.492, 13.492], "texture": "#1"},
				"west": {"uv": [12.008, 11.508, 12.492, 12.492], "texture": "#1"},
				"up": {"uv": [9.492, 14.492, 9.008, 14.008], "texture": "#1"},
				"down": {"uv": [9.992, 14.008, 9.508, 14.492], "texture": "#1"}
			}
		},
		{
			"from": [-0.71638, 14.81852, 7.525],
			"to": [0.23362, 15.76852, 8.475],
			"rotation": {"angle": 22.5, "axis": "z", "origin": [8, 14.54887, 8.00594]},
			"faces": {
				"north": {"uv": [10.008, 14.008, 10.492, 14.492], "texture": "#1"},
				"east": {"uv": [11.508, 8.008, 11.992, 8.492], "texture": "#1"},
				"south": {"uv": [7.008, 14.508, 7.492, 14.992], "texture": "#1"},
				"west": {"uv": [12.008, 8.008, 12.492, 8.492], "texture": "#1"},
				"up": {"uv": [10.492, 13.992, 10.008, 13.508], "texture": "#1"},
				"down": {"uv": [7.992, 14.508, 7.508, 14.992], "texture": "#1"}
			}
		},
		{
			"from": [11.84657, 6.00128, 7.05],
			"to": [17.54657, 12.65128, 8.95],
			"rotation": {"angle": -22.5, "axis": "z", "origin": [8, 14.54887, 8.00594]},
			"faces": {
				"north": {"uv": [2.992, 11.508, 0.008, 14.992], "texture": "#1"},
				"east": {"uv": [14.492, 2.008, 13.508, 5.492], "texture": "#1"},
				"south": {"uv": [5.992, 11.508, 3.008, 14.992], "texture": "#1"},
				"west": {"uv": [13.492, 2.008, 12.508, 5.492], "texture": "#1"},
				"up": {"uv": [9.008, 13.492, 11.992, 12.508], "texture": "#1"},
				"down": {"uv": [9.508, 8.508, 12.492, 9.492], "texture": "#1"}
			}
		},
		{
			"from": [10.55865, 5.73713, 7.54875],
			"to": [16.25865, 7.63713, 8.45125],
			"rotation": {"angle": 22.5, "axis": "z", "origin": [8, 14.54887, 8.00594]},
			"faces": {
				"north": {"uv": [12.492, 9.508, 9.508, 10.492], "texture": "#1"},
				"east": {"uv": [7.992, 13.508, 7.508, 14.492], "texture": "#1"},
				"south": {"uv": [12.492, 10.508, 9.508, 11.492], "texture": "#1"},
				"west": {"uv": [7.492, 13.508, 7.008, 14.492], "texture": "#1"},
				"up": {"uv": [6.008, 11.992, 8.992, 11.508], "texture": "#1"},
				"down": {"uv": [9.008, 11.508, 11.992, 11.992], "texture": "#1"}
			}
		},
		{
			"from": [18.0521, 9.56833, 7.525],
			"to": [19.0021, 13.36833, 8.475],
			"rotation": {"angle": 0, "axis": "y", "origin": [8, 14.54887, 8.00594]},
			"faces": {
				"north": {"uv": [12.992, 0.008, 12.508, 1.992], "texture": "#1"},
				"east": {"uv": [14.492, 0.008, 14.008, 1.992], "texture": "#1"},
				"south": {"uv": [13.992, 0.008, 13.508, 1.992], "texture": "#1"},
				"west": {"uv": [13.492, 0.008, 13.008, 1.992], "texture": "#1"},
				"up": {"uv": [8.008, 14.992, 8.492, 14.508], "texture": "#1"},
				"down": {"uv": [8.508, 14.508, 8.992, 14.992], "texture": "#1"}
			}
		},
		{
			"from": [14.81638, 16.71852, 7.54875],
			"to": [18.61638, 17.66852, 8.475],
			"rotation": {"angle": -22.5, "axis": "z", "origin": [8, 14.54887, 8.00594]},
			"faces": {
				"north": {"uv": [7.992, 12.008, 6.008, 12.492], "texture": "#1"},
				"east": {"uv": [9.992, 13.508, 9.508, 13.992], "texture": "#1"},
				"south": {"uv": [9.992, 12.008, 8.008, 12.492], "texture": "#1"},
				"west": {"uv": [9.492, 13.508, 9.008, 13.992], "texture": "#1"},
				"up": {"uv": [10.008, 12.492, 11.992, 12.008], "texture": "#1"},
				"down": {"uv": [9.508, 8.008, 11.492, 8.492], "texture": "#1"}
			}
		},
		{
			"from": [14.81638, 14.81852, 7.525],
			"to": [15.76638, 16.71852, 8.475],
			"rotation": {"angle": -22.5, "axis": "z", "origin": [8, 14.54887, 8.00594]},
			"faces": {
				"north": {"uv": [8.492, 13.508, 8.008, 14.492], "texture": "#1"},
				"east": {"uv": [12.492, 11.508, 12.008, 12.492], "texture": "#1"},
				"south": {"uv": [12.492, 12.508, 12.008, 13.492], "texture": "#1"},
				"west": {"uv": [8.992, 13.508, 8.508, 14.492], "texture": "#1"},
				"up": {"uv": [9.008, 14.492, 9.492, 14.008], "texture": "#1"},
				"down": {"uv": [9.508, 14.008, 9.992, 14.492], "texture": "#1"}
			}
		},
		{
			"from": [6.75865, -3.76287, 8],
			"to": [24.80865, 18.08713, 8],
			"rotation": {"angle": 22.5, "axis": "z", "origin": [8, 14.54887, 8.00594]},
			"faces": {
				"north": {"uv": [9.492, 0.008, 0.008, 11.492], "texture": "#1"},
				"east": {"uv": [0.008, 0.008, 0.008, 11.492], "texture": "#1"},
				"south": {"uv": [0.008, 0.008, 9.492, 11.492], "texture": "#1"},
				"west": {"uv": [0.008, 0.008, 0.008, 11.492], "texture": "#1"},
				"up": {"uv": [0.008, 0.008, 9.492, 0.008], "texture": "#1"},
				"down": {"uv": [0.008, 0.008, 9.492, 0.008], "texture": "#1"}
			}
		},
		{
			"from": [24.80865, 2.88713, 8],
			"to": [27.65865, 18.08713, 8],
			"rotation": {"angle": 22.5, "axis": "z", "origin": [8, 14.54887, 8.00594]},
			"faces": {
				"north": {"uv": [10.992, 0.008, 9.508, 7.992], "texture": "#1"},
				"east": {"uv": [0.008, 0.008, 0.008, 7.992], "texture": "#1"},
				"south": {"uv": [12.492, 0.008, 11.008, 7.992], "texture": "#1"},
				"west": {"uv": [0.008, 0.008, 0.008, 7.992], "texture": "#1"},
				"up": {"uv": [0.008, 0.008, 1.492, 0.008], "texture": "#1"},
				"down": {"uv": [0.008, 0.008, 1.492, 0.008], "texture": "#1"}
			}
		},
		{
			"from": [27.65865, 9.53713, 8],
			"to": [30.50865, 18.08713, 8],
			"rotation": {"angle": 22.5, "axis": "z", "origin": [8, 14.54887, 8.00594]},
			"faces": {
				"north": {"uv": [13.992, 5.508, 12.508, 9.992], "texture": "#1"},
				"east": {"uv": [0.008, 0.008, 0.008, 4.492], "texture": "#1"},
				"south": {"uv": [13.992, 10.008, 12.508, 14.492], "texture": "#1"},
				"west": {"uv": [0.008, 0.008, 0.008, 4.492], "texture": "#1"},
				"up": {"uv": [0.008, 0.008, 1.492, 0.008], "texture": "#1"},
				"down": {"uv": [0.008, 0.008, 1.492, 0.008], "texture": "#1"}
			}
		},
		{
			"from": [27.65865, 7.63713, 8],
			"to": [29.55865, 9.53713, 8],
			"rotation": {"angle": 22.5, "axis": "z", "origin": [8, 14.54887, 8.00594]},
			"faces": {
				"north": {"uv": [6.992, 12.508, 6.008, 13.492], "texture": "#1"},
				"east": {"uv": [0.008, 0.008, 0.008, 0.992], "texture": "#1"},
				"south": {"uv": [7.992, 12.508, 7.008, 13.492], "texture": "#1"},
				"west": {"uv": [0.008, 0.008, 0.008, 0.992], "texture": "#1"},
				"up": {"uv": [0.008, 0.008, 0.992, 0.008], "texture": "#1"},
				"down": {"uv": [0.008, 0.008, 0.992, 0.008], "texture": "#1"}
			}
		},
		{
			"from": [27.65865, 4.78713, 8],
			"to": [28.60865, 7.63713, 8],
			"rotation": {"angle": 22.5, "axis": "z", "origin": [8, 14.54887, 8.00594]},
			"faces": {
				"north": {"uv": [6.492, 13.508, 6.008, 14.992], "texture": "#1"},
				"east": {"uv": [0.008, 0.008, 0.008, 1.492], "texture": "#1"},
				"south": {"uv": [6.992, 13.508, 6.508, 14.992], "texture": "#1"},
				"west": {"uv": [0.008, 0.008, 0.008, 1.492], "texture": "#1"},
				"up": {"uv": [0.008, 0.008, 0.492, 0.008], "texture": "#1"},
				"down": {"uv": [0.008, 0.008, 0.492, 0.008], "texture": "#1"}
			}
		},
		{
			"from": [24.80865, 0.98713, 8],
			"to": [26.70865, 2.88713, 8],
			"rotation": {"angle": 22.5, "axis": "z", "origin": [8, 14.54887, 8.00594]},
			"faces": {
				"north": {"uv": [8.992, 12.508, 8.008, 13.492], "texture": "#1"},
				"east": {"uv": [0.008, 0.008, 0.008, 0.992], "texture": "#1"},
				"south": {"uv": [7.992, 12.508, 7.008, 13.492], "texture": "#1"},
				"west": {"uv": [0.008, 0.008, 0.008, 0.992], "texture": "#1"},
				"up": {"uv": [0.008, 0.008, 0.992, 0.008], "texture": "#1"},
				"down": {"uv": [0.008, 0.008, 0.992, 0.008], "texture": "#1"}
			}
		},
		{
			"from": [15.76638, 14.81852, 7.525],
			"to": [16.71638, 15.76852, 8.475],
			"rotation": {"angle": -22.5, "axis": "z", "origin": [8, 14.54887, 8.00594]},
			"faces": {
				"north": {"uv": [10.492, 14.008, 10.008, 14.492], "texture": "#1"},
				"east": {"uv": [12.492, 8.008, 12.008, 8.492], "texture": "#1"},
				"south": {"uv": [7.492, 14.508, 7.008, 14.992], "texture": "#1"},
				"west": {"uv": [11.992, 8.008, 11.508, 8.492], "texture": "#1"},
				"up": {"uv": [10.008, 13.992, 10.492, 13.508], "texture": "#1"},
				"down": {"uv": [7.508, 14.508, 7.992, 14.992], "texture": "#1"}
			}
		}
	],
	"display": {
		"thirdperson_lefthand": {
			"rotation": [79, 0, 0],
			"translation": [-6, -6, 9.25]
		},
		"firstperson_righthand": {
			"scale": [0.3, 0.3, 0.3]
		},
		"firstperson_lefthand": {
			"scale": [0, 0, 0]
		},
		"gui": {
			"scale": [0.4, 0.4, 0.4]
		},
		"head": {
			"translation": [0, -10.5, 3.25],
			"scale": [1.5, 1.5, 1.5]
		}
	}
}