{
	"credit": "Made with Blockbench",
	"texture_size": [32, 32],
	"textures": {
		"3": "item/armor/glacial_helmet"
	},
	"elements": [
		{
			"from": [4, -2, 4],
			"to": [12, 8, 12],
			"rotation": {"angle": 0, "axis": "y", "origin": [7, 3, 7]},
			"faces": {
				"north": {"uv": [0, 0, 4, 5], "texture": "#3"},
				"east": {"uv": [4, 0, 8, 5], "texture": "#3"},
				"south": {"uv": [0, 5, 4, 10], "texture": "#3"},
				"west": {"uv": [4, 5, 8, 10], "texture": "#3"},
				"up": {"uv": [12, 4, 8, 0], "texture": "#3"},
				"down": {"uv": [12, 4, 8, 8], "texture": "#3"}
			}
		},
		{
			"from": [5.22625, -2, 2.16478],
			"to": [6.3025, 7.975, 4.16478],
			"rotation": {"angle": 22.5, "axis": "y", "origin": [9.22625, 4, 6.16478]},
			"faces": {
				"north": {"uv": [7, 10, 7.5, 15], "texture": "#3"},
				"east": {"uv": [8, 8, 9, 13], "texture": "#3"},
				"south": {"uv": [7.5, 10, 8, 15], "texture": "#3"},
				"west": {"uv": [9, 8, 10, 13], "texture": "#3"},
				"up": {"uv": [13, 7.5, 12.5, 6.5], "texture": "#3"},
				"down": {"uv": [13.5, 6.5, 13, 7.5], "texture": "#3"}
			}
		},
		{
			"from": [9.6975, -2, 2.16478],
			"to": [10.77375, 7.975, 4.16478],
			"rotation": {"angle": -22.5, "axis": "y", "origin": [6.77375, 4, 6.16478]},
			"faces": {
				"north": {"uv": [12, 2.5, 12.5, 7.5], "texture": "#3"},
				"east": {"uv": [0, 10, 1, 15], "texture": "#3"},
				"south": {"uv": [12, 11, 12.5, 16], "texture": "#3"},
				"west": {"uv": [1, 10, 2, 15], "texture": "#3"},
				"up": {"uv": [13, 14, 12.5, 13], "texture": "#3"},
				"down": {"uv": [14, 4.5, 13.5, 5.5], "texture": "#3"}
			}
		},
		{
			"from": [5.22625, 6, 1.16478],
			"to": [9.97625, 9, 2.16478],
			"rotation": {"angle": 22.5, "axis": "y", "origin": [9.22625, 4, 6.16478]},
			"faces": {
				"north": {"uv": [2, 10, 4.5, 11.5], "texture": "#3"},
				"east": {"uv": [9, 13, 9.5, 14.5], "texture": "#3"},
				"south": {"uv": [4.5, 10, 7, 11.5], "texture": "#3"},
				"west": {"uv": [9.5, 13, 10, 14.5], "texture": "#3"},
				"up": {"uv": [14.5, 8, 12, 7.5], "texture": "#3"},
				"down": {"uv": [15, 2.5, 12.5, 3], "texture": "#3"}
			}
		},
		{
			"from": [3.22625, 6, 1.16478],
			"to": [5.22625, 11, 2.16478],
			"rotation": {"angle": 22.5, "axis": "y", "origin": [9.22625, 4, 6.16478]},
			"faces": {
				"north": {"uv": [2, 11.5, 3, 14], "texture": "#3"},
				"east": {"uv": [12.5, 10.5, 13, 13], "texture": "#3"},
				"south": {"uv": [3, 11.5, 4, 14], "texture": "#3"},
				"west": {"uv": [13, 0, 13.5, 2.5], "texture": "#3"},
				"up": {"uv": [14.5, 1.5, 13.5, 1], "texture": "#3"},
				"down": {"uv": [14.5, 1.5, 13.5, 2], "texture": "#3"}
			}
		},
		{
			"from": [6.02375, 6, 1.16478],
			"to": [10.77375, 9, 2.16478],
			"rotation": {"angle": -22.5, "axis": "y", "origin": [6.77375, 4, 6.16478]},
			"faces": {
				"north": {"uv": [10, 8, 12.5, 9.5], "texture": "#3"},
				"east": {"uv": [13, 10.5, 13.5, 12], "texture": "#3"},
				"south": {"uv": [10, 9.5, 12.5, 11], "texture": "#3"},
				"west": {"uv": [13, 12, 13.5, 13.5], "texture": "#3"},
				"up": {"uv": [15, 6, 12.5, 5.5], "texture": "#3"},
				"down": {"uv": [15, 6, 12.5, 6.5], "texture": "#3"}
			}
		},
		{
			"from": [10.77375, 6, 1.16478],
			"to": [12.77375, 11, 2.16478],
			"rotation": {"angle": -22.5, "axis": "y", "origin": [6.77375, 4, 6.16478]},
			"faces": {
				"north": {"uv": [6, 11.5, 7, 14], "texture": "#3"},
				"east": {"uv": [13, 8, 13.5, 10.5], "texture": "#3"},
				"south": {"uv": [12, 0, 13, 2.5], "texture": "#3"},
				"west": {"uv": [8.5, 13, 9, 15.5], "texture": "#3"},
				"up": {"uv": [14.5, 4, 13.5, 3.5], "texture": "#3"},
				"down": {"uv": [14.5, 4, 13.5, 4.5], "texture": "#3"}
			}
		},
		{
			"from": [8.05125, 9, 1.16478],
			"to": [9.97625, 14, 2.16478],
			"rotation": {"angle": 22.5, "axis": "y", "origin": [9.22625, 3, 6.16478]},
			"faces": {
				"north": {"uv": [10, 11, 11, 13.5], "texture": "#3"},
				"east": {"uv": [12.5, 3, 13, 5.5], "texture": "#3"},
				"south": {"uv": [11, 11, 12, 13.5], "texture": "#3"},
				"west": {"uv": [12.5, 8, 13, 10.5], "texture": "#3"},
				"up": {"uv": [14.5, 0.5, 13.5, 0], "texture": "#3"},
				"down": {"uv": [14.5, 0.5, 13.5, 1], "texture": "#3"}
			}
		},
		{
			"from": [6.02375, 9, 1.16478],
			"to": [7.94875, 14, 2.16478],
			"rotation": {"angle": -22.5, "axis": "y", "origin": [6.77375, 3, 6.16478]},
			"faces": {
				"north": {"uv": [4, 11.5, 5, 14], "texture": "#3"},
				"east": {"uv": [13, 3, 13.5, 5.5], "texture": "#3"},
				"south": {"uv": [5, 11.5, 6, 14], "texture": "#3"},
				"west": {"uv": [8, 13, 8.5, 15.5], "texture": "#3"},
				"up": {"uv": [14.5, 2.5, 13.5, 2], "texture": "#3"},
				"down": {"uv": [14.5, 3, 13.5, 3.5], "texture": "#3"}
			}
		}
	],
	"display": {
		"thirdperson_righthand": {
			"translation": [0, 0.25, 1],
			"scale": [0.55, 0.55, 0.55]
		},
		"thirdperson_lefthand": {
			"translation": [0, 0.25, 1],
			"scale": [0.55, 0.55, 0.55]
		},
		"firstperson_righthand": {
			"rotation": [-180, 56.5, 171.5],
			"translation": [1.25, 5, 1.5],
			"scale": [0.5, 0.5, 0.5]
		},
		"firstperson_lefthand": {
			"rotation": [-180, 56.5, 171.5],
			"translation": [1.25, 5, 1.5],
			"scale": [0.5, 0.5, 0.5]
		},
		"ground": {
			"rotation": [-19, 29, 46],
			"translation": [1, 1.75, 1.5],
			"scale": [0.3, 0.3, 0.3]
		},
		"gui": {
			"rotation": [0, 180, 0],
			"translation": [0, 1.75, 2.25],
			"scale": [1.1, 1.1, 1.1]
		},
		"head": {
			"rotation": [0, 0, -0.25],
			"translation": [0.25, 8, 0],
			"scale": [1.8, 1.8, 1.8]
		},
		"fixed": {
			"translation": [0, 4.75, 2.25],
			"scale": [1.5, 1.5, 1.5]
		}
	}
}