{
	"credit": "Made with Blockbench",
	"texture_size": [64, 64],
	"textures": {
		"2": "item/armor/glacial_wings"
	},
	"elements": [
		{
			"from": [-11.5, 7, 7.975],
			"to": [3.5, 25, 8.025],
			"rotation": {"angle": 22.5, "axis": "z", "origin": [1.5, 11, 8]},
			"faces": {
				"north": {"uv": [14.992, 0.008, 7.508, 8.992], "texture": "#2"},
				"east": {"uv": [0.008, 0.008, 0.008, 8.992], "texture": "#2"},
				"south": {"uv": [7.508, 0.008, 14.992, 8.992], "texture": "#2"},
				"west": {"uv": [0.008, 0.008, 0.008, 8.992], "texture": "#2"},
				"up": {"uv": [7.492, 0.008, 0.008, 0.008], "texture": "#2"},
				"down": {"uv": [7.492, 0.008, 0.008, 0.008], "texture": "#2"}
			}
		},
		{
			"from": [-12.42073, -6.48912, 8],
			"to": [2.57927, 11.51088, 8],
			"rotation": {"angle": -22.5, "axis": "z", "origin": [-4.92073, 4.01088, 7.95]},
			"faces": {
				"north": {"uv": [7.492, 0.008, 0.008, 8.992], "texture": "#2"},
				"east": {"uv": [0.008, 0.008, 0.008, 8.992], "texture": "#2"},
				"south": {"uv": [0.008, 0.008, 7.492, 8.992], "texture": "#2"},
				"west": {"uv": [0.008, 0.008, 0.008, 8.992], "texture": "#2"},
				"up": {"uv": [7.492, 0.008, 0.008, 0.008], "texture": "#2"},
				"down": {"uv": [7.492, 0.008, 0.008, 0.008], "texture": "#2"}
			}
		},
		{
			"from": [-7.5, 25, 8],
			"to": [3.5, 29, 8],
			"rotation": {"angle": 22.5, "axis": "z", "origin": [1.5, 11, 8]},
			"faces": {
				"north": {"uv": [5.492, 9.008, 0.008, 10.992], "texture": "#2"},
				"east": {"uv": [0.008, 0.008, 0.008, 1.992], "texture": "#2"},
				"south": {"uv": [0.008, 9.008, 5.492, 10.992], "texture": "#2"},
				"west": {"uv": [0.008, 0.008, 0.008, 1.992], "texture": "#2"},
				"up": {"uv": [5.492, 0.008, 0.008, 0.008], "texture": "#2"},
				"down": {"uv": [5.492, 0.008, 0.008, 0.008], "texture": "#2"}
			}
		},
		{
			"from": [-14.12188, -8.15148, 8.05],
			"to": [-3.12188, -6.15074, 8.05],
			"rotation": {"angle": -22.5, "axis": "z", "origin": [-8.62188, -10.15074, 8]},
			"faces": {
				"north": {"uv": [5.492, 11.008, 0.008, 11.992], "texture": "#2"},
				"east": {"uv": [0.008, 0.008, 0.008, 0.992], "texture": "#2"},
				"south": {"uv": [0.008, 11.008, 5.492, 11.992], "texture": "#2"},
				"west": {"uv": [0.008, 0.008, 0.008, 0.992], "texture": "#2"},
				"up": {"uv": [5.492, 0.008, 0.008, 0.008], "texture": "#2"},
				"down": {"uv": [5.492, 0.008, 0.008, 0.008], "texture": "#2"}
			}
		},
		{
			"from": [12.5, 7, 7.975],
			"to": [27.5, 25, 8.025],
			"rotation": {"angle": -22.5, "axis": "z", "origin": [14.5, 11, 8]},
			"faces": {
				"north": {"uv": [7.508, 0.008, 14.992, 8.992], "texture": "#2"},
				"east": {"uv": [0.008, 0.008, 0.008, 8.992], "texture": "#2"},
				"south": {"uv": [14.992, 0.008, 7.508, 8.992], "texture": "#2"},
				"west": {"uv": [0.008, 0.008, 0.008, 8.992], "texture": "#2"},
				"up": {"uv": [0.008, 0.008, 7.492, 0.008], "texture": "#2"},
				"down": {"uv": [0.008, 0.008, 7.492, 0.008], "texture": "#2"}
			}
		},
		{
			"from": [13.42073, -6.48912, 8],
			"to": [28.42073, 11.51088, 8],
			"rotation": {"angle": 22.5, "axis": "z", "origin": [20.92073, 4.01088, 7.95]},
			"faces": {
				"north": {"uv": [0.008, 0.008, 7.492, 8.992], "texture": "#2"},
				"east": {"uv": [0.008, 0.008, 0.008, 8.992], "texture": "#2"},
				"south": {"uv": [7.492, 0.008, 0.008, 8.992], "texture": "#2"},
				"west": {"uv": [0.008, 0.008, 0.008, 8.992], "texture": "#2"},
				"up": {"uv": [0.008, 0.008, 7.492, 0.008], "texture": "#2"},
				"down": {"uv": [0.008, 0.008, 7.492, 0.008], "texture": "#2"}
			}
		},
		{
			"from": [12.5, 25, 8],
			"to": [23.5, 29, 8],
			"rotation": {"angle": -22.5, "axis": "z", "origin": [14.5, 11, 8]},
			"faces": {
				"north": {"uv": [0.008, 9.008, 5.492, 10.992], "texture": "#2"},
				"east": {"uv": [0.008, 0.008, 0.008, 1.992], "texture": "#2"},
				"south": {"uv": [5.492, 9.008, 0.008, 10.992], "texture": "#2"},
				"west": {"uv": [0.008, 0.008, 0.008, 1.992], "texture": "#2"},
				"up": {"uv": [0.008, 0.008, 5.492, 0.008], "texture": "#2"},
				"down": {"uv": [0.008, 0.008, 5.492, 0.008], "texture": "#2"}
			}
		},
		{
			"from": [19.12188, -8.15148, 8.05],
			"to": [30.12188, -6.15074, 8.05],
			"rotation": {"angle": 22.5, "axis": "z", "origin": [24.62188, -10.15074, 8]},
			"faces": {
				"north": {"uv": [0.008, 11.008, 5.492, 11.992], "texture": "#2"},
				"east": {"uv": [0.008, 0.008, 0.008, 0.992], "texture": "#2"},
				"south": {"uv": [5.492, 11.008, 0.008, 11.992], "texture": "#2"},
				"west": {"uv": [0.008, 0.008, 0.008, 0.992], "texture": "#2"},
				"up": {"uv": [0.008, 0.008, 5.492, 0.008], "texture": "#2"},
				"down": {"uv": [0.008, 0.008, 5.492, 0.008], "texture": "#2"}
			}
		}
	],
	"display": {
		"thirdperson_righthand": {
			"translation": [0, -3.25, 0],
			"scale": [0.3, 0.3, 0.3]
		},
		"thirdperson_lefthand": {
			"rotation": [71, 0, 0],
			"translation": [-6, -5.25, 8.5]
		},
		"firstperson_righthand": {
			"rotation": [0, 16.25, 0],
			"translation": [0.25, 3.25, 1.75],
			"scale": [0.3, 0.3, 0.3]
		},
		"firstperson_lefthand": {
			"rotation": [0, 16.25, 0],
			"translation": [0.25, 3.25, 1.75],
			"scale": [0, 0, 0]
		},
		"ground": {
			"rotation": [-67.25, 5.97, -8.94],
			"scale": [0.2, 0.2, 0.2]
		},
		"gui": {
			"translation": [0, -0.25, 0],
			"scale": [0.3375, 0.3375, 0.3375]
		},
		"head": {
			"translation": [0, -12, 4.25],
			"scale": [1.5, 1.5, 1.5]
		}
	}
}