{
	"credit": "Made with Blockbench",
	"texture_size": [32, 32],
	"textures": {
		"2": "item/armor/snow_cloak_helmet",
		"particle": "item/armor/snow_cloak_helmet"
	},
	"elements": [
		{
			"from": [6.44875, 5, 2.16478],
			"to": [10.77375, 8, 3.16478],
			"rotation": {"angle": -22.5, "axis": "y", "origin": [6.77375, 4, 6.16478]},
			"faces": {
				"north": {"uv": [0, 8, 2, 9.5], "texture": "#2"},
				"east": {"uv": [2.5, 11.5, 3, 13], "texture": "#2"},
				"south": {"uv": [2, 8, 4, 9.5], "texture": "#2"},
				"west": {"uv": [3, 11.5, 3.5, 13], "texture": "#2"},
				"up": {"uv": [3.5, 11.5, 1.5, 11], "texture": "#2"},
				"down": {"uv": [13, 2, 11, 2.5], "texture": "#2"}
			}
		},
		{
			"from": [5.22625, 5, 2.16478],
			"to": [9.55125, 8, 3.16478],
			"rotation": {"angle": 22.5, "axis": "y", "origin": [9.22625, 4, 6.16478]},
			"faces": {
				"north": {"uv": [4, 8, 6, 9.5], "texture": "#2"},
				"east": {"uv": [11.5, 11, 12, 12.5], "texture": "#2"},
				"south": {"uv": [6, 8, 8, 9.5], "texture": "#2"},
				"west": {"uv": [0, 12, 0.5, 13.5], "texture": "#2"},
				"up": {"uv": [13, 3, 11, 2.5], "texture": "#2"},
				"down": {"uv": [13, 3, 11, 3.5], "texture": "#2"}
			}
		},
		{
			"from": [5.22625, 0, 2.16478],
			"to": [8.57625, 3, 3.16478],
			"rotation": {"angle": 22.5, "axis": "y", "origin": [9.22625, -1, 6.16478]},
			"faces": {
				"north": {"uv": [8, 8, 9.5, 9.5], "texture": "#2"},
				"east": {"uv": [0.5, 12, 1, 13.5], "texture": "#2"},
				"south": {"uv": [0, 9.5, 1.5, 11], "texture": "#2"},
				"west": {"uv": [1, 12, 1.5, 13.5], "texture": "#2"},
				"up": {"uv": [12.5, 8, 11, 7.5], "texture": "#2"},
				"down": {"uv": [13, 9.5, 11.5, 10], "texture": "#2"}
			}
		},
		{
			"from": [7.42375, 0, 2.16478],
			"to": [10.77375, 3, 3.16478],
			"rotation": {"angle": -22.5, "axis": "y", "origin": [6.77375, -1, 6.16478]},
			"faces": {
				"north": {"uv": [1.5, 9.5, 3, 11], "texture": "#2"},
				"east": {"uv": [3.5, 12, 4, 13.5], "texture": "#2"},
				"south": {"uv": [3, 9.5, 4.5, 11], "texture": "#2"},
				"west": {"uv": [12, 3.5, 12.5, 5], "texture": "#2"},
				"up": {"uv": [13.5, 5.5, 12, 5], "texture": "#2"},
				"down": {"uv": [13.5, 5.5, 12, 6], "texture": "#2"}
			}
		},
		{
			"from": [9.67375, 3, 2.16478],
			"to": [10.77375, 5, 3.16478],
			"rotation": {"angle": -22.5, "axis": "y", "origin": [6.77375, -1, 6.16478]},
			"faces": {
				"north": {"uv": [4, 12, 4.5, 13], "texture": "#2"},
				"east": {"uv": [12, 6, 12.5, 7], "texture": "#2"},
				"south": {"uv": [7.5, 12, 8, 13], "texture": "#2"},
				"west": {"uv": [8, 12, 8.5, 13], "texture": "#2"},
				"up": {"uv": [12.5, 7.5, 12, 7], "texture": "#2"},
				"down": {"uv": [12.5, 10, 12, 10.5], "texture": "#2"}
			}
		},
		{
			"from": [5.22625, 3, 2.16478],
			"to": [6.32625, 5, 3.16478],
			"rotation": {"angle": 22.5, "axis": "y", "origin": [9.22625, -1, 6.16478]},
			"faces": {
				"north": {"uv": [8.5, 12, 9, 13], "texture": "#2"},
				"east": {"uv": [9, 12, 9.5, 13], "texture": "#2"},
				"south": {"uv": [9.5, 12, 10, 13], "texture": "#2"},
				"west": {"uv": [10, 12, 10.5, 13], "texture": "#2"},
				"up": {"uv": [11, 12.5, 10.5, 12], "texture": "#2"},
				"down": {"uv": [12.5, 10.5, 12, 11], "texture": "#2"}
			}
		},
		{
			"from": [4, 0.025, 4],
			"to": [5, 8.025, 12],
			"rotation": {"angle": 0, "axis": "y", "origin": [0, 3.025, 7]},
			"faces": {
				"north": {"uv": [4.5, 9.5, 5, 13.5], "texture": "#2"},
				"east": {"uv": [0, 0, 4, 4], "texture": "#2"},
				"south": {"uv": [5, 9.5, 5.5, 13.5], "texture": "#2"},
				"west": {"uv": [0, 4, 4, 8], "texture": "#2"},
				"up": {"uv": [6, 13.5, 5.5, 9.5], "texture": "#2"},
				"down": {"uv": [6.5, 9.5, 6, 13.5], "texture": "#2"}
			}
		},
		{
			"from": [5, 0, 11],
			"to": [11, 8, 12],
			"rotation": {"angle": 0, "axis": "y", "origin": [0, 3, 7]},
			"faces": {
				"north": {"uv": [4, 0, 7, 4], "texture": "#2"},
				"east": {"uv": [6.5, 9.5, 7, 13.5], "texture": "#2"},
				"south": {"uv": [4, 4, 7, 8], "texture": "#2"},
				"west": {"uv": [7, 9.5, 7.5, 13.5], "texture": "#2"},
				"up": {"uv": [12.5, 9, 9.5, 8.5], "texture": "#2"},
				"down": {"uv": [12.5, 9, 9.5, 9.5], "texture": "#2"}
			}
		},
		{
			"from": [5, 6.975, 3.2],
			"to": [11, 7.975, 11],
			"rotation": {"angle": 0, "axis": "y", "origin": [0, 2.975, 7]},
			"faces": {
				"north": {"uv": [7.5, 10, 10.5, 10.5], "texture": "#2"},
				"east": {"uv": [7.5, 9.5, 11.5, 10], "texture": "#2"},
				"south": {"uv": [7.5, 10.5, 10.5, 11], "texture": "#2"},
				"west": {"uv": [9.5, 8, 13.5, 8.5], "texture": "#2"},
				"up": {"uv": [10, 4, 7, 0], "texture": "#2"},
				"down": {"uv": [10, 4, 7, 8], "texture": "#2"}
			}
		},
		{
			"from": [1, 5.025, 7],
			"to": [4, 7.025, 9],
			"rotation": {"angle": 0, "axis": "y", "origin": [0, 3.025, 7]},
			"faces": {
				"north": {"uv": [10.5, 10, 12, 11], "texture": "#2"},
				"east": {"uv": [3.5, 11, 4.5, 12], "texture": "#2"},
				"south": {"uv": [0, 11, 1.5, 12], "texture": "#2"},
				"west": {"uv": [11, 3.5, 12, 4.5], "texture": "#2"},
				"up": {"uv": [12.5, 1, 11, 0], "texture": "#2"},
				"down": {"uv": [12.5, 1, 11, 2], "texture": "#2"}
			}
		},
		{
			"from": [1, 7.025, 7],
			"to": [3, 11.025, 9],
			"rotation": {"angle": 0, "axis": "y", "origin": [0, 3.025, 7]},
			"faces": {
				"north": {"uv": [10, 0, 11, 2], "texture": "#2"},
				"east": {"uv": [10, 2, 11, 4], "texture": "#2"},
				"south": {"uv": [10, 4, 11, 6], "texture": "#2"},
				"west": {"uv": [10, 6, 11, 8], "texture": "#2"},
				"up": {"uv": [12, 5.5, 11, 4.5], "texture": "#2"},
				"down": {"uv": [12, 5.5, 11, 6.5], "texture": "#2"}
			}
		},
		{
			"from": [3, 9.025, 7],
			"to": [5, 11.025, 9],
			"rotation": {"angle": 0, "axis": "y", "origin": [0, 3.025, 7]},
			"faces": {
				"north": {"uv": [11, 6.5, 12, 7.5], "texture": "#2"},
				"east": {"uv": [7.5, 11, 8.5, 12], "texture": "#2"},
				"south": {"uv": [8.5, 11, 9.5, 12], "texture": "#2"},
				"west": {"uv": [9.5, 11, 10.5, 12], "texture": "#2"},
				"up": {"uv": [11.5, 12, 10.5, 11], "texture": "#2"},
				"down": {"uv": [2.5, 11.5, 1.5, 12.5], "texture": "#2"}
			}
		},
		{
			"from": [11, 9.025, 7],
			"to": [13, 11.025, 9],
			"rotation": {"angle": 0, "axis": "y", "origin": [16, 3.025, 7]},
			"faces": {
				"north": {"uv": [12, 6.5, 11, 7.5], "texture": "#2"},
				"east": {"uv": [10.5, 11, 9.5, 12], "texture": "#2"},
				"south": {"uv": [9.5, 11, 8.5, 12], "texture": "#2"},
				"west": {"uv": [8.5, 11, 7.5, 12], "texture": "#2"},
				"up": {"uv": [10.5, 12, 11.5, 11], "texture": "#2"},
				"down": {"uv": [1.5, 11.5, 2.5, 12.5], "texture": "#2"}
			}
		},
		{
			"from": [13, 7.025, 7],
			"to": [15, 11.025, 9],
			"rotation": {"angle": 0, "axis": "y", "origin": [16, 3.025, 7]},
			"faces": {
				"north": {"uv": [11, 0, 10, 2], "texture": "#2"},
				"east": {"uv": [11, 6, 10, 8], "texture": "#2"},
				"south": {"uv": [11, 4, 10, 6], "texture": "#2"},
				"west": {"uv": [11, 2, 10, 4], "texture": "#2"},
				"up": {"uv": [11, 5.5, 12, 4.5], "texture": "#2"},
				"down": {"uv": [11, 5.5, 12, 6.5], "texture": "#2"}
			}
		},
		{
			"from": [12, 5.025, 7],
			"to": [15, 7.025, 9],
			"rotation": {"angle": 0, "axis": "y", "origin": [16, 3.025, 7]},
			"faces": {
				"north": {"uv": [12, 10, 10.5, 11], "texture": "#2"},
				"east": {"uv": [12, 3.5, 11, 4.5], "texture": "#2"},
				"south": {"uv": [1.5, 11, 0, 12], "texture": "#2"},
				"west": {"uv": [4.5, 11, 3.5, 12], "texture": "#2"},
				"up": {"uv": [11, 1, 12.5, 0], "texture": "#2"},
				"down": {"uv": [11, 1, 12.5, 2], "texture": "#2"}
			}
		},
		{
			"from": [11, 0.025, 4],
			"to": [12, 8.025, 12],
			"rotation": {"angle": 0, "axis": "y", "origin": [16, 3.025, 7]},
			"faces": {
				"north": {"uv": [5, 9.5, 4.5, 13.5], "texture": "#2"},
				"east": {"uv": [4, 4, 0, 8], "texture": "#2"},
				"south": {"uv": [5.5, 9.5, 5, 13.5], "texture": "#2"},
				"west": {"uv": [4, 0, 0, 4], "texture": "#2"},
				"up": {"uv": [5.5, 13.5, 6, 9.5], "texture": "#2"},
				"down": {"uv": [6, 9.5, 6.5, 13.5], "texture": "#2"}
			}
		}
	],
	"gui_light": "front",
	"display": {
		"thirdperson_righthand": {
			"rotation": [0, 1, 1],
			"translation": [0, 0.25, 1],
			"scale": [0.55, 0.55, 0.55]
		},
		"thirdperson_lefthand": {
			"translation": [0, 0.25, 1],
			"scale": [0.55, 0.55, 0.55]
		},
		"firstperson_righthand": {
			"rotation": [-180, 56.5, 171.5],
			"translation": [1.25, 5, 1.5],
			"scale": [0.5, 0.5, 0.5]
		},
		"firstperson_lefthand": {
			"rotation": [-180, 56.5, 171.5],
			"translation": [1.25, 5, 1.5],
			"scale": [0.5, 0.5, 0.5]
		},
		"ground": {
			"rotation": [-19, 29, 46],
			"translation": [1, 1.75, 1.5],
			"scale": [0.3, 0.3, 0.3]
		},
		"gui": {
			"rotation": [0, 180, 0],
			"translation": [0, 1.75, 2.25],
			"scale": [1.1, 1.1, 1.1]
		},
		"head": {
			"rotation": [0, 0, -0.25],
			"translation": [0.25, 8.25, 0.5],
			"scale": [2, 2, 2]
		},
		"fixed": {
			"translation": [0, 4.75, 2.25],
			"scale": [1.5, 1.5, 1.5]
		}
	},
	"groups": [
		{
			"name": "group",
			"origin": [16, 3.025, 7],
			"color": 0,
			"children": [0, 1, 2, 3, 4, 5, 6, 7, 8, 9, 10, 11, 12, 13, 14, 15]
		}
	]
}