{
	"credit": "Made with Blockbench",
	"texture_size": [64, 64],
	"textures": {
		"2": "item/armor/snow_cloak_wings"
	},
	"elements": [
		{
			"from": [-1.62506, 11.27023, 7],
			"to": [7.37494, 15.27023, 9],
			"rotation": {"angle": -45, "axis": "z", "origin": [4.37494, 14.27023, 8]},
			"faces": {
				"north": {"uv": [0.008, 9.008, 4.492, 10.992], "texture": "#2"},
				"east": {"uv": [10.008, 9.508, 10.992, 11.492], "texture": "#2"},
				"south": {"uv": [4.508, 9.008, 8.992, 10.992], "texture": "#2"},
				"west": {"uv": [11.008, 9.508, 11.992, 11.492], "texture": "#2"},
				"up": {"uv": [8.492, 6.492, 4.008, 5.508], "texture": "#2"},
				"down": {"uv": [8.492, 6.508, 4.008, 7.492], "texture": "#2"}
			}
		},
		{
			"from": [-4.16059, 16.21998, 7.025],
			"to": [0.83941, 19.21998, 8.975],
			"rotation": {"angle": 0, "axis": "y", "origin": [-2.66059, 17.21998, 8]},
			"faces": {
				"north": {"uv": [4.008, 7.508, 6.492, 8.992], "texture": "#2"},
				"east": {"uv": [5.008, 11.008, 5.992, 12.492], "texture": "#2"},
				"south": {"uv": [6.508, 7.508, 8.992, 8.992], "texture": "#2"},
				"west": {"uv": [6.008, 11.008, 6.992, 12.492], "texture": "#2"},
				"up": {"uv": [4.992, 11.992, 2.508, 11.008], "texture": "#2"},
				"down": {"uv": [2.492, 11.008, 0.008, 11.992], "texture": "#2"}
			}
		},
		{
			"from": [-11.02506, 0.62023, 8],
			"to": [8.97494, 11.62023, 8],
			"rotation": {"angle": -45, "axis": "z", "origin": [4.37494, 14.27023, 8]},
			"faces": {
				"north": {"uv": [0.008, 0.008, 9.992, 5.492], "texture": "#2"},
				"east": {"uv": [0.008, 0.008, 0.008, 5.492], "texture": "#2"},
				"south": {"uv": [9.992, 0.008, 0.008, 5.492], "texture": "#2"},
				"west": {"uv": [0.008, 0.008, 0.008, 5.492], "texture": "#2"},
				"up": {"uv": [9.992, 0.008, 0.008, 0.008], "texture": "#2"},
				"down": {"uv": [9.992, 0.008, 0.008, 0.008], "texture": "#2"}
			}
		},
		{
			"from": [-4.02506, -6.37977, 8],
			"to": [2.97488, 0.62023, 8],
			"rotation": {"angle": -45, "axis": "z", "origin": [4.37494, 14.27023, 8]},
			"faces": {
				"north": {"uv": [10.00003, 0.008, 13.492, 3.492], "texture": "#2"},
				"east": {"uv": [0.008, 0.008, 0.008, 3.492], "texture": "#2"},
				"south": {"uv": [10.008, 3.508, 13.49997, 6.992], "texture": "#2"},
				"west": {"uv": [0.008, 0.008, 0.008, 3.492], "texture": "#2"},
				"up": {"uv": [6.492, 0.008, 3.00003, 0.008], "texture": "#2"},
				"down": {"uv": [6.492, 0.008, 3.00003, 0.008], "texture": "#2"}
			}
		},
		{
			"from": [-7.02506, -3.37977, 8],
			"to": [-4.02506, 0.62023, 8],
			"rotation": {"angle": -45, "axis": "z", "origin": [4.37494, 14.27023, 8]},
			"faces": {
				"north": {"uv": [8.508, 5.508, 9.992, 7.492], "texture": "#2"},
				"east": {"uv": [0.008, 0.008, 0.008, 1.992], "texture": "#2"},
				"south": {"uv": [9.008, 7.508, 10.492, 9.492], "texture": "#2"},
				"west": {"uv": [0.008, 0.008, 0.008, 1.992], "texture": "#2"},
				"up": {"uv": [1.492, 0.008, 0.008, 0.008], "texture": "#2"},
				"down": {"uv": [1.492, 0.008, 0.008, 0.008], "texture": "#2"}
			}
		},
		{
			"from": [-15.02506, 4.62023, 8],
			"to": [-11.02506, 11.62023, 8],
			"rotation": {"angle": -45, "axis": "z", "origin": [4.37494, 14.27023, 8]},
			"faces": {
				"north": {"uv": [0.008, 5.508, 1.992, 8.992], "texture": "#2"},
				"east": {"uv": [0.008, 0.008, 0.008, 3.492], "texture": "#2"},
				"south": {"uv": [2.008, 5.508, 3.992, 8.992], "texture": "#2"},
				"west": {"uv": [0.008, 0.008, 0.008, 3.492], "texture": "#2"},
				"up": {"uv": [1.992, 0.008, 0.008, 0.008], "texture": "#2"},
				"down": {"uv": [1.992, 0.008, 0.008, 0.008], "texture": "#2"}
			}
		},
		{
			"from": [-0.55371, 18.14897, 7.575],
			"to": [1.29629, 21.14897, 9.425],
			"rotation": {"angle": 22.5, "axis": "x", "origin": [0.37129, 19.64897, 8.5]},
			"faces": {
				"north": {"uv": [7.008, 11.008, 7.992, 12.492], "texture": "#2"},
				"east": {"uv": [8.008, 11.008, 8.992, 12.492], "texture": "#2"},
				"south": {"uv": [9.008, 11.008, 9.992, 12.492], "texture": "#2"},
				"west": {"uv": [9.008, 9.508, 9.992, 10.992], "texture": "#2"},
				"up": {"uv": [14.492, 8.992, 13.508, 8.008], "texture": "#2"},
				"down": {"uv": [11.492, 8.508, 10.508, 9.492], "texture": "#2"}
			}
		},
		{
			"from": [-0.55371, 18.14897, 6.575],
			"to": [1.29629, 21.14897, 8.425],
			"rotation": {"angle": -22.5, "axis": "x", "origin": [0.37129, 19.64897, 7.5]},
			"faces": {
				"north": {"uv": [7.008, 11.008, 7.992, 12.492], "texture": "#2"},
				"east": {"uv": [8.008, 11.008, 8.992, 12.492], "texture": "#2"},
				"south": {"uv": [9.008, 11.008, 9.992, 12.492], "texture": "#2"},
				"west": {"uv": [9.008, 9.508, 9.992, 10.992], "texture": "#2"},
				"up": {"uv": [14.492, 8.992, 13.508, 8.008], "texture": "#2"},
				"down": {"uv": [11.492, 8.508, 10.508, 9.492], "texture": "#2"}
			}
		},
		{
			"from": [-3.55371, 16.97397, 6],
			"to": [-1.70371, 18.82397, 9],
			"rotation": {"angle": 45, "axis": "x", "origin": [-2.62871, 17.89897, 7.5]},
			"faces": {
				"north": {"uv": [13.508, 8.008, 14.492, 8.992], "texture": "#2"},
				"east": {"uv": [8.008, 11.008, 8.992, 12.492], "rotation": 90, "texture": "#2"},
				"south": {"uv": [10.508, 8.508, 11.492, 9.492], "texture": "#2"},
				"west": {"uv": [9.008, 9.508, 9.992, 10.992], "rotation": 270, "texture": "#2"},
				"up": {"uv": [9.992, 12.492, 9.008, 11.008], "texture": "#2"},
				"down": {"uv": [7.992, 11.008, 7.008, 12.492], "rotation": 180, "texture": "#2"}
			}
		},
		{
			"from": [2.94629, 11.72397, 5.5],
			"to": [4.79629, 13.57397, 8.5],
			"rotation": {"angle": -45, "axis": "x", "origin": [3.87129, 12.64897, 7]},
			"faces": {
				"north": {"uv": [13.508, 8.008, 14.492, 8.992], "texture": "#2"},
				"east": {"uv": [8.008, 11.008, 8.992, 12.492], "rotation": 90, "texture": "#2"},
				"south": {"uv": [10.508, 8.508, 11.492, 9.492], "texture": "#2"},
				"west": {"uv": [9.008, 9.508, 9.992, 10.992], "texture": "#2"},
				"up": {"uv": [9.992, 12.492, 9.008, 11.008], "rotation": 180, "texture": "#2"},
				"down": {"uv": [7.992, 11.008, 7.008, 12.492], "texture": "#2"}
			}
		},
		{
			"from": [2.94629, 11.72397, 7.5],
			"to": [4.79629, 13.57397, 10.5],
			"rotation": {"angle": 45, "axis": "x", "origin": [3.87129, 12.64897, 9]},
			"faces": {
				"north": {"uv": [10.508, 7.508, 11.492, 8.492], "texture": "#2"},
				"east": {"uv": [9.008, 11.008, 9.992, 12.492], "rotation": 270, "texture": "#2"},
				"south": {"uv": [13.008, 7.008, 13.992, 7.992], "texture": "#2"},
				"west": {"uv": [9.008, 11.008, 9.992, 12.492], "rotation": 90, "texture": "#2"},
				"up": {"uv": [12.492, 9.492, 11.508, 8.008], "texture": "#2"},
				"down": {"uv": [13.492, 8.008, 12.508, 9.492], "texture": "#2"}
			}
		},
		{
			"from": [-3.55371, 16.97397, 7],
			"to": [-1.70371, 18.82397, 10],
			"rotation": {"angle": -45, "axis": "x", "origin": [-2.62871, 17.89897, 8.5]},
			"faces": {
				"north": {"uv": [10.508, 7.508, 11.492, 8.492], "texture": "#2"},
				"east": {"uv": [9.008, 11.008, 9.992, 12.492], "rotation": 270, "texture": "#2"},
				"south": {"uv": [13.008, 7.008, 13.992, 7.992], "texture": "#2"},
				"west": {"uv": [9.008, 11.008, 9.992, 12.492], "rotation": 90, "texture": "#2"},
				"up": {"uv": [12.492, 9.492, 11.508, 8.008], "texture": "#2"},
				"down": {"uv": [13.492, 8.008, 12.508, 9.492], "texture": "#2"}
			}
		},
		{
			"from": [-0.33581, 17.34269, 7.075],
			"to": [2.66419, 19.19269, 8.925],
			"rotation": {"angle": 45, "axis": "z", "origin": [0.18617, 19.62255, 8]},
			"faces": {
				"north": {"uv": [7.008, 11.008, 7.992, 12.492], "rotation": 270, "texture": "#2"},
				"east": {"uv": [13.508, 8.008, 14.492, 8.992], "rotation": 270, "texture": "#2"},
				"south": {"uv": [9.008, 11.008, 9.992, 12.492], "rotation": 90, "texture": "#2"},
				"west": {"uv": [10.508, 8.508, 11.492, 9.492], "texture": "#2"},
				"up": {"uv": [9.992, 10.992, 9.008, 9.508], "rotation": 270, "texture": "#2"},
				"down": {"uv": [8.992, 11.008, 8.008, 12.492], "rotation": 90, "texture": "#2"}
			}
		},
		{
			"from": [4.6534, 12.86344, 7.075],
			"to": [6.5034, 15.86344, 8.925],
			"rotation": {"angle": -22.5, "axis": "z", "origin": [6.0784, 15.11344, 8]},
			"faces": {
				"north": {"uv": [7.008, 11.008, 7.992, 12.492], "texture": "#2"},
				"east": {"uv": [8.008, 11.008, 8.992, 12.492], "texture": "#2"},
				"south": {"uv": [9.008, 11.008, 9.992, 12.492], "texture": "#2"},
				"west": {"uv": [9.008, 9.508, 9.992, 10.992], "texture": "#2"},
				"up": {"uv": [14.492, 8.992, 13.508, 8.008], "texture": "#2"},
				"down": {"uv": [11.492, 8.508, 10.508, 9.492], "texture": "#2"}
			}
		},
		{
			"from": [-2.01081, 18.76769, 7.075],
			"to": [-0.16081, 21.76769, 8.925],
			"rotation": {"angle": 45, "axis": "z", "origin": [0.18617, 19.62255, 8]},
			"faces": {
				"north": {"uv": [7.008, 11.008, 7.992, 12.492], "texture": "#2"},
				"east": {"uv": [8.008, 11.008, 8.992, 12.492], "texture": "#2"},
				"south": {"uv": [9.008, 11.008, 9.992, 12.492], "texture": "#2"},
				"west": {"uv": [9.008, 9.508, 9.992, 10.992], "texture": "#2"},
				"up": {"uv": [14.492, 8.992, 13.508, 8.008], "texture": "#2"},
				"down": {"uv": [11.492, 8.508, 10.508, 9.492], "texture": "#2"}
			}
		},
		{
			"from": [8.62506, 11.27023, 7],
			"to": [17.62506, 15.27023, 9],
			"rotation": {"angle": 45, "axis": "z", "origin": [11.62506, 14.27023, 8]},
			"faces": {
				"north": {"uv": [4.492, 9.008, 0.008, 10.992], "texture": "#2"},
				"east": {"uv": [11.992, 9.508, 11.008, 11.492], "texture": "#2"},
				"south": {"uv": [8.992, 9.008, 4.508, 10.992], "texture": "#2"},
				"west": {"uv": [10.992, 9.508, 10.008, 11.492], "texture": "#2"},
				"up": {"uv": [4.008, 6.492, 8.492, 5.508], "texture": "#2"},
				"down": {"uv": [4.008, 6.508, 8.492, 7.492], "texture": "#2"}
			}
		},
		{
			"from": [15.16059, 16.21998, 7.025],
			"to": [20.16059, 19.21998, 8.975],
			"rotation": {"angle": 0, "axis": "y", "origin": [18.66059, 17.21998, 8]},
			"faces": {
				"north": {"uv": [6.492, 7.508, 4.008, 8.992], "texture": "#2"},
				"east": {"uv": [6.992, 11.008, 6.008, 12.492], "texture": "#2"},
				"south": {"uv": [8.992, 7.508, 6.508, 8.992], "texture": "#2"},
				"west": {"uv": [5.992, 11.008, 5.008, 12.492], "texture": "#2"},
				"up": {"uv": [2.508, 11.992, 4.992, 11.008], "texture": "#2"},
				"down": {"uv": [0.008, 11.008, 2.492, 11.992], "texture": "#2"}
			}
		},
		{
			"from": [7.02506, 0.62023, 8],
			"to": [27.02506, 11.62023, 8],
			"rotation": {"angle": 45, "axis": "z", "origin": [11.62506, 14.27023, 8]},
			"faces": {
				"north": {"uv": [9.992, 0.008, 0.008, 5.492], "texture": "#2"},
				"east": {"uv": [0.008, 0.008, 0.008, 5.492], "texture": "#2"},
				"south": {"uv": [0.008, 0.008, 9.992, 5.492], "texture": "#2"},
				"west": {"uv": [0.008, 0.008, 0.008, 5.492], "texture": "#2"},
				"up": {"uv": [0.008, 0.008, 9.992, 0.008], "texture": "#2"},
				"down": {"uv": [0.008, 0.008, 9.992, 0.008], "texture": "#2"}
			}
		},
		{
			"from": [13.02512, -6.37977, 8],
			"to": [20.02506, 0.62023, 8],
			"rotation": {"angle": 45, "axis": "z", "origin": [11.62506, 14.27023, 8]},
			"faces": {
				"north": {"uv": [13.492, 0.008, 10.00003, 3.492], "texture": "#2"},
				"east": {"uv": [0.008, 0.008, 0.008, 3.492], "texture": "#2"},
				"south": {"uv": [13.49997, 3.508, 10.008, 6.992], "texture": "#2"},
				"west": {"uv": [0.008, 0.008, 0.008, 3.492], "texture": "#2"},
				"up": {"uv": [3.00003, 0.008, 6.492, 0.008], "texture": "#2"},
				"down": {"uv": [3.00003, 0.008, 6.492, 0.008], "texture": "#2"}
			}
		},
		{
			"from": [20.02506, -3.37977, 8],
			"to": [23.02506, 0.62023, 8],
			"rotation": {"angle": 45, "axis": "z", "origin": [11.62506, 14.27023, 8]},
			"faces": {
				"north": {"uv": [9.992, 5.508, 8.508, 7.492], "texture": "#2"},
				"east": {"uv": [0.008, 0.008, 0.008, 1.992], "texture": "#2"},
				"south": {"uv": [10.492, 7.508, 9.008, 9.492], "texture": "#2"},
				"west": {"uv": [0.008, 0.008, 0.008, 1.992], "texture": "#2"},
				"up": {"uv": [0.008, 0.008, 1.492, 0.008], "texture": "#2"},
				"down": {"uv": [0.008, 0.008, 1.492, 0.008], "texture": "#2"}
			}
		},
		{
			"from": [27.02506, 4.62023, 8],
			"to": [31.02506, 11.62023, 8],
			"rotation": {"angle": 45, "axis": "z", "origin": [11.62506, 14.27023, 8]},
			"faces": {
				"north": {"uv": [1.992, 5.508, 0.008, 8.992], "texture": "#2"},
				"east": {"uv": [0.008, 0.008, 0.008, 3.492], "texture": "#2"},
				"south": {"uv": [3.992, 5.508, 2.008, 8.992], "texture": "#2"},
				"west": {"uv": [0.008, 0.008, 0.008, 3.492], "texture": "#2"},
				"up": {"uv": [0.008, 0.008, 1.992, 0.008], "texture": "#2"},
				"down": {"uv": [0.008, 0.008, 1.992, 0.008], "texture": "#2"}
			}
		},
		{
			"from": [14.70371, 18.14897, 7.575],
			"to": [16.55371, 21.14897, 9.425],
			"rotation": {"angle": 22.5, "axis": "x", "origin": [15.62871, 19.64897, 8.5]},
			"faces": {
				"north": {"uv": [7.992, 11.008, 7.008, 12.492], "texture": "#2"},
				"east": {"uv": [9.992, 9.508, 9.008, 10.992], "texture": "#2"},
				"south": {"uv": [9.992, 11.008, 9.008, 12.492], "texture": "#2"},
				"west": {"uv": [8.992, 11.008, 8.008, 12.492], "texture": "#2"},
				"up": {"uv": [13.508, 8.992, 14.492, 8.008], "texture": "#2"},
				"down": {"uv": [10.508, 8.508, 11.492, 9.492], "texture": "#2"}
			}
		},
		{
			"from": [14.70371, 18.14897, 6.575],
			"to": [16.55371, 21.14897, 8.425],
			"rotation": {"angle": -22.5, "axis": "x", "origin": [15.62871, 19.64897, 7.5]},
			"faces": {
				"north": {"uv": [7.992, 11.008, 7.008, 12.492], "texture": "#2"},
				"east": {"uv": [9.992, 9.508, 9.008, 10.992], "texture": "#2"},
				"south": {"uv": [9.992, 11.008, 9.008, 12.492], "texture": "#2"},
				"west": {"uv": [8.992, 11.008, 8.008, 12.492], "texture": "#2"},
				"up": {"uv": [13.508, 8.992, 14.492, 8.008], "texture": "#2"},
				"down": {"uv": [10.508, 8.508, 11.492, 9.492], "texture": "#2"}
			}
		},
		{
			"from": [17.70371, 16.97397, 6],
			"to": [19.55371, 18.82397, 9],
			"rotation": {"angle": 45, "axis": "x", "origin": [18.62871, 17.89897, 7.5]},
			"faces": {
				"north": {"uv": [14.492, 8.008, 13.508, 8.992], "texture": "#2"},
				"east": {"uv": [9.008, 10.992, 9.992, 9.508], "rotation": 270, "texture": "#2"},
				"south": {"uv": [11.492, 8.508, 10.508, 9.492], "texture": "#2"},
				"west": {"uv": [8.008, 12.492, 8.992, 11.008], "rotation": 90, "texture": "#2"},
				"up": {"uv": [9.008, 12.492, 9.992, 11.008], "texture": "#2"},
				"down": {"uv": [7.008, 11.008, 7.992, 12.492], "rotation": 180, "texture": "#2"}
			}
		},
		{
			"from": [11.20371, 11.72397, 5.5],
			"to": [13.05371, 13.57397, 8.5],
			"rotation": {"angle": -45, "axis": "x", "origin": [12.12871, 12.64897, 7]},
			"faces": {
				"north": {"uv": [14.492, 8.008, 13.508, 8.992], "texture": "#2"},
				"east": {"uv": [9.992, 9.508, 9.008, 10.992], "texture": "#2"},
				"south": {"uv": [11.492, 8.508, 10.508, 9.492], "texture": "#2"},
				"west": {"uv": [8.008, 12.492, 8.992, 11.008], "rotation": 90, "texture": "#2"},
				"up": {"uv": [9.008, 12.492, 9.992, 11.008], "rotation": 180, "texture": "#2"},
				"down": {"uv": [7.008, 11.008, 7.992, 12.492], "texture": "#2"}
			}
		},
		{
			"from": [11.20371, 11.72397, 7.5],
			"to": [13.05371, 13.57397, 10.5],
			"rotation": {"angle": 45, "axis": "x", "origin": [12.12871, 12.64897, 9]},
			"faces": {
				"north": {"uv": [11.492, 7.508, 10.508, 8.492], "texture": "#2"},
				"east": {"uv": [9.008, 12.492, 9.992, 11.008], "rotation": 90, "texture": "#2"},
				"south": {"uv": [13.992, 7.008, 13.008, 7.992], "texture": "#2"},
				"west": {"uv": [9.008, 12.492, 9.992, 11.008], "rotation": 270, "texture": "#2"},
				"up": {"uv": [11.508, 9.492, 12.492, 8.008], "texture": "#2"},
				"down": {"uv": [12.508, 8.008, 13.492, 9.492], "texture": "#2"}
			}
		},
		{
			"from": [17.70371, 16.97397, 7],
			"to": [19.55371, 18.82397, 10],
			"rotation": {"angle": -45, "axis": "x", "origin": [18.62871, 17.89897, 8.5]},
			"faces": {
				"north": {"uv": [11.492, 7.508, 10.508, 8.492], "texture": "#2"},
				"east": {"uv": [9.008, 12.492, 9.992, 11.008], "rotation": 90, "texture": "#2"},
				"south": {"uv": [13.992, 7.008, 13.008, 7.992], "texture": "#2"},
				"west": {"uv": [9.008, 12.492, 9.992, 11.008], "rotation": 270, "texture": "#2"},
				"up": {"uv": [11.508, 9.492, 12.492, 8.008], "texture": "#2"},
				"down": {"uv": [12.508, 8.008, 13.492, 9.492], "texture": "#2"}
			}
		},
		{
			"from": [13.33581, 17.34269, 7.075],
			"to": [16.33581, 19.19269, 8.925],
			"rotation": {"angle": -45, "axis": "z", "origin": [15.81383, 19.62255, 8]},
			"faces": {
				"north": {"uv": [7.008, 12.492, 7.992, 11.008], "rotation": 270, "texture": "#2"},
				"east": {"uv": [11.492, 8.508, 10.508, 9.492], "texture": "#2"},
				"south": {"uv": [9.008, 12.492, 9.992, 11.008], "rotation": 90, "texture": "#2"},
				"west": {"uv": [13.508, 8.992, 14.492, 8.008], "rotation": 270, "texture": "#2"},
				"up": {"uv": [9.992, 9.508, 9.008, 10.992], "rotation": 270, "texture": "#2"},
				"down": {"uv": [8.992, 12.492, 8.008, 11.008], "rotation": 90, "texture": "#2"}
			}
		},
		{
			"from": [9.4966, 12.86344, 7.075],
			"to": [11.3466, 15.86344, 8.925],
			"rotation": {"angle": 22.5, "axis": "z", "origin": [9.9216, 15.11344, 8]},
			"faces": {
				"north": {"uv": [7.992, 11.008, 7.008, 12.492], "texture": "#2"},
				"east": {"uv": [9.992, 9.508, 9.008, 10.992], "texture": "#2"},
				"south": {"uv": [9.992, 11.008, 9.008, 12.492], "texture": "#2"},
				"west": {"uv": [8.992, 11.008, 8.008, 12.492], "texture": "#2"},
				"up": {"uv": [13.508, 8.992, 14.492, 8.008], "texture": "#2"},
				"down": {"uv": [10.508, 8.508, 11.492, 9.492], "texture": "#2"}
			}
		},
		{
			"from": [16.16081, 18.76769, 7.075],
			"to": [18.01081, 21.76769, 8.925],
			"rotation": {"angle": -45, "axis": "z", "origin": [15.81383, 19.62255, 8]},
			"faces": {
				"north": {"uv": [7.992, 11.008, 7.008, 12.492], "texture": "#2"},
				"east": {"uv": [9.992, 9.508, 9.008, 10.992], "texture": "#2"},
				"south": {"uv": [9.992, 11.008, 9.008, 12.492], "texture": "#2"},
				"west": {"uv": [8.992, 11.008, 8.008, 12.492], "texture": "#2"},
				"up": {"uv": [13.508, 8.992, 14.492, 8.008], "texture": "#2"},
				"down": {"uv": [10.508, 8.508, 11.492, 9.492], "texture": "#2"}
			}
		}
	],
	"display": {
		"thirdperson_righthand": {
			"translation": [0, -3.25, 0],
			"scale": [0.3, 0.3, 0.3]
		},
		"thirdperson_lefthand": {
			"rotation": [70, 0, 0],
			"translation": [-6, -8.75, 3]
		},
		"firstperson_righthand": {
			"rotation": [0, 16.25, 0],
			"translation": [1, 0.5, 1.75],
			"scale": [0.3, 0.3, 0.3]
		},
		"firstperson_lefthand": {
			"rotation": [0, 16.25, 0],
			"translation": [1, -4.75, 1.75],
			"scale": [0, 0, 0]
		},
		"ground": {
			"rotation": [-67.25, 5.97, -8.94],
			"scale": [0.2, 0.2, 0.2]
		},
		"gui": {
			"translation": [0, -1.5, 0],
			"scale": [0.4, 0.4, 0.4]
		},
		"head": {
			"translation": [0, -19.75, 3.25],
			"scale": [1.5, 1.5, 1.5]
		}
	},
	"groups": [
		{
			"name": "group",
			"origin": [4.85403, 15.73882, 1],
			"color": 0,
			"children": [0, 1, 2, 3, 4, 5, 6, 7, 8, 9, 10, 11, 12, 13, 14, 15, 16, 17, 18, 19, 20, 21, 22, 23, 24, 25, 26, 27, 28, 29]
		}
	]
}